E_fault_final,E_fault_int,E_fault_max,E_floor_final,E_floor_max,N,bit_class,class,d1_first,d1_max_A,d1_max_F,d2_first,d2_max_A,d2_max_F,d3_first,d4_first_F,detect,detected_by,dt,fi_bit,fi_level,fi_rank,fi_step,fi_target,field,hyb_block_err_max_A,hyb_block_err_max_F,hybrid,iters_delta_max,kernel,kmax,kmin,mean_cg_iters_A,n_steps,nprocs,reproject_bc,rhocmax,rhocmin,run_id,scatter,seed,sigma,solve_ms_A,solve_ms_B,solve_ms_F,spread_at_max,spread_final,status,step_at_max,tag,target_on_boundary,thr
1.598293e-16,2.367080e-18,1.693756e-16,0.000000e+00,0.000000e+00,32,mant_lo,benign,-1,1.276e-16,1.255e-16,-1,9.805e-09,9.805e-09,-1,-1,1,none,5.000e-04,5,1,0,4,17162,ln32_s0.5_seed1,0.000e+00,0.000e+00,0,0,fast,5.27301,0.129925,16.48,40,1,0,1,1,ln32_s0.5_seed1_L1_mant_lo_b5_S4_t0,colored,1,0.5,1177.810,1116.691,1149.181,0.3032,0.4708,ok,15,e,0,1.000e-13
1.603761e-16,2.068599e-18,1.666673e-16,0.000000e+00,0.000000e+00,32,mant_lo,benign,-1,1.276e-16,1.232e-16,-1,9.805e-09,9.805e-09,-1,-1,1,none,5.000e-04,5,1,0,4,31443,ln32_s0.5_seed1,0.000e+00,0.000e+00,0,0,fast,5.27301,0.129925,16.48,40,1,0,1,1,ln32_s0.5_seed1_L1_mant_lo_b5_S4_t1,colored,1,0.5,1129.448,1095.843,1074.261,0.2992,0.4308,ok,15,e,0,1.000e-13
1.578008e-16,2.373240e-18,1.696855e-16,0.000000e+00,0.000000e+00,32,mant_lo,benign,-1,1.276e-16,1.369e-16,-1,9.805e-09,9.805e-09,-1,-1,1,none,5.000e-04,5,1,0,4,12949,ln32_s0.5_seed1,0.000e+00,0.000e+00,0,0,fast,5.27301,0.129925,16.48,40,1,0,1,1,ln32_s0.5_seed1_L1_mant_lo_b5_S4_t2,colored,1,0.5,1226.864,1127.988,1156.413,0.3565,0.4275,ok,20,e,0,1.000e-13
1.587684e-16,1.116924e-18,1.619497e-16,0.000000e+00,0.000000e+00,32,mant_lo,benign,-1,1.276e-16,1.232e-16,-1,9.805e-09,9.805e-09,-1,-1,1,none,5.000e-04,5,1,0,20,17162,ln32_s0.5_seed1,0.000e+00,0.000e+00,0,0,fast,5.27301,0.129925,16.48,40,1,0,1,1,ln32_s0.5_seed1_L1_mant_lo_b5_S20_t0,colored,1,0.5,1126.743,1186.301,1235.691,0.4260,0.4299,ok,30,e,0,1.000e-13
1.545299e-16,8.083652e-19,1.593509e-16,0.000000e+00,0.000000e+00,32,mant_lo,benign,-1,1.276e-16,1.102e-16,-1,9.805e-09,9.805e-09,-1,-1,1,none,5.000e-04,5,1,0,20,31443,ln32_s0.5_seed1,0.000e+00,0.000e+00,0,0,fast,5.27301,0.129925,16.48,40,1,0,1,1,ln32_s0.5_seed1_L1_mant_lo_b5_S20_t1,colored,1,0.5,1211.837,1199.320,1131.589,0.4055,0.4256,ok,35,e,0,1.000e-13
1.568834e-16,1.094343e-18,1.571581e-16,0.000000e+00,0.000000e+00,32,mant_lo,benign,-1,1.276e-16,1.210e-16,-1,9.805e-09,9.805e-09,-1,-1,1,none,5.000e-04,5,1,0,20,12949,ln32_s0.5_seed1,0.000e+00,0.000e+00,0,0,fast,5.27301,0.129925,16.48,40,1,0,1,1,ln32_s0.5_seed1_L1_mant_lo_b5_S20_t2,colored,1,0.5,1152.066,1177.485,1233.869,0.4290,0.4278,ok,30,e,0,1.000e-13
4.417911e-17,0.000000e+00,4.417911e-17,0.000000e+00,0.000000e+00,32,mant_lo,benign,-1,1.276e-16,1.276e-16,-1,9.805e-09,9.805e-09,-1,-1,1,none,5.000e-04,5,1,0,36,17162,ln32_s0.5_seed1,0.000e+00,0.000e+00,0,0,fast,5.27301,0.129925,16.48,40,1,0,1,1,ln32_s0.5_seed1_L1_mant_lo_b5_S36_t0,colored,1,0.5,1157.075,1123.535,1124.947,0.1765,0.1765,ok,39,e,0,1.000e-13
6.554906e-18,0.000000e+00,6.554906e-18,0.000000e+00,0.000000e+00,32,mant_lo,benign,-1,1.276e-16,1.276e-16,-1,9.805e-09,9.805e-09,-1,-1,1,none,5.000e-04,5,1,0,36,31443,ln32_s0.5_seed1,0.000e+00,0.000e+00,0,0,fast,5.27301,0.129925,16.48,40,1,0,1,1,ln32_s0.5_seed1_L1_mant_lo_b5_S36_t1,colored,1,0.5,1170.150,1223.568,1254.225,0.0401,0.0401,ok,39,e,0,1.000e-13
1.137501e-16,0.000000e+00,1.137501e-16,0.000000e+00,0.000000e+00,32,mant_lo,benign,-1,1.276e-16,1.276e-16,-1,9.805e-09,9.805e-09,-1,-1,1,none,5.000e-04,5,1,0,36,12949,ln32_s0.5_seed1,0.000e+00,0.000e+00,0,0,fast,5.27301,0.129925,16.48,40,1,0,1,1,ln32_s0.5_seed1_L1_mant_lo_b5_S36_t2,colored,1,0.5,1205.309,1184.829,1198.055,0.3255,0.3255,ok,39,e,0,1.000e-13
1.575260e-16,2.390013e-18,1.704732e-16,0.000000e+00,0.000000e+00,32,mant_lo,benign,-1,1.276e-16,1.124e-16,-1,9.805e-09,9.805e-09,-1,-1,1,none,5.000e-04,11,1,0,4,17162,ln32_s0.5_seed1,0.000e+00,0.000e+00,0,0,fast,5.27301,0.129925,16.48,40,1,0,1,1,ln32_s0.5_seed1_L1_mant_lo_b11_S4_t0,colored,1,0.5,1169.103,1182.396,1177.263,0.3088,0.4273,ok,15,e,0,1.000e-13
1.546559e-16,2.078722e-18,1.706021e-16,0.000000e+00,0.000000e+00,32,mant_lo,benign,-1,1.276e-16,1.503e-16,-1,9.805e-09,9.805e-09,-1,-1,1,none,5.000e-04,11,1,0,4,31443,ln32_s0.5_seed1,0.000e+00,0.000e+00,0,0,fast,5.27301,0.129925,16.48,40,1,0,1,1,ln32_s0.5_seed1_L1_mant_lo_b11_S4_t1,colored,1,0.5,1135.590,1142.610,1187.878,0.3029,0.4562,ok,15,e,0,1.000e-13
1.577682e-16,2.456037e-18,1.743763e-16,0.000000e+00,0.000000e+00,32,mant_lo,benign,-1,1.276e-16,1.817e-16,-1,9.805e-09,9.805e-09,-1,-1,1,none,5.000e-04,11,1,0,4,12949,ln32_s0.5_seed1,0.000e+00,0.000e+00,0,0,fast,5.27301,0.129925,16.48,40,1,0,1,1,ln32_s0.5_seed1_L1_mant_lo_b11_S4_t2,colored,1,0.5,1126.252,1113.043,1126.190,0.3000,0.4309,ok,15,e,0,1.000e-13
1.559149e-16,1.151703e-18,1.619731e-16,0.000000e+00,0.000000e+00,32,mant_lo,benign,-1,1.276e-16,1.299e-16,-1,9.805e-09,9.805e-09,-1,-1,1,none,5.000e-04,11,1,0,20,17162,ln32_s0.5_seed1,0.000e+00,0.000e+00,0,0,fast,5.27301,0.129925,16.48,40,1,0,1,1,ln32_s0.5_seed1_L1_mant_lo_b11_S20_t0,colored,1,0.5,1167.674,1237.884,1195.515,0.4259,0.4582,ok,30,e,0,1.000e-13
1.566453e-16,8.680848e-19,1.575532e-16,0.000000e+00,0.000000e+00,32,mant_lo,benign,-1,1.276e-16,1.210e-16,-1,9.805e-09,9.805e-09,-1,-1,1,none,5.000e-04,11,1,0,20,31443,ln32_s0.5_seed1,0.000e+00,0.000e+00,0,0,fast,5.27301,0.129925,16.48,40,1,0,1,1,ln32_s0.5_seed1_L1_mant_lo_b11_S20_t1,colored,1,0.5,1130.102,1130.436,1159.101,0.4472,0.4252,ok,35,e,0,1.000e-13
1.595345e-16,1.213230e-18,1.612813e-16,0.000000e+00,0.000000e+00,32,mant_lo,benign,-1,1.276e-16,1.254e-16,-1,9.805e-09,9.805e-09,-1,-1,1,none,5.000e-04,11,1,0,20,12949,ln32_s0.5_seed1,0.000e+00,0.000e+00,0,0,fast,5.27301,0.129925,16.48,40,1,0,1,1,ln32_s0.5_seed1_L1_mant_lo_b11_S20_t2,colored,1,0.5,1173.902,1114.794,1131.696,0.3542,0.4316,ok,25,e,0,1.000e-13
1.253656e-16,0.000000e+00,1.253656e-16,0.000000e+00,0.000000e+00,32,mant_lo,benign,-1,1.276e-16,1.276e-16,-1,9.805e-09,9.805e-09,-1,-1,1,none,5.000e-04,11,1,0,36,17162,ln32_s0.5_seed1,0.000e+00,0.000e+00,0,0,fast,5.27301,0.129925,16.48,40,1,0,1,1,ln32_s0.5_seed1_L1_mant_lo_b11_S36_t0,colored,1,0.5,1185.255,1136.176,1077.483,0.4227,0.4227,ok,39,e,0,1.000e-13
1.129518e-16,0.000000e+00,1.129518e-16,0.000000e+00,0.000000e+00,32,mant_lo,benign,-1,1.276e-16,1.276e-16,-1,9.805e-09,9.805e-09,-1,-1,1,none,5.000e-04,11,1,0,36,31443,ln32_s0.5_seed1,0.000e+00,0.000e+00,0,0,fast,5.27301,0.129925,16.48,40,1,0,1,1,ln32_s0.5_seed1_L1_mant_lo_b11_S36_t1,colored,1,0.5,1127.291,1247.852,1105.751,0.3841,0.3841,ok,39,e,0,1.000e-13
1.227396e-16,0.000000e+00,1.227396e-16,0.000000e+00,0.000000e+00,32,mant_lo,benign,-1,1.276e-16,1.276e-16,-1,9.805e-09,9.805e-09,-1,-1,1,none,5.000e-04,11,1,0,36,12949,ln32_s0.5_seed1,0.000e+00,0.000e+00,0,0,fast,5.27301,0.129925,16.48,40,1,0,1,1,ln32_s0.5_seed1_L1_mant_lo_b11_S36_t2,colored,1,0.5,1175.636,1230.603,1225.759,0.3843,0.3843,ok,39,e,0,1.000e-13
4.755687e-15,1.816175e-15,5.682531e-13,0.000000e+00,0.000000e+00,32,mant_hi,transient,-1,1.276e-16,1.210e-16,-1,9.805e-09,9.805e-09,-1,-1,1,none,5.000e-04,32,1,0,4,17162,ln32_s0.5_seed1,0.000e+00,0.000e+00,0,0,fast,5.27301,0.129925,16.48,40,1,0,1,1,ln32_s0.5_seed1_L1_mant_hi_b32_S4_t0,colored,1,0.5,1121.545,1236.937,1245.913,0.0225,0.6033,ok,5,e,0,1.000e-13
1.751416e-16,3.840882e-17,1.117942e-14,0.000000e+00,0.000000e+00,32,mant_hi,benign,-1,1.276e-16,1.290e-16,-1,9.805e-09,9.805e-09,-1,-1,1,none,5.000e-04,32,1,0,4,31443,ln32_s0.5_seed1,0.000e+00,0.000e+00,0,0,fast,5.27301,0.129925,16.48,40,1,0,1,1,ln32_s0.5_seed1_L1_mant_hi_b32_S4_t1,colored,1,0.5,1116.686,1152.403,1220.798,0.0202,0.5155,ok,5,e,0,1.000e-13
1.424817e-14,3.827942e-15,1.112444e-12,0.000000e+00,0.000000e+00,32,mant_hi,transient,-1,1.276e-16,1.321e-16,-1,9.805e-09,9.805e-09,-1,-1,1,none,5.000e-04,32,1,0,4,12949,ln32_s0.5_seed1,0.000e+00,0.000e+00,0,0,fast,5.27301,0.129925,16.48,40,1,0,1,1,ln32_s0.5_seed1_L1_mant_hi_b32_S4_t2,colored,1,0.5,1139.560,1157.972,1127.298,0.0258,0.6319,ok,5,e,0,1.000e-13
6.564399e-13,9.522706e-14,3.235466e-11,0.000000e+00,0.000000e+00,32,mant_hi,persistent,-1,1.276e-16,1.996e-16,-1,9.805e-09,9.805e-09,-1,-1,1,none,5.000e-04,32,1,0,20,17162,ln32_s0.5_seed1,0.000e+00,0.000e+00,0,0,fast,5.27301,0.129925,16.48,40,1,0,1,1,ln32_s0.5_seed1_L1_mant_hi_b32_S20_t0,colored,1,0.5,1191.903,1163.186,1156.236,0.0078,0.3490,ok,20,e,0,1.000e-13
6.007166e-14,7.384211e-15,2.367637e-12,0.000000e+00,0.000000e+00,32,mant_hi,transient,-1,1.276e-16,1.124e-16,-1,9.805e-09,9.805e-09,-1,-1,1,none,5.000e-04,32,1,0,20,31443,ln32_s0.5_seed1,0.000e+00,0.000e+00,0,0,fast,5.27301,0.129925,16.48,40,1,0,1,1,ln32_s0.5_seed1_L1_mant_hi_b32_S20_t1,colored,1,0.5,1143.214,1137.763,1094.015,0.0084,0.2216,ok,20,e,0,1.000e-13
1.833719e-12,1.844634e-13,5.907649e-11,0.000000e+00,0.000000e+00,32,mant_hi,persistent,-1,1.276e-16,9.520e-17,-1,9.805e-09,9.805e-09,-1,-1,1,none,5.000e-04,32,1,0,20,12949,ln32_s0.5_seed1,0.000e+00,0.000e+00,0,0,fast,5.27301,0.129925,16.48,40,1,0,1,1,ln32_s0.5_seed1_L1_mant_hi_b32_S20_t2,colored,1,0.5,1118.588,1088.088,1108.751,0.0103,0.3917,ok,20,e,0,1.000e-13
8.635590e-12,0.000000e+00,8.635590e-12,0.000000e+00,0.000000e+00,32,mant_hi,persistent,-1,1.276e-16,1.276e-16,-1,9.805e-09,9.805e-09,-1,-1,1,none,5.000e-04,32,1,0,36,17162,ln32_s0.5_seed1,0.000e+00,0.000e+00,0,0,fast,5.27301,0.129925,16.48,40,1,0,1,1,ln32_s0.5_seed1_L1_mant_hi_b32_S36_t0,colored,1,0.5,1109.242,1145.285,1127.577,0.0556,0.0556,ok,39,e,0,1.000e-13
3.196908e-12,0.000000e+00,3.196908e-12,0.000000e+00,0.000000e+00,32,mant_hi,persistent,-1,1.276e-16,1.276e-16,-1,9.805e-09,9.805e-09,-1,-1,1,none,5.000e-04,32,1,0,36,31443,ln32_s0.5_seed1,0.000e+00,0.000e+00,0,0,fast,5.27301,0.129925,16.48,40,1,0,1,1,ln32_s0.5_seed1_L1_mant_hi_b32_S36_t1,colored,1,0.5,1186.323,1176.976,1177.340,0.0386,0.0386,ok,39,e,0,1.000e-13
1.982954e-11,0.000000e+00,1.982954e-11,0.000000e+00,0.000000e+00,32,mant_hi,persistent,-1,1.276e-16,1.904e-16,-1,9.805e-09,9.805e-09,-1,-1,1,none,5.000e-04,32,1,0,36,12949,ln32_s0.5_seed1,0.000e+00,0.000e+00,0,0,fast,5.27301,0.129925,16.48,40,1,0,1,1,ln32_s0.5_seed1_L1_mant_hi_b32_S36_t2,colored,1,0.5,1142.453,1176.443,1121.246,0.0645,0.0645,ok,39,e,0,1.000e-13
7.778719e-11,2.975590e-11,9.310258e-09,0.000000e+00,0.000000e+00,32,mant_hi,persistent,-1,1.276e-16,1.255e-16,-1,9.805e-09,9.805e-09,-1,-1,1,none,5.000e-04,46,1,0,4,17162,ln32_s0.5_seed1,0.000e+00,0.000e+00,0,0,fast,5.27301,0.129925,16.48,40,1,0,1,1,ln32_s0.5_seed1_L1_mant_hi_b46_S4_t0,colored,1,0.5,1160.880,1153.891,1146.301,0.0225,0.6062,ok,5,e,0,1.000e-13
1.371514e-12,6.199382e-13,1.831629e-10,0.000000e+00,0.000000e+00,32,mant_hi,persistent,-1,1.276e-16,1.232e-16,-1,9.805e-09,9.805e-09,-1,-1,1,none,5.000e-04,46,1,0,4,31443,ln32_s0.5_seed1,0.000e+00,0.000e+00,0,0,fast,5.27301,0.129925,16.48,40,1,0,1,1,ln32_s0.5_seed1_L1_mant_hi_b46_S4_t1,colored,1,0.5,1106.497,1137.885,1106.533,0.0200,0.4281,ok,5,e,0,1.000e-13
2.335594e-10,6.271752e-11,1.822628e-08,0.000000e+00,0.000000e+00,32,mant_hi,persistent,-1,1.276e-16,1.517e-16,-1,9.805e-09,9.805e-09,-1,-1,1,none,5.000e-04,46,1,0,4,12949,ln32_s0.5_seed1,0.000e+00,0.000e+00,0,0,fast,5.27301,0.129925,16.48,40,1,0,1,1,ln32_s0.5_seed1_L1_mant_hi_b46_S4_t2,colored,1,0.5,1105.528,1121.999,1116.129,0.0258,0.6347,ok,5,e,0,1.000e-13
1.075516e-08,1.560200e-09,5.300988e-07,0.000000e+00,0.000000e+00,32,mant_hi,persistent,-1,1.276e-16,1.321e-16,-1,9.805e-09,9.805e-09,-1,-1,1,none,5.000e-04,46,1,0,20,17162,ln32_s0.5_seed1,0.000e+00,0.000e+00,0,0,fast,5.27301,0.129925,16.48,40,1,0,1,1,ln32_s0.5_seed1_L1_mant_hi_b46_S20_t0,colored,1,0.5,1179.427,1107.383,1120.881,0.0078,0.3486,ok,20,e,0,1.000e-13
9.842155e-10,1.209829e-10,3.879137e-08,0.000000e+00,0.000000e+00,32,mant_hi,persistent,-1,1.276e-16,1.188e-16,-1,9.805e-09,9.805e-09,-1,-1,1,none,5.000e-04,46,1,0,20,31443,ln32_s0.5_seed1,0.000e+00,0.000e+00,0,0,fast,5.27301,0.129925,16.48,40,1,0,1,1,ln32_s0.5_seed1_L1_mant_hi_b46_S20_t1,colored,1,0.5,1104.905,1114.284,1108.149,0.0084,0.2056,ok,20,e,0,1.000e-13
3.004362e-08,3.022248e-09,9.679092e-07,0.000000e+00,0.000000e+00,32,mant_hi,persistent,-1,1.276e-16,1.232e-16,-1,9.805e-09,9.805e-09,-1,-1,1,none,5.000e-04,46,1,0,20,12949,ln32_s0.5_seed1,0.000e+00,0.000e+00,0,0,fast,5.27301,0.129925,16.48,40,1,0,1,1,ln32_s0.5_seed1_L1_mant_hi_b46_S20_t2,colored,1,0.5,1130.524,1128.654,1180.826,0.0103,0.3915,ok,20,e,0,1.000e-13
1.414855e-07,0.000000e+00,1.414855e-07,0.000000e+00,0.000000e+00,32,mant_hi,persistent,-1,1.276e-16,1.710e-16,-1,9.805e-09,9.805e-09,-1,-1,1,none,5.000e-04,46,1,0,36,17162,ln32_s0.5_seed1,0.000e+00,0.000e+00,0,0,fast,5.27301,0.129925,16.48,40,1,0,1,1,ln32_s0.5_seed1_L1_mant_hi_b46_S36_t0,colored,1,0.5,1176.787,1153.488,1172.183,0.0556,0.0556,ok,39,e,0,1.000e-13
5.237814e-08,0.000000e+00,5.237814e-08,0.000000e+00,0.000000e+00,32,mant_hi,persistent,-1,1.276e-16,1.276e-16,-1,9.805e-09,9.805e-09,-1,-1,1,none,5.000e-04,46,1,0,36,31443,ln32_s0.5_seed1,0.000e+00,0.000e+00,0,0,fast,5.27301,0.129925,16.48,40,1,0,1,1,ln32_s0.5_seed1_L1_mant_hi_b46_S36_t1,colored,1,0.5,1173.229,1189.072,1187.790,0.0386,0.0386,ok,39,e,0,1.000e-13
3.248872e-07,0.000000e+00,3.248872e-07,0.000000e+00,0.000000e+00,32,mant_hi,persistent,-1,1.276e-16,1.276e-16,-1,9.805e-09,9.805e-09,-1,-1,1,none,5.000e-04,46,1,0,36,12949,ln32_s0.5_seed1,0.000e+00,0.000e+00,0,0,fast,5.27301,0.129925,16.48,40,1,0,1,1,ln32_s0.5_seed1_L1_mant_hi_b46_S36_t2,colored,1,0.5,1139.256,1097.503,1112.959,0.0645,0.0645,ok,39,e,0,1.000e-13
5.021153e-09,1.920740e-09,6.009760e-07,0.000000e+00,0.000000e+00,32,exp,persistent,-1,1.276e-16,2.421e-16,-1,9.805e-09,9.805e-09,-1,-1,1,none,5.000e-04,58,1,0,4,17162,ln32_s0.5_seed1,0.000e+00,0.000e+00,0,0,fast,5.27301,0.129925,16.48,40,1,0,1,1,ln32_s0.5_seed1_L1_exp_b58_S4_t0,colored,1,0.5,1079.091,1096.166,1072.249,0.0225,0.6062,ok,5,e,0,1.000e-13
9.352623e-11,4.227470e-11,1.249020e-08,0.000000e+00,0.000000e+00,32,exp,persistent,-1,1.276e-16,1.232e-16,-1,9.805e-09,9.805e-09,-1,-1,1,none,5.000e-04,58,1,0,4,31443,ln32_s0.5_seed1,0.000e+00,0.000e+00,0,0,fast,5.27301,0.129925,16.48,40,1,0,1,1,ln32_s0.5_seed1_L1_exp_b58_S4_t1,colored,1,0.5,1128.898,1140.879,1124.969,0.0200,0.4282,ok,5,e,0,1.000e-13
2.633680e-08,7.072200e-09,2.055245e-06,0.000000e+00,0.000000e+00,32,exp,persistent,-1,1.276e-16,1.344e-16,-1,9.805e-09,9.805e-09,-1,-1,1,none,5.000e-04,58,1,0,4,12949,ln32_s0.5_seed1,0.000e+00,0.000e+00,0,0,fast,5.27301,0.129925,16.48,40,1,0,1,1,ln32_s0.5_seed1_L1_exp_b58_S4_t2,colored,1,0.5,1143.275,1080.920,1076.827,0.0258,0.6347,ok,5,e,0,1.000e-13
8.281465e-07,1.201353e-07,4.081758e-05,0.000000e+00,0.000000e+00,32,exp,persistent,-1,1.276e-16,1.796e-16,-1,9.805e-09,9.805e-09,-1,-1,1,none,5.000e-04,58,1,0,20,17162,ln32_s0.5_seed1,0.000e+00,0.000e+00,0,0,fast,5.27301,0.129925,16.48,40,1,0,1,1,ln32_s0.5_seed1_L1_exp_b58_S20_t0,colored,1,0.5,1091.458,1126.344,1147.965,0.0078,0.3486,ok,20,e,0,1.000e-13
1.254598e-07,1.542192e-08,4.944808e-06,0.000000e+00,0.000000e+00,32,exp,persistent,-1,1.276e-16,1.081e-16,-1,9.805e-09,9.805e-09,-1,-1,1,none,5.000e-04,58,1,0,20,31443,ln32_s0.5_seed1,0.000e+00,0.000e+00,0,0,fast,5.27301,0.129925,16.48,40,1,0,1,1,ln32_s0.5_seed1_L1_exp_b58_S20_t1,colored,1,0.5,1094.225,1098.541,1086.730,0.0084,0.2056,ok,20,e,0,1.000e-13
2.001302e-06,2.013218e-07,6.447558e-05,0.000000e+00,0.000000e+00,32,exp,persistent,-1,1.276e-16,1.254e-16,-1,9.805e-09,9.805e-09,-1,-1,1,none,5.000e-04,58,1,0,20,12949,ln32_s0.5_seed1,0.000e+00,0.000e+00,0,0,fast,5.27301,0.129925,16.48,40,1,0,1,1,ln32_s0.5_seed1_L1_exp_b58_S20_t2,colored,1,0.5,1174.067,1173.953,1202.679,0.0103,0.3915,ok,20,e,0,1.000e-13
1.780004e-05,0.000000e+00,1.780004e-05,0.000000e+00,0.000000e+00,32,exp,persistent,-1,1.276e-16,1.276e-16,-1,9.805e-09,9.805e-09,-1,-1,1,none,5.000e-04,58,1,0,36,17162,ln32_s0.5_seed1,0.000e+00,0.000e+00,0,0,fast,5.27301,0.129925,16.48,40,1,0,1,1,ln32_s0.5_seed1_L1_exp_b58_S36_t0,colored,1,0.5,1163.228,1170.720,1178.129,0.0556,0.0556,ok,39,e,0,1.000e-13
5.460500e-06,0.000000e+00,5.460500e-06,0.000000e+00,0.000000e+00,32,exp,persistent,-1,1.276e-16,1.276e-16,-1,9.805e-09,9.805e-09,-1,-1,1,none,5.000e-04,58,1,0,36,31443,ln32_s0.5_seed1,0.000e+00,0.000e+00,0,0,fast,5.27301,0.129925,16.48,40,1,0,1,1,ln32_s0.5_seed1_L1_exp_b58_S36_t1,colored,1,0.5,1205.993,1132.854,1134.876,0.0386,0.0386,ok,39,e,0,1.000e-13
3.283823e-05,0.000000e+00,3.283823e-05,0.000000e+00,0.000000e+00,32,exp,persistent,-1,1.276e-16,1.276e-16,-1,9.805e-09,9.805e-09,-1,-1,1,none,5.000e-04,58,1,0,36,12949,ln32_s0.5_seed1,0.000e+00,0.000e+00,0,0,fast,5.27301,0.129925,16.48,40,1,0,1,1,ln32_s0.5_seed1_L1_exp_b58_S36_t2,colored,1,0.5,1122.742,1132.541,1142.726,0.0645,0.0645,ok,39,e,0,1.000e-13
5.021153e-09,1.920740e-09,6.009760e-07,0.000000e+00,0.000000e+00,32,exp,persistent,-1,1.276e-16,2.421e-16,-1,9.805e-09,9.805e-09,-1,-1,1,none,5.000e-04,61,1,0,4,17162,ln32_s0.5_seed1,0.000e+00,0.000e+00,0,0,fast,5.27301,0.129925,16.48,40,1,0,1,1,ln32_s0.5_seed1_L1_exp_b61_S4_t0,colored,1,0.5,1162.221,1147.278,1139.929,0.0225,0.6062,ok,5,e,0,1.000e-13
9.352623e-11,4.227470e-11,1.249020e-08,0.000000e+00,0.000000e+00,32,exp,persistent,-1,1.276e-16,1.232e-16,-1,9.805e-09,9.805e-09,-1,-1,1,none,5.000e-04,61,1,0,4,31443,ln32_s0.5_seed1,0.000e+00,0.000e+00,0,0,fast,5.27301,0.129925,16.48,40,1,0,1,1,ln32_s0.5_seed1_L1_exp_b61_S4_t1,colored,1,0.5,1170.808,1087.889,1204.776,0.0200,0.4282,ok,5,e,0,1.000e-13
2.633680e-08,7.072200e-09,2.055245e-06,0.000000e+00,0.000000e+00,32,exp,persistent,-1,1.276e-16,1.344e-16,-1,9.805e-09,9.805e-09,-1,-1,1,none,5.000e-04,61,1,0,4,12949,ln32_s0.5_seed1,0.000e+00,0.000e+00,0,0,fast,5.27301,0.129925,16.48,40,1,0,1,1,ln32_s0.5_seed1_L1_exp_b61_S4_t2,colored,1,0.5,1106.024,1101.632,1120.066,0.0258,0.6347,ok,5,e,0,1.000e-13
8.281465e-07,1.201353e-07,4.081758e-05,0.000000e+00,0.000000e+00,32,exp,persistent,-1,1.276e-16,1.796e-16,-1,9.805e-09,9.805e-09,-1,-1,1,none,5.000e-04,61,1,0,20,17162,ln32_s0.5_seed1,0.000e+00,0.000e+00,0,0,fast,5.27301,0.129925,16.48,40,1,0,1,1,ln32_s0.5_seed1_L1_exp_b61_S20_t0,colored,1,0.5,1139.611,1146.587,1121.400,0.0078,0.3486,ok,20,e,0,1.000e-13
1.254598e-07,1.542192e-08,4.944808e-06,0.000000e+00,0.000000e+00,32,exp,persistent,-1,1.276e-16,1.081e-16,-1,9.805e-09,9.805e-09,-1,-1,1,none,5.000e-04,61,1,0,20,31443,ln32_s0.5_seed1,0.000e+00,0.000e+00,0,0,fast,5.27301,0.129925,16.48,40,1,0,1,1,ln32_s0.5_seed1_L1_exp_b61_S20_t1,colored,1,0.5,1115.264,1288.539,1263.533,0.0084,0.2056,ok,20,e,0,1.000e-13
2.001302e-06,2.013218e-07,6.447558e-05,0.000000e+00,0.000000e+00,32,exp,persistent,-1,1.276e-16,1.254e-16,-1,9.805e-09,9.805e-09,-1,-1,1,none,5.000e-04,61,1,0,20,12949,ln32_s0.5_seed1,0.000e+00,0.000e+00,0,0,fast,5.27301,0.129925,16.48,40,1,0,1,1,ln32_s0.5_seed1_L1_exp_b61_S20_t2,colored,1,0.5,1145.476,1120.576,1129.047,0.0103,0.3915,ok,20,e,0,1.000e-13
1.780004e-05,0.000000e+00,1.780004e-05,0.000000e+00,0.000000e+00,32,exp,persistent,-1,1.276e-16,1.276e-16,-1,9.805e-09,9.805e-09,-1,-1,1,none,5.000e-04,61,1,0,36,17162,ln32_s0.5_seed1,0.000e+00,0.000e+00,0,0,fast,5.27301,0.129925,16.48,40,1,0,1,1,ln32_s0.5_seed1_L1_exp_b61_S36_t0,colored,1,0.5,1161.952,1194.070,1116.382,0.0556,0.0556,ok,39,e,0,1.000e-13
5.460500e-06,0.000000e+00,5.460500e-06,0.000000e+00,0.000000e+00,32,exp,persistent,-1,1.276e-16,1.276e-16,-1,9.805e-09,9.805e-09,-1,-1,1,none,5.000e-04,61,1,0,36,31443,ln32_s0.5_seed1,0.000e+00,0.000e+00,0,0,fast,5.27301,0.129925,16.48,40,1,0,1,1,ln32_s0.5_seed1_L1_exp_b61_S36_t1,colored,1,0.5,1100.951,1118.590,1167.412,0.0386,0.0386,ok,39,e,0,1.000e-13
3.283823e-05,0.000000e+00,3.283823e-05,0.000000e+00,0.000000e+00,32,exp,persistent,-1,1.276e-16,1.276e-16,-1,9.805e-09,9.805e-09,-1,-1,1,none,5.000e-04,61,1,0,36,12949,ln32_s0.5_seed1,0.000e+00,0.000e+00,0,0,fast,5.27301,0.129925,16.48,40,1,0,1,1,ln32_s0.5_seed1_L1_exp_b61_S36_t2,colored,1,0.5,1120.334,1149.921,1178.199,0.0645,0.0645,ok,39,e,0,1.000e-13
1.004231e-08,3.841480e-09,1.201952e-06,0.000000e+00,0.000000e+00,32,sign,persistent,-1,1.276e-16,1.577e-16,-1,9.805e-09,9.805e-09,-1,-1,1,none,5.000e-04,63,1,0,4,17162,ln32_s0.5_seed1,0.000e+00,0.000e+00,0,0,fast,5.27301,0.129925,16.48,40,1,0,1,1,ln32_s0.5_seed1_L1_sign_b63_S4_t0,colored,1,0.5,1164.947,1106.368,1122.300,0.0225,0.6062,ok,5,e,0,1.000e-13
1.870525e-10,8.454940e-11,2.498041e-08,0.000000e+00,0.000000e+00,32,sign,persistent,-1,1.276e-16,1.376e-16,-1,9.805e-09,9.805e-09,-1,-1,1,none,5.000e-04,63,1,0,4,31443,ln32_s0.5_seed1,0.000e+00,0.000e+00,0,0,fast,5.27301,0.129925,16.48,40,1,0,1,1,ln32_s0.5_seed1_L1_sign_b63_S4_t1,colored,1,0.5,1101.754,1126.090,1125.846,0.0200,0.4283,ok,5,e,0,1.000e-13
5.267360e-08,1.414440e-08,4.110490e-06,0.000000e+00,0.000000e+00,32,sign,persistent,-1,1.276e-16,1.328e-16,-1,9.805e-09,9.805e-09,-1,-1,1,none,5.000e-04,63,1,0,4,12949,ln32_s0.5_seed1,0.000e+00,0.000e+00,0,0,fast,5.27301,0.129925,16.48,40,1,0,1,1,ln32_s0.5_seed1_L1_sign_b63_S4_t2,colored,1,0.5,1108.359,1172.196,1194.317,0.0258,0.6347,ok,5,e,0,1.000e-13
1.656292e-06,2.402707e-07,8.163515e-05,0.000000e+00,0.000000e+00,32,sign,persistent,-1,1.276e-16,1.933e-16,-1,9.805e-09,9.805e-09,-1,-1,1,none,5.000e-04,63,1,0,20,17162,ln32_s0.5_seed1,0.000e+00,0.000e+00,0,0,fast,5.27301,0.129925,16.48,40,1,0,1,1,ln32_s0.5_seed1_L1_sign_b63_S20_t0,colored,1,0.5,1185.814,1297.747,1156.266,0.0078,0.3486,ok,20,e,0,1.000e-13
2.509196e-07,3.084384e-08,9.889616e-06,0.000000e+00,0.000000e+00,32,sign,persistent,-1,1.276e-16,1.188e-16,-1,9.805e-09,9.805e-09,-1,-1,1,none,5.000e-04,63,1,0,20,31443,ln32_s0.5_seed1,0.000e+00,0.000e+00,0,0,fast,5.27301,0.129925,16.48,40,1,0,1,1,ln32_s0.5_seed1_L1_sign_b63_S20_t1,colored,1,0.5,1205.723,1217.805,1222.039,0.0084,0.2056,ok,20,e,0,1.000e-13
4.002602e-06,4.026435e-07,1.289512e-04,0.000000e+00,0.000000e+00,32,sign,persistent,-1,1.276e-16,1.737e-16,-1,9.805e-09,9.805e-09,-1,-1,1,none,5.000e-04,63,1,0,20,12949,ln32_s0.5_seed1,0.000e+00,0.000e+00,0,0,fast,5.27301,0.129925,16.48,40,1,0,1,1,ln32_s0.5_seed1_L1_sign_b63_S20_t2,colored,1,0.5,1180.527,1263.093,1294.475,0.0103,0.3915,ok,20,e,0,1.000e-13
3.560008e-05,0.000000e+00,3.560008e-05,0.000000e+00,0.000000e+00,32,sign,persistent,-1,1.276e-16,1.276e-16,-1,9.805e-09,9.805e-09,-1,-1,1,none,5.000e-04,63,1,0,36,17162,ln32_s0.5_seed1,0.000e+00,0.000e+00,0,0,fast,5.27301,0.129925,16.48,40,1,0,1,1,ln32_s0.5_seed1_L1_sign_b63_S36_t0,colored,1,0.5,1193.221,1147.877,1150.810,0.0556,0.0556,ok,39,e,0,1.000e-13
1.092100e-05,0.000000e+00,1.092100e-05,0.000000e+00,0.000000e+00,32,sign,persistent,-1,1.276e-16,1.276e-16,-1,9.805e-09,9.805e-09,-1,-1,1,none,5.000e-04,63,1,0,36,31443,ln32_s0.5_seed1,0.000e+00,0.000e+00,0,0,fast,5.27301,0.129925,16.48,40,1,0,1,1,ln32_s0.5_seed1_L1_sign_b63_S36_t1,colored,1,0.5,1269.096,1233.792,1189.136,0.0386,0.0386,ok,39,e,0,1.000e-13
6.567646e-05,0.000000e+00,6.567646e-05,0.000000e+00,0.000000e+00,32,sign,persistent,-1,1.276e-16,1.414e-16,-1,9.805e-09,9.805e-09,-1,-1,1,none,5.000e-04,63,1,0,36,12949,ln32_s0.5_seed1,0.000e+00,0.000e+00,0,0,fast,5.27301,0.129925,16.48,40,1,0,1,1,ln32_s0.5_seed1_L1_sign_b63_S36_t2,colored,1,0.5,1206.180,1239.654,1233.235,0.0645,0.0645,ok,39,e,0,1.000e-13
1.004231e-08,3.841480e-09,1.201952e-06,0.000000e+00,0.000000e+00,32,sign,persistent,-1,1.276e-16,1.577e-16,-1,9.805e-09,9.805e-09,-1,-1,1,none,5.000e-04,63,1,0,4,17162,ln32_s0.5_seed1,0.000e+00,0.000e+00,0,0,fast,5.27301,0.129925,16.48,40,1,0,1,1,ln32_s0.5_seed1_L1_sign_b63_S4_t0,colored,1,0.5,1330.076,1325.395,1286.738,0.0225,0.6062,ok,5,e,0,1.000e-13
1.870525e-10,8.454940e-11,2.498041e-08,0.000000e+00,0.000000e+00,32,sign,persistent,-1,1.276e-16,1.376e-16,-1,9.805e-09,9.805e-09,-1,-1,1,none,5.000e-04,63,1,0,4,31443,ln32_s0.5_seed1,0.000e+00,0.000e+00,0,0,fast,5.27301,0.129925,16.48,40,1,0,1,1,ln32_s0.5_seed1_L1_sign_b63_S4_t1,colored,1,0.5,1386.030,1373.507,1368.964,0.0200,0.4283,ok,5,e,0,1.000e-13
5.267360e-08,1.414440e-08,4.110490e-06,0.000000e+00,0.000000e+00,32,sign,persistent,-1,1.276e-16,1.328e-16,-1,9.805e-09,9.805e-09,-1,-1,1,none,5.000e-04,63,1,0,4,12949,ln32_s0.5_seed1,0.000e+00,0.000e+00,0,0,fast,5.27301,0.129925,16.48,40,1,0,1,1,ln32_s0.5_seed1_L1_sign_b63_S4_t2,colored,1,0.5,1354.994,1372.156,1464.220,0.0258,0.6347,ok,5,e,0,1.000e-13
1.656292e-06,2.402707e-07,8.163515e-05,0.000000e+00,0.000000e+00,32,sign,persistent,-1,1.276e-16,1.933e-16,-1,9.805e-09,9.805e-09,-1,-1,1,none,5.000e-04,63,1,0,20,17162,ln32_s0.5_seed1,0.000e+00,0.000e+00,0,0,fast,5.27301,0.129925,16.48,40,1,0,1,1,ln32_s0.5_seed1_L1_sign_b63_S20_t0,colored,1,0.5,1435.039,1343.222,1385.843,0.0078,0.3486,ok,20,e,0,1.000e-13
2.509196e-07,3.084384e-08,9.889616e-06,0.000000e+00,0.000000e+00,32,sign,persistent,-1,1.276e-16,1.188e-16,-1,9.805e-09,9.805e-09,-1,-1,1,none,5.000e-04,63,1,0,20,31443,ln32_s0.5_seed1,0.000e+00,0.000e+00,0,0,fast,5.27301,0.129925,16.48,40,1,0,1,1,ln32_s0.5_seed1_L1_sign_b63_S20_t1,colored,1,0.5,1490.163,1435.509,1475.302,0.0084,0.2056,ok,20,e,0,1.000e-13
4.002602e-06,4.026435e-07,1.289512e-04,0.000000e+00,0.000000e+00,32,sign,persistent,-1,1.276e-16,1.737e-16,-1,9.805e-09,9.805e-09,-1,-1,1,none,5.000e-04,63,1,0,20,12949,ln32_s0.5_seed1,0.000e+00,0.000e+00,0,0,fast,5.27301,0.129925,16.48,40,1,0,1,1,ln32_s0.5_seed1_L1_sign_b63_S20_t2,colored,1,0.5,1307.667,1369.925,1315.525,0.0103,0.3915,ok,20,e,0,1.000e-13
3.560008e-05,0.000000e+00,3.560008e-05,0.000000e+00,0.000000e+00,32,sign,persistent,-1,1.276e-16,1.276e-16,-1,9.805e-09,9.805e-09,-1,-1,1,none,5.000e-04,63,1,0,36,17162,ln32_s0.5_seed1,0.000e+00,0.000e+00,0,0,fast,5.27301,0.129925,16.48,40,1,0,1,1,ln32_s0.5_seed1_L1_sign_b63_S36_t0,colored,1,0.5,1205.257,1253.065,1194.314,0.0556,0.0556,ok,39,e,0,1.000e-13
1.092100e-05,0.000000e+00,1.092100e-05,0.000000e+00,0.000000e+00,32,sign,persistent,-1,1.276e-16,1.276e-16,-1,9.805e-09,9.805e-09,-1,-1,1,none,5.000e-04,63,1,0,36,31443,ln32_s0.5_seed1,0.000e+00,0.000e+00,0,0,fast,5.27301,0.129925,16.48,40,1,0,1,1,ln32_s0.5_seed1_L1_sign_b63_S36_t1,colored,1,0.5,1251.374,1199.185,1202.443,0.0386,0.0386,ok,39,e,0,1.000e-13
6.567646e-05,0.000000e+00,6.567646e-05,0.000000e+00,0.000000e+00,32,sign,persistent,-1,1.276e-16,1.414e-16,-1,9.805e-09,9.805e-09,-1,-1,1,none,5.000e-04,63,1,0,36,12949,ln32_s0.5_seed1,0.000e+00,0.000e+00,0,0,fast,5.27301,0.129925,16.48,40,1,0,1,1,ln32_s0.5_seed1_L1_sign_b63_S36_t2,colored,1,0.5,1126.700,1070.496,1115.485,0.0645,0.0645,ok,39,e,0,1.000e-13
1.573645e-16,2.434868e-18,1.697435e-16,0.000000e+00,0.000000e+00,32,mant_lo,benign,-1,1.276e-16,1.210e-16,-1,9.805e-09,9.805e-09,-1,-1,1,none,5.000e-04,6,2,0,4,8532,ln32_s0.5_seed1,0.000e+00,0.000e+00,0,0,fast,5.27301,0.129925,16.48,40,1,0,1,1,ln32_s0.5_seed1_L2_mant_lo_b6_S4_t0,colored,1,0.5,1179.584,1179.622,1207.067,0.2357,0.4602,ok,10,e,0,1.000e-13
1.562176e-16,2.444786e-18,1.690505e-16,0.000000e+00,0.000000e+00,32,mant_lo,benign,-1,1.276e-16,1.232e-16,-1,9.805e-09,9.805e-09,-1,-1,1,none,5.000e-04,6,2,0,4,15597,ln32_s0.5_seed1,0.000e+00,0.000e+00,0,0,fast,5.27301,0.129925,16.48,40,1,0,1,1,ln32_s0.5_seed1_L2_mant_lo_b6_S4_t1,colored,1,0.5,1085.147,1158.827,1082.733,0.2342,0.4612,ok,10,e,0,1.000e-13
1.541852e-16,2.220109e-18,1.660393e-16,0.000000e+00,0.000000e+00,32,mant_lo,benign,-1,1.276e-16,1.369e-16,-1,9.805e-09,9.805e-09,-1,-1,1,none,5.000e-04,6,2,0,4,6063,ln32_s0.5_seed1,0.000e+00,0.000e+00,0,0,fast,5.27301,0.129925,16.48,40,1,0,1,1,ln32_s0.5_seed1_L2_mant_lo_b6_S4_t2,colored,1,0.5,1115.336,1120.904,1125.699,0.3580,0.4266,ok,20,e,0,1.000e-13
1.599314e-16,1.102421e-18,1.600043e-16,0.000000e+00,0.000000e+00,32,mant_lo,benign,-1,1.276e-16,1.414e-16,-1,9.805e-09,9.805e-09,-1,-1,1,none,5.000e-04,6,2,0,20,8532,ln32_s0.5_seed1,0.000e+00,0.000e+00,0,0,fast,5.27301,0.129925,16.48,40,1,0,1,1,ln32_s0.5_seed1_L2_mant_lo_b6_S20_t0,colored,1,0.5,1148.377,1114.082,1115.502,0.4095,0.4267,ok,35,e,0,1.000e-13
1.531725e-16,1.054834e-18,1.590914e-16,0.000000e+00,0.000000e+00,32,mant_lo,benign,-1,1.276e-16,1.210e-16,-1,9.805e-09,9.805e-09,-1,-1,1,none,5.000e-04,6,2,0,20,15597,ln32_s0.5_seed1,0.000e+00,0.000e+00,0,0,fast,5.27301,0.129925,16.48,40,1,0,1,1,ln32_s0.5_seed1_L2_mant_lo_b6_S20_t1,colored,1,0.5,1111.628,1139.835,1098.154,0.4282,0.4261,ok,30,e,0,1.000e-13
1.593407e-16,1.014789e-18,1.616053e-16,0.000000e+00,0.000000e+00,32,mant_lo,benign,-1,1.276e-16,1.210e-16,-1,9.805e-09,9.805e-09,-1,-1,1,none,5.000e-04,6,2,0,20,6063,ln32_s0.5_seed1,0.000e+00,0.000e+00,0,0,fast,5.27301,0.129925,16.48,40,1,0,1,1,ln32_s0.5_seed1_L2_mant_lo_b6_S20_t2,colored,1,0.5,1114.230,1123.927,1112.666,0.4099,0.4628,ok,35,e,0,1.000e-13
9.852642e-17,0.000000e+00,9.852642e-17,0.000000e+00,0.000000e+00,32,mant_lo,benign,-1,1.276e-16,1.390e-16,-1,9.805e-09,9.805e-09,-1,-1,1,none,5.000e-04,6,2,0,36,8532,ln32_s0.5_seed1,0.000e+00,0.000e+00,0,0,fast,5.27301,0.129925,16.48,40,1,0,1,1,ln32_s0.5_seed1_L2_mant_lo_b6_S36_t0,colored,1,0.5,1165.110,1173.857,1195.846,0.3264,0.3264,ok,39,e,0,1.000e-13
9.028704e-17,0.000000e+00,9.028704e-17,0.000000e+00,0.000000e+00,32,mant_lo,benign,-1,1.276e-16,1.276e-16,-1,9.805e-09,9.805e-09,-1,-1,1,none,5.000e-04,6,2,0,36,15597,ln32_s0.5_seed1,0.000e+00,0.000e+00,0,0,fast,5.27301,0.129925,16.48,40,1,0,1,1,ln32_s0.5_seed1_L2_mant_lo_b6_S36_t1,colored,1,0.5,1132.242,1197.732,1147.377,0.2986,0.2986,ok,39,e,0,1.000e-13
2.835679e-17,0.000000e+00,2.835679e-17,0.000000e+00,0.000000e+00,32,mant_lo,benign,-1,1.276e-16,1.276e-16,-1,9.805e-09,9.805e-09,-1,-1,1,none,5.000e-04,6,2,0,36,6063,ln32_s0.5_seed1,0.000e+00,0.000e+00,0,0,fast,5.27301,0.129925,16.48,40,1,0,1,1,ln32_s0.5_seed1_L2_mant_lo_b6_S36_t2,colored,1,0.5,1189.069,1187.046,1163.706,0.1009,0.1009,ok,39,e,0,1.000e-13
1.996116e-16,5.607122e-17,1.826124e-14,0.000000e+00,0.000000e+00,32,mant_lo,benign,-1,1.276e-16,4.324e-16,-1,9.805e-09,9.805e-09,-1,-1,1,none,5.000e-04,23,2,0,4,8532,ln32_s0.5_seed1,0.000e+00,0.000e+00,0,0,fast,5.27301,0.129925,16.48,40,1,0,1,1,ln32_s0.5_seed1_L2_mant_lo_b23_S4_t0,colored,1,0.5,1197.289,1164.179,1107.374,0.0037,0.5528,ok,5,e,0,1.000e-13
2.963701e-16,4.298687e-17,1.150181e-14,0.000000e+00,0.000000e+00,32,mant_lo,benign,-1,1.276e-16,8.648e-16,-1,9.805e-09,9.805e-09,-1,-1,1,none,5.000e-04,23,2,0,4,15597,ln32_s0.5_seed1,0.000e+00,0.000e+00,0,0,fast,5.27301,0.129925,16.48,40,1,0,1,1,ln32_s0.5_seed1_L2_mant_lo_b23_S4_t1,colored,1,0.5,1129.009,1111.993,1131.498,0.0281,0.6056,ok,5,e,0,1.000e-13
1.596065e-16,2.783377e-18,1.728141e-16,0.000000e+00,0.000000e+00,32,mant_lo,benign,-1,1.276e-16,1.232e-16,-1,9.805e-09,9.805e-09,-1,-1,1,none,5.000e-04,23,2,0,4,6063,ln32_s0.5_seed1,0.000e+00,0.000e+00,0,0,fast,5.27301,0.129925,16.48,40,1,0,1,1,ln32_s0.5_seed1_L2_mant_lo_b23_S4_t2,colored,1,0.5,1125.723,1086.328,1120.344,0.3662,0.4286,ok,20,e,0,1.000e-13
4.333862e-15,1.126553e-15,4.154956e-13,0.000000e+00,0.000000e+00,32,mant_lo,transient,-1,1.276e-16,2.063e-15,-1,9.805e-09,9.805e-09,-1,-1,1,none,5.000e-04,23,2,0,20,8532,ln32_s0.5_seed1,0.000e+00,0.000e+00,0,0,fast,5.27301,0.129925,16.48,40,1,0,1,1,ln32_s0.5_seed1_L2_mant_lo_b23_S20_t0,colored,1,0.5,1137.215,1068.344,1127.003,0.0026,0.3753,ok,20,e,0,1.000e-13
9.185468e-16,1.099252e-16,3.829099e-14,0.000000e+00,0.000000e+00,32,mant_lo,benign,-1,1.276e-16,4.376e-16,-1,9.805e-09,9.805e-09,-1,-1,1,none,5.000e-04,23,2,0,20,15597,ln32_s0.5_seed1,0.000e+00,0.000e+00,0,0,fast,5.27301,0.129925,16.48,40,1,0,1,1,ln32_s0.5_seed1_L2_mant_lo_b23_S20_t1,colored,1,0.5,1098.791,1091.915,1177.142,0.0042,0.5330,ok,20,e,0,1.000e-13
1.745548e-16,2.640177e-17,9.668515e-15,0.000000e+00,0.000000e+00,32,mant_lo,benign,-1,1.276e-16,1.145e-16,-1,9.805e-09,9.805e-09,-1,-1,1,none,5.000e-04,23,2,0,20,6063,ln32_s0.5_seed1,0.000e+00,0.000e+00,0,0,fast,5.27301,0.129925,16.48,40,1,0,1,1,ln32_s0.5_seed1_L2_mant_lo_b23_S20_t2,colored,1,0.5,1229.825,1188.563,1134.264,0.0028,0.4699,ok,20,e,0,1.000e-13
5.185651e-14,0.000000e+00,5.185651e-14,0.000000e+00,0.000000e+00,32,mant_lo,benign,-1,1.276e-16,2.693e-15,-1,9.805e-09,9.805e-09,-1,-1,1,none,5.000e-04,23,2,0,36,8532,ln32_s0.5_seed1,0.000e+00,0.000e+00,0,0,fast,5.27301,0.129925,16.48,40,1,0,1,1,ln32_s0.5_seed1_L2_mant_lo_b23_S36_t0,colored,1,0.5,1142.580,1090.255,1121.752,0.0220,0.0220,ok,39,e,0,1.000e-13
2.532714e-14,0.000000e+00,2.532714e-14,0.000000e+00,0.000000e+00,32,mant_lo,benign,-1,1.276e-16,2.693e-15,-1,9.805e-09,9.805e-09,-1,-1,1,none,5.000e-04,23,2,0,36,15597,ln32_s0.5_seed1,0.000e+00,0.000e+00,0,0,fast,5.27301,0.129925,16.48,40,1,0,1,1,ln32_s0.5_seed1_L2_mant_lo_b23_S36_t1,colored,1,0.5,1135.889,1130.636,1121.812,0.0696,0.0696,ok,39,e,0,1.000e-13
4.635971e-15,0.000000e+00,4.635971e-15,0.000000e+00,0.000000e+00,32,mant_lo,benign,-1,1.276e-16,4.343e-16,-1,9.805e-09,9.805e-09,-1,-1,1,none,5.000e-04,23,2,0,36,6063,ln32_s0.5_seed1,0.000e+00,0.000e+00,0,0,fast,5.27301,0.129925,16.48,40,1,0,1,1,ln32_s0.5_seed1_L2_mant_lo_b23_S36_t2,colored,1,0.5,1126.451,1101.813,1146.318,0.0807,0.0807,ok,39,e,0,1.000e-13
7.005513e-14,2.845241e-14,9.349201e-12,0.000000e+00,0.000000e+00,32,mant_hi,transient,-1,1.276e-16,2.214e-13,-1,9.805e-09,9.805e-09,-1,-1,1,none,5.000e-04,32,2,0,4,8532,ln32_s0.5_seed1,0.000e+00,0.000e+00,0,0,fast,5.27301,0.129925,16.48,40,1,0,1,1,ln32_s0.5_seed1_L2_mant_hi_b32_S4_t0,colored,1,0.5,1178.768,1154.364,1165.704,0.0036,0.6174,ok,5,e,0,1.000e-13
1.293160e-13,2.187352e-14,5.887951e-12,0.000000e+00,0.000000e+00,32,mant_hi,persistent,-1,1.276e-16,4.428e-13,-1,9.805e-09,9.805e-09,-1,-1,1,none,5.000e-04,32,2,0,4,15597,ln32_s0.5_seed1,0.000e+00,0.000e+00,0,0,fast,5.27301,0.129925,16.48,40,1,0,1,1,ln32_s0.5_seed1_L2_mant_hi_b32_S4_t1,colored,1,0.5,1132.570,1116.508,1153.922,0.0198,0.7143,ok,5,e,0,1.000e-13
1.949176e-16,7.317978e-17,2.406538e-14,0.000000e+00,0.000000e+00,32,mant_hi,benign,-1,1.276e-16,8.648e-16,-1,9.805e-09,9.805e-09,-1,-1,1,none,5.000e-04,32,2,0,4,6063,ln32_s0.5_seed1,0.000e+00,0.000e+00,0,0,fast,5.27301,0.129925,16.48,40,1,0,1,1,ln32_s0.5_seed1_L2_mant_hi_b32_S4_t2,colored,1,0.5,1134.754,1150.134,1151.565,0.0074,0.5183,ok,5,e,0,1.000e-13
2.219514e-12,5.767747e-13,2.127335e-10,0.000000e+00,0.000000e+00,32,mant_hi,persistent,-1,1.276e-16,1.024e-12,-1,9.805e-09,9.805e-09,-1,-1,1,none,5.000e-04,32,2,0,20,8532,ln32_s0.5_seed1,0.000e+00,0.000e+00,0,0,fast,5.27301,0.129925,16.48,40,1,0,1,1,ln32_s0.5_seed1_L2_mant_hi_b32_S20_t0,colored,1,0.5,1135.302,1133.521,1145.691,0.0026,0.3343,ok,20,e,0,1.000e-13
4.599837e-13,5.624992e-14,1.960467e-11,0.000000e+00,0.000000e+00,32,mant_hi,persistent,-1,1.276e-16,2.560e-13,-1,9.805e-09,9.805e-09,-1,-1,1,none,5.000e-04,32,2,0,20,15597,ln32_s0.5_seed1,0.000e+00,0.000e+00,0,0,fast,5.27301,0.129925,16.48,40,1,0,1,1,ln32_s0.5_seed1_L2_mant_hi_b32_S20_t1,colored,1,0.5,1120.224,1152.637,1120.906,0.0042,0.4621,ok,20,e,0,1.000e-13
3.693161e-14,1.332385e-14,4.950261e-12,0.000000e+00,0.000000e+00,32,mant_hi,transient,-1,1.276e-16,3.195e-14,-1,9.805e-09,9.805e-09,-1,-1,1,none,5.000e-04,32,2,0,20,6063,ln32_s0.5_seed1,0.000e+00,0.000e+00,0,0,fast,5.27301,0.129925,16.48,40,1,0,1,1,ln32_s0.5_seed1_L2_mant_hi_b32_S20_t2,colored,1,0.5,1074.787,1115.184,1084.011,0.0028,0.2684,ok,20,e,0,1.000e-13
2.655093e-11,0.000000e+00,2.655093e-11,0.000000e+00,0.000000e+00,32,mant_hi,persistent,-1,1.276e-16,1.423e-12,-1,9.805e-09,9.805e-09,-1,-1,1,none,5.000e-04,32,2,0,36,8532,ln32_s0.5_seed1,0.000e+00,0.000e+00,0,0,fast,5.27301,0.129925,16.48,40,1,0,1,1,ln32_s0.5_seed1_L2_mant_hi_b32_S36_t0,colored,1,0.5,1122.281,1172.085,1165.379,0.0220,0.0220,ok,39,e,0,1.000e-13
1.296780e-11,0.000000e+00,1.296780e-11,0.000000e+00,0.000000e+00,32,mant_hi,persistent,-1,1.276e-16,1.423e-12,-1,9.805e-09,9.805e-09,-1,-1,1,none,5.000e-04,32,2,0,36,15597,ln32_s0.5_seed1,0.000e+00,0.000e+00,0,0,fast,5.27301,0.129925,16.48,40,1,0,1,1,ln32_s0.5_seed1_L2_mant_hi_b32_S36_t1,colored,1,0.5,1166.565,1218.028,1107.563,0.0662,0.0662,ok,39,e,0,1.000e-13
2.372307e-12,0.000000e+00,2.372307e-12,0.000000e+00,0.000000e+00,32,mant_hi,persistent,-1,1.276e-16,1.778e-13,-1,9.805e-09,9.805e-09,-1,-1,1,none,5.000e-04,32,2,0,36,6063,ln32_s0.5_seed1,0.000e+00,0.000e+00,0,0,fast,5.27301,0.129925,16.48,40,1,0,1,1,ln32_s0.5_seed1_L2_mant_hi_b32_S36_t2,colored,1,0.5,1131.013,1126.849,1099.122,0.0271,0.0271,ok,39,e,0,1.000e-13
1.120954e-12,4.552389e-13,1.495872e-10,0.000000e+00,0.000000e+00,32,mant_hi,persistent,-1,1.276e-16,3.542e-12,-1,9.805e-09,9.805e-09,-1,-1,1,none,5.000e-04,36,2,0,4,8532,ln32_s0.5_seed1,0.000e+00,0.000e+00,0,0,fast,5.27301,0.129925,16.48,40,1,0,1,1,ln32_s0.5_seed1_L2_mant_hi_b36_S4_t0,colored,1,0.5,1122.780,1119.020,1120.746,0.0036,0.6184,ok,5,e,0,1.000e-13
2.068954e-12,3.499766e-13,9.420721e-11,0.000000e+00,0.000000e+00,32,mant_hi,persistent,-1,1.276e-16,7.084e-12,-1,9.805e-09,9.805e-09,-1,-1,1,none,5.000e-04,36,2,0,4,15597,ln32_s0.5_seed1,0.000e+00,0.000e+00,0,0,fast,5.27301,0.129925,16.48,40,1,0,1,1,ln32_s0.5_seed1_L2_mant_hi_b36_S4_t1,colored,1,0.5,1113.257,1113.020,1096.151,0.0198,0.7143,ok,5,e,0,1.000e-13
1.838176e-15,1.163551e-15,3.850402e-13,0.000000e+00,0.000000e+00,32,mant_hi,transient,-1,1.276e-16,1.384e-14,-1,9.805e-09,9.805e-09,-1,-1,1,none,5.000e-04,36,2,0,4,6063,ln32_s0.5_seed1,0.000e+00,0.000e+00,0,0,fast,5.27301,0.129925,16.48,40,1,0,1,1,ln32_s0.5_seed1_L2_mant_hi_b36_S4_t2,colored,1,0.5,1143.941,1095.524,1121.786,0.0074,0.5311,ok,5,e,0,1.000e-13
3.551198e-11,9.228395e-12,3.403737e-09,0.000000e+00,0.000000e+00,32,mant_hi,persistent,-1,1.276e-16,1.639e-11,-1,9.805e-09,9.805e-09,-1,-1,1,none,5.000e-04,36,2,0,20,8532,ln32_s0.5_seed1,0.000e+00,0.000e+00,0,0,fast,5.27301,0.129925,16.48,40,1,0,1,1,ln32_s0.5_seed1_L2_mant_hi_b36_S20_t0,colored,1,0.5,1195.676,1149.956,1211.963,0.0026,0.3343,ok,20,e,0,1.000e-13
7.359777e-12,8.999991e-13,3.136748e-10,0.000000e+00,0.000000e+00,32,mant_hi,persistent,-1,1.276e-16,4.097e-12,-1,9.805e-09,9.805e-09,-1,-1,1,none,5.000e-04,36,2,0,20,15597,ln32_s0.5_seed1,0.000e+00,0.000e+00,0,0,fast,5.27301,0.129925,16.48,40,1,0,1,1,ln32_s0.5_seed1_L2_mant_hi_b36_S20_t1,colored,1,0.5,1232.744,1123.884,1138.552,0.0042,0.4623,ok,20,e,0,1.000e-13
5.908689e-13,2.131816e-13,7.920417e-11,0.000000e+00,0.000000e+00,32,mant_hi,persistent,-1,1.276e-16,5.121e-13,-1,9.805e-09,9.805e-09,-1,-1,1,none,5.000e-04,36,2,0,20,6063,ln32_s0.5_seed1,0.000e+00,0.000e+00,0,0,fast,5.27301,0.129925,16.48,40,1,0,1,1,ln32_s0.5_seed1_L2_mant_hi_b36_S20_t2,colored,1,0.5,1121.215,1137.397,1123.952,0.0028,0.2552,ok,20,e,0,1.000e-13
4.248149e-10,0.000000e+00,4.248149e-10,0.000000e+00,0.000000e+00,32,mant_hi,persistent,-1,1.276e-16,2.277e-11,-1,9.805e-09,9.805e-09,-1,-1,1,none,5.000e-04,36,2,0,36,8532,ln32_s0.5_seed1,0.000e+00,0.000e+00,0,0,fast,5.27301,0.129925,16.48,40,1,0,1,1,ln32_s0.5_seed1_L2_mant_hi_b36_S36_t0,colored,1,0.5,1128.328,1124.108,1146.728,0.0220,0.0220,ok,39,e,0,1.000e-13
2.074849e-10,0.000000e+00,2.074849e-10,0.000000e+00,0.000000e+00,32,mant_hi,persistent,-1,1.276e-16,2.277e-11,-1,9.805e-09,9.805e-09,-1,-1,1,none,5.000e-04,36,2,0,36,15597,ln32_s0.5_seed1,0.000e+00,0.000e+00,0,0,fast,5.27301,0.129925,16.48,40,1,0,1,1,ln32_s0.5_seed1_L2_mant_hi_b36_S36_t1,colored,1,0.5,1175.112,1164.649,1082.696,0.0662,0.0662,ok,39,e,0,1.000e-13
3.795692e-11,0.000000e+00,3.795692e-11,0.000000e+00,0.000000e+00,32,mant_hi,persistent,-1,1.276e-16,2.846e-12,-1,9.805e-09,9.805e-09,-1,-1,1,none,5.000e-04,36,2,0,36,6063,ln32_s0.5_seed1,0.000e+00,0.000e+00,0,0,fast,5.27301,0.129925,16.48,40,1,0,1,1,ln32_s0.5_seed1_L2_mant_hi_b36_S36_t2,colored,1,0.5,1088.790,1059.867,1097.281,0.0271,0.0271,ok,39,e,0,1.000e-13
8.567736e-08,3.479480e-08,1.143324e-05,0.000000e+00,0.000000e+00,32,exp,persistent,4,1.276e-16,2.707e-07,4,9.805e-09,4.019e-05,-1,-1,1,D1+D2,5.000e-04,57,2,0,4,8532,ln32_s0.5_seed1,0.000e+00,0.000e+00,0,0,fast,5.27301,0.129925,16.48,40,1,0,1,1,ln32_s0.5_seed1_L2_exp_b57_S4_t0,colored,1,0.5,1087.716,1078.806,1072.893,0.0036,0.6185,ok,5,e,0,1.000e-13
2.506986e-07,4.240736e-08,1.141527e-05,0.000000e+00,0.000000e+00,32,exp,persistent,4,1.276e-16,8.584e-07,4,9.805e-09,1.274e-04,-1,-1,1,D1+D2,5.000e-04,57,2,0,4,15597,ln32_s0.5_seed1,0.000e+00,0.000e+00,0,0,fast,5.27301,0.129925,16.48,40,1,0,1,1,ln32_s0.5_seed1_L2_exp_b57_S4_t1,colored,1,0.5,1137.641,1173.997,1247.366,0.0198,0.7142,ok,5,e,0,1.000e-13
5.763801e-01,3.655347e-01,1.209659e+02,0.000000e+00,0.000000e+00,32,exp,persistent,4,1.276e-16,4.347e+00,4,9.805e-09,6.454e+02,4,-1,1,D1+D2+D3,5.000e-04,57,2,0,4,6063,ln32_s0.5_seed1,0.000e+00,0.000e+00,0,6,fast,5.27301,0.129925,16.48,40,1,0,1,1,ln32_s0.5_seed1_L2_exp_b57_S4_t2,colored,1,0.5,1200.122,1193.963,1149.521,0.0074,0.4990,ok,5,e,0,1.000e-13
2.843454e-06,7.389202e-07,2.725381e-04,0.000000e+00,0.000000e+00,32,exp,persistent,20,1.276e-16,1.312e-06,20,9.805e-09,2.334e-04,-1,-1,1,D1+D2,5.000e-04,57,2,0,20,8532,ln32_s0.5_seed1,0.000e+00,0.000e+00,0,0,fast,5.27301,0.129925,16.48,40,1,0,1,1,ln32_s0.5_seed1_L2_exp_b57_S20_t0,colored,1,0.5,1136.280,1191.567,1171.688,0.0026,0.3343,ok,20,e,0,1.000e-13
8.789299e-07,1.074808e-07,3.746007e-05,0.000000e+00,0.000000e+00,32,exp,persistent,20,1.276e-16,4.893e-07,20,9.805e-09,8.703e-05,-1,-1,1,D1+D2,5.000e-04,57,2,0,20,15597,ln32_s0.5_seed1,0.000e+00,0.000e+00,0,0,fast,5.27301,0.129925,16.48,40,1,0,1,1,ln32_s0.5_seed1_L2_exp_b57_S20_t1,colored,1,0.5,1176.363,1212.376,1130.478,0.0042,0.4623,ok,20,e,0,1.000e-13
6.234256e-08,2.249282e-08,8.356846e-06,0.000000e+00,0.000000e+00,32,exp,persistent,20,1.276e-16,5.404e-08,20,9.805e-09,9.611e-06,-1,-1,1,D1+D2,5.000e-04,57,2,0,20,6063,ln32_s0.5_seed1,0.000e+00,0.000e+00,0,0,fast,5.27301,0.129925,16.48,40,1,0,1,1,ln32_s0.5_seed1_L2_exp_b57_S20_t2,colored,1,0.5,1127.538,1124.198,1171.447,0.0028,0.2551,ok,20,e,0,1.000e-13
4.152165e-05,0.000000e+00,4.152165e-05,0.000000e+00,0.000000e+00,32,exp,persistent,36,1.276e-16,2.226e-06,36,9.805e-09,4.054e-04,-1,-1,1,D1+D2,5.000e-04,57,2,0,36,8532,ln32_s0.5_seed1,0.000e+00,0.000e+00,0,0,fast,5.27301,0.129925,16.48,40,1,0,1,1,ln32_s0.5_seed1_L2_exp_b57_S36_t0,colored,1,0.5,1157.460,1139.462,1122.580,0.0220,0.0220,ok,39,e,0,1.000e-13
1.435329e-05,0.000000e+00,1.435329e-05,0.000000e+00,0.000000e+00,32,exp,persistent,36,1.276e-16,1.575e-06,36,9.805e-09,2.869e-04,-1,-1,1,D1+D2,5.000e-04,57,2,0,36,15597,ln32_s0.5_seed1,0.000e+00,0.000e+00,0,0,fast,5.27301,0.129925,16.48,40,1,0,1,1,ln32_s0.5_seed1_L2_exp_b57_S36_t1,colored,1,0.5,1098.369,1136.121,1138.462,0.0662,0.0662,ok,39,e,0,1.000e-13
2.495115e-06,0.000000e+00,2.495115e-06,0.000000e+00,0.000000e+00,32,exp,persistent,36,1.276e-16,1.871e-07,36,9.805e-09,3.408e-05,-1,-1,1,D1+D2,5.000e-04,57,2,0,36,6063,ln32_s0.5_seed1,0.000e+00,0.000e+00,0,0,fast,5.27301,0.129925,16.48,40,1,0,1,1,ln32_s0.5_seed1_L2_exp_b57_S36_t2,colored,1,0.5,1151.217,1132.856,1128.058,0.0271,0.0271,ok,39,e,0,1.000e-13
8.567736e-08,3.479480e-08,1.143324e-05,0.000000e+00,0.000000e+00,32,exp,persistent,4,1.276e-16,2.707e-07,4,9.805e-09,4.019e-05,-1,-1,1,D1+D2,5.000e-04,57,2,0,4,8532,ln32_s0.5_seed1,0.000e+00,0.000e+00,0,0,fast,5.27301,0.129925,16.48,40,1,0,1,1,ln32_s0.5_seed1_L2_exp_b57_S4_t0,colored,1,0.5,1110.027,1096.972,1085.742,0.0036,0.6185,ok,5,e,0,1.000e-13
2.506986e-07,4.240736e-08,1.141527e-05,0.000000e+00,0.000000e+00,32,exp,persistent,4,1.276e-16,8.584e-07,4,9.805e-09,1.274e-04,-1,-1,1,D1+D2,5.000e-04,57,2,0,4,15597,ln32_s0.5_seed1,0.000e+00,0.000e+00,0,0,fast,5.27301,0.129925,16.48,40,1,0,1,1,ln32_s0.5_seed1_L2_exp_b57_S4_t1,colored,1,0.5,1121.378,1204.064,1206.037,0.0198,0.7142,ok,5,e,0,1.000e-13
5.763801e-01,3.655347e-01,1.209659e+02,0.000000e+00,0.000000e+00,32,exp,persistent,4,1.276e-16,4.347e+00,4,9.805e-09,6.454e+02,4,-1,1,D1+D2+D3,5.000e-04,57,2,0,4,6063,ln32_s0.5_seed1,0.000e+00,0.000e+00,0,6,fast,5.27301,0.129925,16.48,40,1,0,1,1,ln32_s0.5_seed1_L2_exp_b57_S4_t2,colored,1,0.5,1136.216,1200.545,1137.015,0.0074,0.4990,ok,5,e,0,1.000e-13
2.843454e-06,7.389202e-07,2.725381e-04,0.000000e+00,0.000000e+00,32,exp,persistent,20,1.276e-16,1.312e-06,20,9.805e-09,2.334e-04,-1,-1,1,D1+D2,5.000e-04,57,2,0,20,8532,ln32_s0.5_seed1,0.000e+00,0.000e+00,0,0,fast,5.27301,0.129925,16.48,40,1,0,1,1,ln32_s0.5_seed1_L2_exp_b57_S20_t0,colored,1,0.5,1109.565,1121.657,1092.413,0.0026,0.3343,ok,20,e,0,1.000e-13
8.789299e-07,1.074808e-07,3.746007e-05,0.000000e+00,0.000000e+00,32,exp,persistent,20,1.276e-16,4.893e-07,20,9.805e-09,8.703e-05,-1,-1,1,D1+D2,5.000e-04,57,2,0,20,15597,ln32_s0.5_seed1,0.000e+00,0.000e+00,0,0,fast,5.27301,0.129925,16.48,40,1,0,1,1,ln32_s0.5_seed1_L2_exp_b57_S20_t1,colored,1,0.5,1132.311,1135.414,1150.395,0.0042,0.4623,ok,20,e,0,1.000e-13
6.234256e-08,2.249282e-08,8.356846e-06,0.000000e+00,0.000000e+00,32,exp,persistent,20,1.276e-16,5.404e-08,20,9.805e-09,9.611e-06,-1,-1,1,D1+D2,5.000e-04,57,2,0,20,6063,ln32_s0.5_seed1,0.000e+00,0.000e+00,0,0,fast,5.27301,0.129925,16.48,40,1,0,1,1,ln32_s0.5_seed1_L2_exp_b57_S20_t2,colored,1,0.5,1130.579,1117.524,1125.047,0.0028,0.2551,ok,20,e,0,1.000e-13
4.152165e-05,0.000000e+00,4.152165e-05,0.000000e+00,0.000000e+00,32,exp,persistent,36,1.276e-16,2.226e-06,36,9.805e-09,4.054e-04,-1,-1,1,D1+D2,5.000e-04,57,2,0,36,8532,ln32_s0.5_seed1,0.000e+00,0.000e+00,0,0,fast,5.27301,0.129925,16.48,40,1,0,1,1,ln32_s0.5_seed1_L2_exp_b57_S36_t0,colored,1,0.5,1090.120,1100.296,1088.609,0.0220,0.0220,ok,39,e,0,1.000e-13
1.435329e-05,0.000000e+00,1.435329e-05,0.000000e+00,0.000000e+00,32,exp,persistent,36,1.276e-16,1.575e-06,36,9.805e-09,2.869e-04,-1,-1,1,D1+D2,5.000e-04,57,2,0,36,15597,ln32_s0.5_seed1,0.000e+00,0.000e+00,0,0,fast,5.27301,0.129925,16.48,40,1,0,1,1,ln32_s0.5_seed1_L2_exp_b57_S36_t1,colored,1,0.5,1104.583,1107.315,1091.888,0.0662,0.0662,ok,39,e,0,1.000e-13
2.495115e-06,0.000000e+00,2.495115e-06,0.000000e+00,0.000000e+00,32,exp,persistent,36,1.276e-16,1.871e-07,36,9.805e-09,3.408e-05,-1,-1,1,D1+D2,5.000e-04,57,2,0,36,6063,ln32_s0.5_seed1,0.000e+00,0.000e+00,0,0,fast,5.27301,0.129925,16.48,40,1,0,1,1,ln32_s0.5_seed1_L2_exp_b57_S36_t2,colored,1,0.5,1115.788,1090.686,1083.678,0.0271,0.0271,ok,39,e,0,1.000e-13
1.713547e-07,6.958960e-08,2.286649e-05,0.000000e+00,0.000000e+00,32,sign,persistent,4,1.276e-16,5.414e-07,4,9.805e-09,8.039e-05,-1,-1,1,D1+D2,5.000e-04,63,2,0,4,8532,ln32_s0.5_seed1,0.000e+00,0.000e+00,0,0,fast,5.27301,0.129925,16.48,40,1,0,1,1,ln32_s0.5_seed1_L2_sign_b63_S4_t0,colored,1,0.5,1097.193,1105.605,1115.497,0.0036,0.6185,ok,5,e,0,1.000e-13
5.013973e-07,8.481472e-08,2.283055e-05,0.000000e+00,0.000000e+00,32,sign,persistent,4,1.276e-16,1.717e-06,4,9.805e-09,2.549e-04,-1,-1,1,D1+D2,5.000e-04,63,2,0,4,15597,ln32_s0.5_seed1,0.000e+00,0.000e+00,0,0,fast,5.27301,0.129925,16.48,40,1,0,1,1,ln32_s0.5_seed1_L2_sign_b63_S4_t1,colored,1,0.5,1127.072,1181.375,1157.538,0.0198,0.7142,ok,5,e,0,1.000e-13
2.683979e-10,1.702154e-10,5.632914e-08,0.000000e+00,0.000000e+00,32,sign,persistent,4,1.276e-16,2.024e-09,-1,9.805e-09,3.006e-07,-1,-1,1,D1,5.000e-04,63,2,0,4,6063,ln32_s0.5_seed1,0.000e+00,0.000e+00,0,0,fast,5.27301,0.129925,16.48,40,1,0,1,1,ln32_s0.5_seed1_L2_sign_b63_S4_t2,colored,1,0.5,1181.183,1201.181,1146.112,0.0074,0.4990,ok,5,e,0,1.000e-13
5.686908e-06,1.477840e-06,5.450763e-04,0.000000e+00,0.000000e+00,32,sign,persistent,20,1.276e-16,2.625e-06,20,9.805e-09,4.668e-04,-1,-1,1,D1+D2,5.000e-04,63,2,0,20,8532,ln32_s0.5_seed1,0.000e+00,0.000e+00,0,0,fast,5.27301,0.129925,16.48,40,1,0,1,1,ln32_s0.5_seed1_L2_sign_b63_S20_t0,colored,1,0.5,1176.980,1178.040,1127.671,0.0026,0.3343,ok,20,e,0,1.000e-13
1.757860e-06,2.149617e-07,7.492014e-05,0.000000e+00,0.000000e+00,32,sign,persistent,20,1.276e-16,9.786e-07,20,9.805e-09,1.741e-04,-1,-1,1,D1+D2,5.000e-04,63,2,0,20,15597,ln32_s0.5_seed1,0.000e+00,0.000e+00,0,0,fast,5.27301,0.129925,16.48,40,1,0,1,1,ln32_s0.5_seed1_L2_sign_b63_S20_t1,colored,1,0.5,1144.631,1113.757,1112.135,0.0042,0.4623,ok,20,e,0,1.000e-13
1.246851e-07,4.498565e-08,1.671369e-05,0.000000e+00,0.000000e+00,32,sign,persistent,20,1.276e-16,1.081e-07,20,9.805e-09,1.922e-05,-1,-1,1,D1+D2,5.000e-04,63,2,0,20,6063,ln32_s0.5_seed1,0.000e+00,0.000e+00,0,0,fast,5.27301,0.129925,16.48,40,1,0,1,1,ln32_s0.5_seed1_L2_sign_b63_S20_t2,colored,1,0.5,1190.529,1175.994,1151.870,0.0028,0.2551,ok,20,e,0,1.000e-13
8.304330e-05,0.000000e+00,8.304330e-05,0.000000e+00,0.000000e+00,32,sign,persistent,36,1.276e-16,4.451e-06,36,9.805e-09,8.108e-04,-1,-1,1,D1+D2,5.000e-04,63,2,0,36,8532,ln32_s0.5_seed1,0.000e+00,0.000e+00,0,0,fast,5.27301,0.129925,16.48,40,1,0,1,1,ln32_s0.5_seed1_L2_sign_b63_S36_t0,colored,1,0.5,1196.633,1145.956,1117.517,0.0220,0.0220,ok,39,e,0,1.000e-13
2.870658e-05,0.000000e+00,2.870658e-05,0.000000e+00,0.000000e+00,32,sign,persistent,36,1.276e-16,3.151e-06,36,9.805e-09,5.739e-04,-1,-1,1,D1+D2,5.000e-04,63,2,0,36,15597,ln32_s0.5_seed1,0.000e+00,0.000e+00,0,0,fast,5.27301,0.129925,16.48,40,1,0,1,1,ln32_s0.5_seed1_L2_sign_b63_S36_t1,colored,1,0.5,1133.137,1087.333,1158.165,0.0662,0.0662,ok,39,e,0,1.000e-13
4.990230e-06,0.000000e+00,4.990230e-06,0.000000e+00,0.000000e+00,32,sign,persistent,36,1.276e-16,3.742e-07,36,9.805e-09,6.817e-05,-1,-1,1,D1+D2,5.000e-04,63,2,0,36,6063,ln32_s0.5_seed1,0.000e+00,0.000e+00,0,0,fast,5.27301,0.129925,16.48,40,1,0,1,1,ln32_s0.5_seed1_L2_sign_b63_S36_t2,colored,1,0.5,1187.323,1156.358,1130.827,0.0271,0.0271,ok,39,e,0,1.000e-13
1.713547e-07,6.958960e-08,2.286649e-05,0.000000e+00,0.000000e+00,32,sign,persistent,4,1.276e-16,5.414e-07,4,9.805e-09,8.039e-05,-1,-1,1,D1+D2,5.000e-04,63,2,0,4,8532,ln32_s0.5_seed1,0.000e+00,0.000e+00,0,0,fast,5.27301,0.129925,16.48,40,1,0,1,1,ln32_s0.5_seed1_L2_sign_b63_S4_t0,colored,1,0.5,1218.931,1195.989,1187.719,0.0036,0.6185,ok,5,e,0,1.000e-13
5.013973e-07,8.481472e-08,2.283055e-05,0.000000e+00,0.000000e+00,32,sign,persistent,4,1.276e-16,1.717e-06,4,9.805e-09,2.549e-04,-1,-1,1,D1+D2,5.000e-04,63,2,0,4,15597,ln32_s0.5_seed1,0.000e+00,0.000e+00,0,0,fast,5.27301,0.129925,16.48,40,1,0,1,1,ln32_s0.5_seed1_L2_sign_b63_S4_t1,colored,1,0.5,1174.616,1101.777,1101.836,0.0198,0.7142,ok,5,e,0,1.000e-13
2.683979e-10,1.702154e-10,5.632914e-08,0.000000e+00,0.000000e+00,32,sign,persistent,4,1.276e-16,2.024e-09,-1,9.805e-09,3.006e-07,-1,-1,1,D1,5.000e-04,63,2,0,4,6063,ln32_s0.5_seed1,0.000e+00,0.000e+00,0,0,fast,5.27301,0.129925,16.48,40,1,0,1,1,ln32_s0.5_seed1_L2_sign_b63_S4_t2,colored,1,0.5,1146.079,1164.032,1194.855,0.0074,0.4990,ok,5,e,0,1.000e-13
5.686908e-06,1.477840e-06,5.450763e-04,0.000000e+00,0.000000e+00,32,sign,persistent,20,1.276e-16,2.625e-06,20,9.805e-09,4.668e-04,-1,-1,1,D1+D2,5.000e-04,63,2,0,20,8532,ln32_s0.5_seed1,0.000e+00,0.000e+00,0,0,fast,5.27301,0.129925,16.48,40,1,0,1,1,ln32_s0.5_seed1_L2_sign_b63_S20_t0,colored,1,0.5,1133.419,1092.670,1098.737,0.0026,0.3343,ok,20,e,0,1.000e-13
1.757860e-06,2.149617e-07,7.492014e-05,0.000000e+00,0.000000e+00,32,sign,persistent,20,1.276e-16,9.786e-07,20,9.805e-09,1.741e-04,-1,-1,1,D1+D2,5.000e-04,63,2,0,20,15597,ln32_s0.5_seed1,0.000e+00,0.000e+00,0,0,fast,5.27301,0.129925,16.48,40,1,0,1,1,ln32_s0.5_seed1_L2_sign_b63_S20_t1,colored,1,0.5,1109.761,1127.503,1141.656,0.0042,0.4623,ok,20,e,0,1.000e-13
1.246851e-07,4.498565e-08,1.671369e-05,0.000000e+00,0.000000e+00,32,sign,persistent,20,1.276e-16,1.081e-07,20,9.805e-09,1.922e-05,-1,-1,1,D1+D2,5.000e-04,63,2,0,20,6063,ln32_s0.5_seed1,0.000e+00,0.000e+00,0,0,fast,5.27301,0.129925,16.48,40,1,0,1,1,ln32_s0.5_seed1_L2_sign_b63_S20_t2,colored,1,0.5,1108.240,1113.284,1110.193,0.0028,0.2551,ok,20,e,0,1.000e-13
8.304330e-05,0.000000e+00,8.304330e-05,0.000000e+00,0.000000e+00,32,sign,persistent,36,1.276e-16,4.451e-06,36,9.805e-09,8.108e-04,-1,-1,1,D1+D2,5.000e-04,63,2,0,36,8532,ln32_s0.5_seed1,0.000e+00,0.000e+00,0,0,fast,5.27301,0.129925,16.48,40,1,0,1,1,ln32_s0.5_seed1_L2_sign_b63_S36_t0,colored,1,0.5,1149.384,1093.129,1107.655,0.0220,0.0220,ok,39,e,0,1.000e-13
2.870658e-05,0.000000e+00,2.870658e-05,0.000000e+00,0.000000e+00,32,sign,persistent,36,1.276e-16,3.151e-06,36,9.805e-09,5.739e-04,-1,-1,1,D1+D2,5.000e-04,63,2,0,36,15597,ln32_s0.5_seed1,0.000e+00,0.000e+00,0,0,fast,5.27301,0.129925,16.48,40,1,0,1,1,ln32_s0.5_seed1_L2_sign_b63_S36_t1,colored,1,0.5,1092.831,1202.900,1164.421,0.0662,0.0662,ok,39,e,0,1.000e-13
4.990230e-06,0.000000e+00,4.990230e-06,0.000000e+00,0.000000e+00,32,sign,persistent,36,1.276e-16,3.742e-07,36,9.805e-09,6.817e-05,-1,-1,1,D1+D2,5.000e-04,63,2,0,36,6063,ln32_s0.5_seed1,0.000e+00,0.000e+00,0,0,fast,5.27301,0.129925,16.48,40,1,0,1,1,ln32_s0.5_seed1_L2_sign_b63_S36_t2,colored,1,0.5,1136.657,1090.466,1076.370,0.0271,0.0271,ok,39,e,0,1.000e-13
1.844000e-15,5.770088e-17,6.793596e-15,0.000000e+00,0.000000e+00,32,mant_lo,benign,4,1.232e-16,1.270e-10,-1,9.805e-09,9.805e-09,-1,-1,1,D1,5.000e-04,10,3,0,4,349,ln32_s0.5_seed1,0.000e+00,0.000e+00,0,0,fast,5.27301,0.129925,16.48,40,2,0,1,1,ln32_s0.5_seed1_L3_mant_lo_b10_S4_t0,colored,1,0.5,3414.736,3427.812,3420.415,0.0107,0.0941,ok,5,e,0,1.000e-13
1.832389e-16,4.127964e-18,3.661643e-16,0.000000e+00,0.000000e+00,32,mant_lo,benign,-1,1.232e-16,5.487e-12,-1,9.805e-09,9.805e-09,-1,-1,1,none,5.000e-04,10,3,0,4,733,ln32_s0.5_seed1,0.000e+00,0.000e+00,0,0,fast,5.27301,0.129925,16.48,40,2,0,1,1,ln32_s0.5_seed1_L3_mant_lo_b10_S4_t1,colored,1,0.5,3391.502,3450.176,3415.392,0.0297,0.3073,ok,5,e,0,1.000e-13
2.176557e-15,6.827145e-17,8.075693e-15,0.000000e+00,0.000000e+00,32,mant_lo,benign,4,1.232e-16,1.606e-10,-1,9.805e-09,9.805e-09,-1,-1,1,D1,5.000e-04,10,3,0,4,712,ln32_s0.5_seed1,0.000e+00,0.000e+00,0,0,fast,5.27301,0.129925,16.48,40,2,0,1,1,ln32_s0.5_seed1_L3_mant_lo_b10_S4_t2,colored,1,0.5,3439.039,3402.769,3443.622,0.0041,0.0530,ok,5,e,0,1.000e-13
6.775237e-15,8.123105e-17,1.024283e-14,0.000000e+00,0.000000e+00,32,mant_lo,benign,20,1.232e-16,1.919e-10,-1,9.805e-09,9.805e-09,-1,-1,1,D1,5.000e-04,10,3,0,20,349,ln32_s0.5_seed1,0.000e+00,0.000e+00,0,0,fast,5.27301,0.129925,16.48,40,2,0,1,1,ln32_s0.5_seed1_L3_mant_lo_b10_S20_t0,colored,1,0.5,3440.520,3429.024,3432.166,0.0021,0.0420,ok,20,e,0,1.000e-13
7.449944e-16,8.714702e-18,1.055788e-15,0.000000e+00,0.000000e+00,32,mant_lo,benign,-1,1.232e-16,1.658e-11,-1,9.805e-09,9.805e-09,-1,-1,1,none,5.000e-04,10,3,0,20,733,ln32_s0.5_seed1,0.000e+00,0.000e+00,0,0,fast,5.27301,0.129925,16.48,40,2,0,1,1,ln32_s0.5_seed1_L3_mant_lo_b10_S20_t1,colored,1,0.5,3432.339,3425.265,3415.057,0.0110,0.1265,ok,20,e,0,1.000e-13
8.002325e-15,9.663887e-17,1.234445e-14,0.000000e+00,0.000000e+00,32,mant_lo,benign,20,1.232e-16,2.427e-10,-1,9.805e-09,9.805e-09,-1,-1,1,D1,5.000e-04,10,3,0,20,712,ln32_s0.5_seed1,0.000e+00,0.000e+00,0,0,fast,5.27301,0.129925,16.48,40,2,0,1,1,ln32_s0.5_seed1_L3_mant_lo_b10_S20_t2,colored,1,0.5,3462.552,3432.854,3429.414,0.0018,0.0268,ok,20,e,0,1.000e-13
6.676915e-15,0.000000e+00,6.676915e-15,0.000000e+00,0.000000e+00,32,mant_lo,benign,36,1.232e-16,2.401e-10,-1,9.805e-09,9.805e-09,-1,-1,1,D1,5.000e-04,10,3,0,36,349,ln32_s0.5_seed1,0.000e+00,0.000e+00,0,0,fast,5.27301,0.129925,16.48,40,2,0,1,1,ln32_s0.5_seed1_L3_mant_lo_b10_S36_t0,colored,1,0.5,3443.056,3425.180,3429.180,0.0125,0.0125,ok,39,e,0,1.000e-13
1.436189e-15,0.000000e+00,1.436189e-15,0.000000e+00,0.000000e+00,32,mant_lo,benign,-1,1.232e-16,4.151e-11,-1,9.805e-09,9.805e-09,-1,-1,1,none,5.000e-04,10,3,0,36,733,ln32_s0.5_seed1,0.000e+00,0.000e+00,0,0,fast,5.27301,0.129925,16.48,40,2,0,1,1,ln32_s0.5_seed1_L3_mant_lo_b10_S36_t1,colored,1,0.5,3418.077,3414.480,3442.496,0.0588,0.0588,ok,39,e,0,1.000e-13
1.577707e-14,0.000000e+00,1.577707e-14,0.000000e+00,0.000000e+00,32,mant_lo,benign,36,1.232e-16,6.074e-10,-1,9.805e-09,9.805e-09,-1,-1,1,D1,5.000e-04,10,3,0,36,712,ln32_s0.5_seed1,0.000e+00,0.000e+00,0,0,fast,5.27301,0.129925,16.48,40,2,0,1,1,ln32_s0.5_seed1_L3_mant_lo_b10_S36_t2,colored,1,0.5,3417.574,3450.073,3421.866,0.0062,0.0062,ok,39,e,0,1.000e-13
1.600203e-16,2.405914e-18,1.648085e-16,0.000000e+00,0.000000e+00,32,mant_lo,benign,-1,1.232e-16,2.480e-13,-1,9.805e-09,9.805e-09,-1,-1,1,none,5.000e-04,0,3,0,4,349,ln32_s0.5_seed1,0.000e+00,0.000e+00,0,0,fast,5.27301,0.129925,16.48,40,2,0,1,1,ln32_s0.5_seed1_L3_mant_lo_b0_S4_t0,colored,1,0.5,3420.545,3435.924,3435.484,0.2997,0.4254,ok,15,e,0,1.000e-13
1.601325e-16,2.363489e-18,1.717536e-16,0.000000e+00,0.000000e+00,32,mant_lo,benign,-1,1.232e-16,1.071e-14,-1,9.805e-09,9.805e-09,-1,-1,1,none,5.000e-04,0,3,0,4,733,ln32_s0.5_seed1,0.000e+00,0.000e+00,0,0,fast,5.27301,0.129925,16.48,40,2,0,1,1,ln32_s0.5_seed1_L3_mant_lo_b0_S4_t1,colored,1,0.5,3413.422,3451.848,3437.773,0.3025,0.4268,ok,15,e,0,1.000e-13
1.623144e-16,2.484022e-18,1.713885e-16,0.000000e+00,0.000000e+00,32,mant_lo,benign,-1,1.232e-16,3.137e-13,-1,9.805e-09,9.805e-09,-1,-1,1,none,5.000e-04,0,3,0,4,712,ln32_s0.5_seed1,0.000e+00,0.000e+00,0,0,fast,5.27301,0.129925,16.48,40,2,0,1,1,ln32_s0.5_seed1_L3_mant_lo_b0_S4_t2,colored,1,0.5,3410.692,3445.643,3442.267,0.3020,0.4246,ok,15,e,0,1.000e-13
1.611847e-16,1.149989e-18,1.612561e-16,0.000000e+00,0.000000e+00,32,mant_lo,benign,-1,1.232e-16,3.747e-13,-1,9.805e-09,9.805e-09,-1,-1,1,none,5.000e-04,0,3,0,20,349,ln32_s0.5_seed1,0.000e+00,0.000e+00,0,0,fast,5.27301,0.129925,16.48,40,2,0,1,1,ln32_s0.5_seed1_L3_mant_lo_b0_S20_t0,colored,1,0.5,3416.839,3438.930,3435.749,0.4303,0.4290,ok,30,e,0,1.000e-13
1.548563e-16,1.056923e-18,1.573256e-16,0.000000e+00,0.000000e+00,32,mant_lo,benign,-1,1.232e-16,3.238e-14,-1,9.805e-09,9.805e-09,-1,-1,1,none,5.000e-04,0,3,0,20,733,ln32_s0.5_seed1,0.000e+00,0.000e+00,0,0,fast,5.27301,0.129925,16.48,40,2,0,1,1,ln32_s0.5_seed1_L3_mant_lo_b0_S20_t1,colored,1,0.5,3431.552,3462.708,3407.331,0.4201,0.4562,ok,30,e,0,1.000e-13
1.606114e-16,1.157946e-18,1.606114e-16,0.000000e+00,0.000000e+00,32,mant_lo,benign,-1,1.232e-16,4.740e-13,-1,9.805e-09,9.805e-09,-1,-1,1,none,5.000e-04,0,3,0,20,712,ln32_s0.5_seed1,0.000e+00,0.000e+00,0,0,fast,5.27301,0.129925,16.48,40,2,0,1,1,ln32_s0.5_seed1_L3_mant_lo_b0_S20_t2,colored,1,0.5,3429.863,3415.791,3417.216,0.4257,0.4257,ok,39,e,0,1.000e-13
0.000000e+00,0.000000e+00,0.000000e+00,0.000000e+00,0.000000e+00,32,mant_lo,benign,-1,1.232e-16,1.232e-16,-1,9.805e-09,9.805e-09,-1,-1,1,none,5.000e-04,0,3,0,36,349,ln32_s0.5_seed1,0.000e+00,0.000e+00,0,0,fast,5.27301,0.129925,16.48,40,2,0,1,1,ln32_s0.5_seed1_L3_mant_lo_b0_S36_t0,colored,1,0.5,3452.574,3448.073,3424.811,0.0000,0.0000,ok,-1,e,0,1.000e-13
3.021395e-17,0.000000e+00,3.021395e-17,0.000000e+00,0.000000e+00,32,mant_lo,benign,-1,1.232e-16,8.106e-14,-1,9.805e-09,9.805e-09,-1,-1,1,none,5.000e-04,0,3,0,36,733,ln32_s0.5_seed1,0.000e+00,0.000e+00,0,0,fast,5.27301,0.129925,16.48,40,2,0,1,1,ln32_s0.5_seed1_L3_mant_lo_b0_S36_t1,colored,1,0.5,3434.316,3439.167,3413.564,0.0876,0.0876,ok,39,e,0,1.000e-13
0.000000e+00,0.000000e+00,0.000000e+00,0.000000e+00,0.000000e+00,32,mant_lo,benign,-1,1.232e-16,1.232e-16,-1,9.805e-09,9.805e-09,-1,-1,1,none,5.000e-04,0,3,0,36,712,ln32_s0.5_seed1,0.000e+00,0.000e+00,0,0,fast,5.27301,0.129925,16.48,40,2,0,1,1,ln32_s0.5_seed1_L3_mant_lo_b0_S36_t2,colored,1,0.5,3436.756,3430.837,3398.984,0.0000,0.0000,ok,-1,e,0,1.000e-13
7.947005e+02,2.487840e+01,2.920774e+03,0.000000e+00,0.000000e+00,32,mant_hi,persistent,4,1.232e-16,6.038e-03,4,9.805e-09,3.123e+01,4,-1,1,D1+D2+D3,5.000e-04,46,3,0,4,349,ln32_s0.5_seed1,0.000e+00,0.000e+00,0,483,fast,5.27301,0.129925,16.48,40,2,0,1,1,ln32_s0.5_seed1_L3_mant_hi_b46_S4_t0,colored,1,0.5,3424.661,3434.703,5553.250,0.0041,0.0535,ok,5,e,0,1.000e-13
3.048234e+02,9.527622e+00,1.112196e+03,0.000000e+00,0.000000e+00,32,mant_hi,persistent,4,1.232e-16,4.995e-03,4,9.805e-09,2.691e+01,4,-1,1,D1+D2+D3,5.000e-04,46,3,0,4,733,ln32_s0.5_seed1,0.000e+00,0.000e+00,0,483,fast,5.27301,0.129925,16.48,40,2,0,1,1,ln32_s0.5_seed1_L3_mant_hi_b46_S4_t1,colored,1,0.5,3430.094,3407.790,5515.721,0.0053,0.0407,ok,5,e,0,1.000e-13
1.151853e+13,3.609585e+11,4.244159e+13,0.000000e+00,0.000000e+00,32,mant_hi,persistent,4,1.232e-16,6.422e-03,4,9.805e-09,8.201e+11,4,-1,1,D1+D2+D3,5.000e-04,46,3,0,4,712,ln32_s0.5_seed1,0.000e+00,0.000e+00,0,483,fast,5.27301,0.129925,16.48,40,2,0,1,1,ln32_s0.5_seed1_L3_mant_hi_b46_S4_t2,colored,1,0.5,3429.828,3408.772,5575.058,0.0035,0.0392,ok,5,e,0,1.000e-13
1.884514e+06,2.229551e+04,2.728392e+06,0.000000e+00,0.000000e+00,32,mant_hi,persistent,20,1.232e-16,6.038e-03,20,9.805e-09,2.426e+04,20,-1,1,D1+D2+D3,5.000e-04,46,3,0,20,349,ln32_s0.5_seed1,0.000e+00,0.000e+00,0,484,fast,5.27301,0.129925,16.48,40,2,0,1,1,ln32_s0.5_seed1_L3_mant_hi_b46_S20_t0,colored,1,0.5,3417.949,3411.078,5716.300,0.0024,0.0380,ok,20,e,0,1.000e-13
4.079551e+02,4.785511e+00,5.744027e+02,0.000000e+00,0.000000e+00,32,mant_hi,persistent,20,1.232e-16,4.995e-03,20,9.805e-09,6.452e+00,20,-1,1,D1+D2+D3,5.000e-04,46,3,0,20,733,ln32_s0.5_seed1,0.000e+00,0.000e+00,0,484,fast,5.27301,0.129925,16.48,40,2,0,1,1,ln32_s0.5_seed1_L3_mant_hi_b46_S20_t1,colored,1,0.5,3426.180,3413.307,5743.944,0.0035,0.0306,ok,20,e,0,1.000e-13
2.427406e+04,2.884652e+02,3.565811e+04,0.000000e+00,0.000000e+00,32,mant_hi,persistent,20,1.232e-16,6.421e-03,20,9.805e-09,5.294e+01,20,-1,1,D1+D2+D3,5.000e-04,46,3,0,20,712,ln32_s0.5_seed1,0.000e+00,0.000e+00,0,484,fast,5.27301,0.129925,16.48,40,2,0,1,1,ln32_s0.5_seed1_L3_mant_hi_b46_S20_t2,colored,1,0.5,3413.953,3412.617,5724.126,0.0019,0.0279,ok,20,e,0,1.000e-13
5.359848e+02,0.000000e+00,5.359848e+02,0.000000e+00,0.000000e+00,32,mant_hi,persistent,36,1.232e-16,6.038e-03,36,9.805e-09,6.446e+00,36,-1,1,D1+D2+D3,5.000e-04,46,3,0,36,349,ln32_s0.5_seed1,0.000e+00,0.000e+00,0,484,fast,5.27301,0.129925,16.48,40,2,0,1,1,ln32_s0.5_seed1_L3_mant_hi_b46_S36_t0,colored,1,0.5,3439.705,3450.594,5819.584,0.0094,0.0094,ok,39,e,0,1.000e-13
2.018902e+13,0.000000e+00,2.018902e+13,0.000000e+00,0.000000e+00,32,mant_hi,persistent,36,1.232e-16,4.995e-03,36,9.805e-09,2.385e+11,36,-1,1,D1+D2+D3,5.000e-04,46,3,0,36,733,ln32_s0.5_seed1,0.000e+00,0.000e+00,0,484,fast,5.27301,0.129925,16.48,40,2,0,1,1,ln32_s0.5_seed1_L3_mant_hi_b46_S36_t1,colored,1,0.5,3390.801,3408.411,5788.036,0.0097,0.0097,ok,39,e,0,1.000e-13
1.111736e+10,0.000000e+00,1.111736e+10,0.000000e+00,0.000000e+00,32,mant_hi,persistent,36,1.232e-16,6.421e-03,36,9.805e-09,5.345e+07,36,-1,1,D1+D2+D3,5.000e-04,46,3,0,36,712,ln32_s0.5_seed1,0.000e+00,0.000e+00,0,484,fast,5.27301,0.129925,16.48,40,2,0,1,1,ln32_s0.5_seed1_L3_mant_hi_b46_S36_t2,colored,1,0.5,3420.038,3448.865,5748.598,0.0066,0.0066,ok,39,e,0,1.000e-13
1.576506e+09,4.935488e+07,5.794526e+09,0.000000e+00,0.000000e+00,32,mant_hi,persistent,4,1.232e-16,6.038e-03,4,9.805e-09,4.222e+07,4,-1,1,D1+D2+D3,5.000e-04,43,3,0,4,349,ln32_s0.5_seed1,0.000e+00,0.000e+00,0,483,fast,5.27301,0.129925,16.48,40,2,0,1,1,ln32_s0.5_seed1_L3_mant_hi_b43_S4_t0,colored,1,0.5,3434.425,3455.983,5530.407,0.0042,0.0536,ok,5,e,0,1.000e-13
2.627747e+04,8.213287e+02,9.587790e+04,0.000000e+00,0.000000e+00,32,mant_hi,persistent,4,1.232e-16,4.994e-03,4,9.805e-09,1.348e+03,4,-1,1,D1+D2+D3,5.000e-04,43,3,0,4,733,ln32_s0.5_seed1,0.000e+00,0.000e+00,0,483,fast,5.27301,0.129925,16.48,40,2,0,1,1,ln32_s0.5_seed1_L3_mant_hi_b43_S4_t1,colored,1,0.5,3432.016,3406.922,5376.450,0.0058,0.0407,ok,5,e,0,1.000e-13
1.795474e+02,5.626769e+00,6.616513e+02,0.000000e+00,0.000000e+00,32,mant_hi,persistent,4,1.232e-16,6.421e-03,4,9.805e-09,8.942e+00,4,-1,1,D1+D2+D3,5.000e-04,43,3,0,4,712,ln32_s0.5_seed1,0.000e+00,0.000e+00,0,483,fast,5.27301,0.129925,16.48,40,2,0,1,1,ln32_s0.5_seed1_L3_mant_hi_b43_S4_t2,colored,1,0.5,3443.273,3442.256,5501.977,0.0032,0.0389,ok,5,e,0,1.000e-13
3.085140e+04,3.649958e+02,4.466656e+04,0.000000e+00,0.000000e+00,32,mant_hi,persistent,20,1.232e-16,6.038e-03,20,9.805e-09,1.826e+02,20,-1,1,D1+D2+D3,5.000e-04,43,3,0,20,349,ln32_s0.5_seed1,0.000e+00,0.000e+00,0,484,fast,5.27301,0.129925,16.48,40,2,0,1,1,ln32_s0.5_seed1_L3_mant_hi_b43_S20_t0,colored,1,0.5,3427.333,3421.390,5719.911,0.0023,0.0380,ok,20,e,0,1.000e-13
4.305692e+09,5.050914e+07,6.062670e+09,0.000000e+00,0.000000e+00,32,mant_hi,persistent,20,1.232e-16,4.994e-03,20,9.805e-09,7.859e+07,20,-1,1,D1+D2+D3,5.000e-04,43,3,0,20,733,ln32_s0.5_seed1,0.000e+00,0.000e+00,0,484,fast,5.27301,0.129925,16.48,40,2,0,1,1,ln32_s0.5_seed1_L3_mant_hi_b43_S20_t1,colored,1,0.5,3424.515,3427.092,5639.415,0.0033,0.0304,ok,20,e,0,1.000e-13
4.663395e+09,5.541682e+07,6.850030e+09,0.000000e+00,0.000000e+00,32,mant_hi,persistent,20,1.232e-16,6.421e-03,20,9.805e-09,7.826e+07,20,-1,1,D1+D2+D3,5.000e-04,43,3,0,20,712,ln32_s0.5_seed1,0.000e+00,0.000e+00,0,484,fast,5.27301,0.129925,16.48,40,2,0,1,1,ln32_s0.5_seed1_L3_mant_hi_b43_S20_t2,colored,1,0.5,3405.678,3439.897,5724.653,0.0020,0.0282,ok,20,e,0,1.000e-13
6.894365e+04,0.000000e+00,6.894365e+04,0.000000e+00,0.000000e+00,32,mant_hi,persistent,36,1.232e-16,6.038e-03,36,9.805e-09,4.056e+02,36,-1,1,D1+D2+D3,5.000e-04,43,3,0,36,349,ln32_s0.5_seed1,0.000e+00,0.000e+00,0,484,fast,5.27301,0.129925,16.48,40,2,0,1,1,ln32_s0.5_seed1_L3_mant_hi_b43_S36_t0,colored,1,0.5,3440.691,3427.558,5745.645,0.0093,0.0093,ok,39,e,0,1.000e-13
1.948547e+06,0.000000e+00,1.948547e+06,0.000000e+00,0.000000e+00,32,mant_hi,persistent,36,1.232e-16,4.995e-03,36,9.805e-09,1.620e+04,36,-1,1,D1+D2+D3,5.000e-04,43,3,0,36,733,ln32_s0.5_seed1,0.000e+00,0.000e+00,0,484,fast,5.27301,0.129925,16.48,40,2,0,1,1,ln32_s0.5_seed1_L3_mant_hi_b43_S36_t1,colored,1,0.5,3459.439,3426.320,5755.899,0.0100,0.0100,ok,39,e,0,1.000e-13
9.991454e+03,0.000000e+00,9.991454e+03,0.000000e+00,0.000000e+00,32,mant_hi,persistent,36,1.232e-16,6.421e-03,36,9.805e-09,3.008e+01,36,-1,1,D1+D2+D3,5.000e-04,43,3,0,36,712,ln32_s0.5_seed1,0.000e+00,0.000e+00,0,484,fast,5.27301,0.129925,16.48,40,2,0,1,1,ln32_s0.5_seed1_L3_mant_hi_b43_S36_t2,colored,1,0.5,3426.889,3433.817,5781.864,0.0065,0.0065,ok,39,e,0,1.000e-13
2.588084e+03,8.102714e+01,9.512671e+03,0.000000e+00,0.000000e+00,32,exp,persistent,4,1.232e-16,6.039e-03,4,9.805e-09,2.877e+02,4,-1,1,D1+D2+D3,5.000e-04,52,3,0,4,349,ln32_s0.5_seed1,0.000e+00,0.000e+00,0,483,fast,5.27301,0.129925,16.48,40,2,0,1,1,ln32_s0.5_seed1_L3_exp_b52_S4_t0,colored,1,0.5,3410.458,3411.386,5535.768,0.0051,0.0538,ok,5,e,0,1.000e-13
4.534811e+12,1.417384e+11,1.654564e+13,0.000000e+00,0.000000e+00,32,exp,persistent,4,1.232e-16,4.995e-03,4,9.805e-09,1.403e+11,4,-1,1,D1+D2+D3,5.000e-04,52,3,0,4,733,ln32_s0.5_seed1,0.000e+00,0.000e+00,0,483,fast,5.27301,0.129925,16.48,40,2,0,1,1,ln32_s0.5_seed1_L3_exp_b52_S4_t1,colored,1,0.5,3424.924,3450.685,5466.599,0.0055,0.0407,ok,5,e,0,1.000e-13
1.160177e+12,3.636122e+10,4.275886e+12,0.000000e+00,0.000000e+00,32,exp,persistent,4,1.232e-16,6.420e-03,4,9.805e-09,2.308e+11,4,-1,1,D1+D2+D3,5.000e-04,52,3,0,4,712,ln32_s0.5_seed1,0.000e+00,0.000e+00,0,483,fast,5.27301,0.129925,16.48,40,2,0,1,1,ln32_s0.5_seed1_L3_exp_b52_S4_t2,colored,1,0.5,3445.257,3440.552,5526.395,0.0057,0.0391,ok,5,e,0,1.000e-13
1.098691e+10,1.299861e+08,1.590762e+10,0.000000e+00,0.000000e+00,32,exp,persistent,20,1.232e-16,6.038e-03,20,9.805e-09,5.315e+08,20,-1,1,D1+D2+D3,5.000e-04,52,3,0,20,349,ln32_s0.5_seed1,0.000e+00,0.000e+00,0,484,fast,5.27301,0.129925,16.48,40,2,0,1,1,ln32_s0.5_seed1_L3_exp_b52_S20_t0,colored,1,0.5,3455.795,3443.121,5723.046,0.0040,0.0381,ok,20,e,0,1.000e-13
4.307836e+14,5.053344e+12,6.065433e+14,0.000000e+00,0.000000e+00,32,exp,persistent,20,1.232e-16,4.994e-03,20,9.805e-09,1.296e+13,20,-1,1,D1+D2+D3,5.000e-04,52,3,0,20,733,ln32_s0.5_seed1,0.000e+00,0.000e+00,0,484,fast,5.27301,0.129925,16.48,40,2,0,1,1,ln32_s0.5_seed1_L3_exp_b52_S20_t1,colored,1,0.5,3426.624,3414.830,5687.072,0.0047,0.0307,ok,20,e,0,1.000e-13
8.064646e+05,9.583305e+03,1.184583e+06,0.000000e+00,0.000000e+00,32,exp,persistent,20,1.232e-16,6.422e-03,20,9.805e-09,2.474e+04,20,-1,1,D1+D2+D3,5.000e-04,52,3,0,20,712,ln32_s0.5_seed1,0.000e+00,0.000e+00,0,484,fast,5.27301,0.129925,16.48,40,2,0,1,1,ln32_s0.5_seed1_L3_exp_b52_S20_t2,colored,1,0.5,3405.908,3434.972,5725.434,0.0024,0.0278,ok,20,e,0,1.000e-13
4.894209e+02,0.000000e+00,4.894209e+02,0.000000e+00,0.000000e+00,32,exp,persistent,36,1.232e-16,6.036e-03,36,9.805e-09,1.943e+01,36,-1,1,D1+D2+D3,5.000e-04,52,3,0,36,349,ln32_s0.5_seed1,0.000e+00,0.000e+00,0,484,fast,5.27301,0.129925,16.48,40,2,0,1,1,ln32_s0.5_seed1_L3_exp_b52_S36_t0,colored,1,0.5,3422.137,3459.272,5769.727,0.0078,0.0078,ok,39,e,0,1.000e-13
7.186020e+13,0.000000e+00,7.186020e+13,0.000000e+00,0.000000e+00,32,exp,persistent,36,1.232e-16,4.994e-03,36,9.805e-09,6.578e+11,36,-1,1,D1+D2+D3,5.000e-04,52,3,0,36,733,ln32_s0.5_seed1,0.000e+00,0.000e+00,0,484,fast,5.27301,0.129925,16.48,40,2,0,1,1,ln32_s0.5_seed1_L3_exp_b52_S36_t1,colored,1,0.5,3434.100,3447.631,5768.352,0.0098,0.0098,ok,39,e,0,1.000e-13
2.112010e+02,0.000000e+00,2.112010e+02,0.000000e+00,0.000000e+00,32,exp,persistent,36,1.232e-16,6.420e-03,36,9.805e-09,1.560e+00,36,-1,1,D1+D2+D3,5.000e-04,52,3,0,36,712,ln32_s0.5_seed1,0.000e+00,0.000e+00,0,484,fast,5.27301,0.129925,16.48,40,2,0,1,1,ln32_s0.5_seed1_L3_exp_b52_S36_t2,colored,1,0.5,3462.189,3415.783,5766.976,0.0066,0.0066,ok,39,e,0,1.000e-13
2.588084e+03,8.102714e+01,9.512671e+03,0.000000e+00,0.000000e+00,32,exp,persistent,4,1.232e-16,6.039e-03,4,9.805e-09,2.877e+02,4,-1,1,D1+D2+D3,5.000e-04,52,3,0,4,349,ln32_s0.5_seed1,0.000e+00,0.000e+00,0,483,fast,5.27301,0.129925,16.48,40,2,0,1,1,ln32_s0.5_seed1_L3_exp_b52_S4_t0,colored,1,0.5,3439.485,3447.093,5536.102,0.0051,0.0538,ok,5,e,0,1.000e-13
4.534811e+12,1.417384e+11,1.654564e+13,0.000000e+00,0.000000e+00,32,exp,persistent,4,1.232e-16,4.995e-03,4,9.805e-09,1.403e+11,4,-1,1,D1+D2+D3,5.000e-04,52,3,0,4,733,ln32_s0.5_seed1,0.000e+00,0.000e+00,0,483,fast,5.27301,0.129925,16.48,40,2,0,1,1,ln32_s0.5_seed1_L3_exp_b52_S4_t1,colored,1,0.5,3431.265,3425.532,5459.458,0.0055,0.0407,ok,5,e,0,1.000e-13
1.160177e+12,3.636122e+10,4.275886e+12,0.000000e+00,0.000000e+00,32,exp,persistent,4,1.232e-16,6.420e-03,4,9.805e-09,2.308e+11,4,-1,1,D1+D2+D3,5.000e-04,52,3,0,4,712,ln32_s0.5_seed1,0.000e+00,0.000e+00,0,483,fast,5.27301,0.129925,16.48,40,2,0,1,1,ln32_s0.5_seed1_L3_exp_b52_S4_t2,colored,1,0.5,3406.027,3418.868,5527.511,0.0057,0.0391,ok,5,e,0,1.000e-13
1.098691e+10,1.299861e+08,1.590762e+10,0.000000e+00,0.000000e+00,32,exp,persistent,20,1.232e-16,6.038e-03,20,9.805e-09,5.315e+08,20,-1,1,D1+D2+D3,5.000e-04,52,3,0,20,349,ln32_s0.5_seed1,0.000e+00,0.000e+00,0,484,fast,5.27301,0.129925,16.48,40,2,0,1,1,ln32_s0.5_seed1_L3_exp_b52_S20_t0,colored,1,0.5,3393.647,3439.324,5771.748,0.0040,0.0381,ok,20,e,0,1.000e-13
4.307836e+14,5.053344e+12,6.065433e+14,0.000000e+00,0.000000e+00,32,exp,persistent,20,1.232e-16,4.994e-03,20,9.805e-09,1.296e+13,20,-1,1,D1+D2+D3,5.000e-04,52,3,0,20,733,ln32_s0.5_seed1,0.000e+00,0.000e+00,0,484,fast,5.27301,0.129925,16.48,40,2,0,1,1,ln32_s0.5_seed1_L3_exp_b52_S20_t1,colored,1,0.5,3416.759,3394.378,5711.788,0.0047,0.0307,ok,20,e,0,1.000e-13
8.064646e+05,9.583305e+03,1.184583e+06,0.000000e+00,0.000000e+00,32,exp,persistent,20,1.232e-16,6.422e-03,20,9.805e-09,2.474e+04,20,-1,1,D1+D2+D3,5.000e-04,52,3,0,20,712,ln32_s0.5_seed1,0.000e+00,0.000e+00,0,484,fast,5.27301,0.129925,16.48,40,2,0,1,1,ln32_s0.5_seed1_L3_exp_b52_S20_t2,colored,1,0.5,3391.194,3435.310,5723.370,0.0024,0.0278,ok,20,e,0,1.000e-13
4.894209e+02,0.000000e+00,4.894209e+02,0.000000e+00,0.000000e+00,32,exp,persistent,36,1.232e-16,6.036e-03,36,9.805e-09,1.943e+01,36,-1,1,D1+D2+D3,5.000e-04,52,3,0,36,349,ln32_s0.5_seed1,0.000e+00,0.000e+00,0,484,fast,5.27301,0.129925,16.48,40,2,0,1,1,ln32_s0.5_seed1_L3_exp_b52_S36_t0,colored,1,0.5,3441.242,3407.013,5766.628,0.0078,0.0078,ok,39,e,0,1.000e-13
7.186020e+13,0.000000e+00,7.186020e+13,0.000000e+00,0.000000e+00,32,exp,persistent,36,1.232e-16,4.994e-03,36,9.805e-09,6.578e+11,36,-1,1,D1+D2+D3,5.000e-04,52,3,0,36,733,ln32_s0.5_seed1,0.000e+00,0.000e+00,0,484,fast,5.27301,0.129925,16.48,40,2,0,1,1,ln32_s0.5_seed1_L3_exp_b52_S36_t1,colored,1,0.5,3433.480,3408.258,5801.650,0.0098,0.0098,ok,39,e,0,1.000e-13
2.112010e+02,0.000000e+00,2.112010e+02,0.000000e+00,0.000000e+00,32,exp,persistent,36,1.232e-16,6.420e-03,36,9.805e-09,1.560e+00,36,-1,1,D1+D2+D3,5.000e-04,52,3,0,36,712,ln32_s0.5_seed1,0.000e+00,0.000e+00,0,484,fast,5.27301,0.129925,16.48,40,2,0,1,1,ln32_s0.5_seed1_L3_exp_b52_S36_t2,colored,1,0.5,3424.395,3435.233,5747.500,0.0066,0.0066,ok,39,e,0,1.000e-13
2.014399e+06,6.305011e+04,7.401644e+06,0.000000e+00,0.000000e+00,32,sign,persistent,4,1.232e-16,6.044e-03,4,9.805e-09,6.695e+05,4,-1,1,D1+D2+D3,5.000e-04,63,3,0,4,349,ln32_s0.5_seed1,0.000e+00,0.000e+00,0,483,fast,5.27301,0.129925,16.48,40,2,0,1,1,ln32_s0.5_seed1_L3_sign_b63_S4_t0,colored,1,0.5,3454.705,3445.768,5549.607,0.0104,0.0526,ok,5,e,0,1.000e-13
3.186184e+09,9.958966e+07,1.162574e+10,0.000000e+00,0.000000e+00,32,sign,persistent,4,1.232e-16,4.994e-03,4,9.805e-09,2.463e+08,4,-1,1,D1+D2+D3,5.000e-04,63,3,0,4,733,ln32_s0.5_seed1,0.000e+00,0.000e+00,0,483,fast,5.27301,0.129925,16.48,40,2,0,1,1,ln32_s0.5_seed1_L3_sign_b63_S4_t1,colored,1,0.5,3431.095,3440.659,5445.918,0.0054,0.0407,ok,5,e,0,1.000e-13
2.158329e+02,6.764189e+00,7.955057e+02,0.000000e+00,0.000000e+00,32,sign,persistent,4,1.232e-16,6.420e-03,4,9.805e-09,2.238e+01,4,-1,1,D1+D2+D3,5.000e-04,63,3,0,4,712,ln32_s0.5_seed1,0.000e+00,0.000e+00,0,483,fast,5.27301,0.129925,16.48,40,2,0,1,1,ln32_s0.5_seed1_L3_sign_b63_S4_t2,colored,1,0.5,3446.758,3427.195,5503.455,0.0029,0.0386,ok,5,e,0,1.000e-13
1.420769e+04,1.676238e+02,2.023602e+04,0.000000e+00,0.000000e+00,32,sign,persistent,20,1.232e-16,6.108e-03,20,9.805e-09,6.709e+03,20,-1,1,D1+D2+D3,5.000e-04,63,3,0,20,349,ln32_s0.5_seed1,0.000e+00,0.000e+00,0,484,fast,5.27301,0.129925,16.48,40,2,0,1,1,ln32_s0.5_seed1_L3_sign_b63_S20_t0,colored,1,0.5,3449.912,3413.833,5812.205,0.1327,0.0937,ok,20,e,0,1.000e-13
2.860833e+06,3.356152e+04,4.028810e+06,0.000000e+00,0.000000e+00,32,sign,persistent,20,1.232e-16,4.993e-03,20,9.805e-09,1.472e+05,20,-1,1,D1+D2+D3,5.000e-04,63,3,0,20,733,ln32_s0.5_seed1,0.000e+00,0.000e+00,0,484,fast,5.27301,0.129925,16.48,40,2,0,1,1,ln32_s0.5_seed1_L3_sign_b63_S20_t1,colored,1,0.5,3426.562,3408.917,5739.145,0.0056,0.0306,ok,20,e,0,1.000e-13
1.150114e+02,1.366815e+00,1.689624e+02,0.000000e+00,0.000000e+00,32,sign,persistent,20,1.232e-16,6.422e-03,20,9.805e-09,1.730e+00,20,-1,1,D1+D2+D3,5.000e-04,63,3,0,20,712,ln32_s0.5_seed1,0.000e+00,0.000e+00,0,484,fast,5.27301,0.129925,16.48,40,2,0,1,1,ln32_s0.5_seed1_L3_sign_b63_S20_t2,colored,1,0.5,3418.827,3399.962,5737.731,0.0020,0.0278,ok,20,e,0,1.000e-13
5.823166e+09,0.000000e+00,5.823166e+09,0.000000e+00,0.000000e+00,32,sign,persistent,36,1.232e-16,6.686e-03,36,9.805e-09,4.851e+09,36,-1,1,D1+D2+D3,5.000e-04,63,3,0,36,349,ln32_s0.5_seed1,0.000e+00,0.000e+00,0,484,fast,5.27301,0.129925,16.48,40,2,0,1,1,ln32_s0.5_seed1_L3_sign_b63_S36_t0,colored,1,0.5,3428.970,3402.159,5770.714,0.2509,0.2509,ok,39,e,0,1.000e-13
1.022965e+03,0.000000e+00,1.022965e+03,0.000000e+00,0.000000e+00,32,sign,persistent,36,1.232e-16,4.994e-03,36,9.805e-09,9.623e+00,36,-1,1,D1+D2+D3,5.000e-04,63,3,0,36,733,ln32_s0.5_seed1,0.000e+00,0.000e+00,0,484,fast,5.27301,0.129925,16.48,40,2,0,1,1,ln32_s0.5_seed1_L3_sign_b63_S36_t1,colored,1,0.5,3429.016,3443.096,5736.280,0.0097,0.0097,ok,39,e,0,1.000e-13
3.735289e+14,0.000000e+00,3.735289e+14,0.000000e+00,0.000000e+00,32,sign,persistent,36,1.232e-16,8.688e-03,36,9.805e-09,3.745e+14,36,-1,1,D1+D2+D3,5.000e-04,63,3,0,36,712,ln32_s0.5_seed1,0.000e+00,0.000e+00,0,23,fast,5.27301,0.129925,16.48,40,2,0,1,1,ln32_s0.5_seed1_L3_sign_b63_S36_t2,colored,1,0.5,3416.183,3448.982,3592.617,0.2063,0.2063,ok,39,e,0,1.000e-13
2.014399e+06,6.305011e+04,7.401644e+06,0.000000e+00,0.000000e+00,32,sign,persistent,4,1.232e-16,6.044e-03,4,9.805e-09,6.695e+05,4,-1,1,D1+D2+D3,5.000e-04,63,3,0,4,349,ln32_s0.5_seed1,0.000e+00,0.000e+00,0,483,fast,5.27301,0.129925,16.48,40,2,0,1,1,ln32_s0.5_seed1_L3_sign_b63_S4_t0,colored,1,0.5,3435.589,3434.025,5540.691,0.0104,0.0526,ok,5,e,0,1.000e-13
3.186184e+09,9.958966e+07,1.162574e+10,0.000000e+00,0.000000e+00,32,sign,persistent,4,1.232e-16,4.994e-03,4,9.805e-09,2.463e+08,4,-1,1,D1+D2+D3,5.000e-04,63,3,0,4,733,ln32_s0.5_seed1,0.000e+00,0.000e+00,0,483,fast,5.27301,0.129925,16.48,40,2,0,1,1,ln32_s0.5_seed1_L3_sign_b63_S4_t1,colored,1,0.5,3366.200,3420.916,5394.388,0.0054,0.0407,ok,5,e,0,1.000e-13
2.158329e+02,6.764189e+00,7.955057e+02,0.000000e+00,0.000000e+00,32,sign,persistent,4,1.232e-16,6.420e-03,4,9.805e-09,2.238e+01,4,-1,1,D1+D2+D3,5.000e-04,63,3,0,4,712,ln32_s0.5_seed1,0.000e+00,0.000e+00,0,483,fast,5.27301,0.129925,16.48,40,2,0,1,1,ln32_s0.5_seed1_L3_sign_b63_S4_t2,colored,1,0.5,3454.378,3436.267,5516.178,0.0029,0.0386,ok,5,e,0,1.000e-13
1.420769e+04,1.676238e+02,2.023602e+04,0.000000e+00,0.000000e+00,32,sign,persistent,20,1.232e-16,6.108e-03,20,9.805e-09,6.709e+03,20,-1,1,D1+D2+D3,5.000e-04,63,3,0,20,349,ln32_s0.5_seed1,0.000e+00,0.000e+00,0,484,fast,5.27301,0.129925,16.48,40,2,0,1,1,ln32_s0.5_seed1_L3_sign_b63_S20_t0,colored,1,0.5,3466.327,3422.818,5784.388,0.1327,0.0937,ok,20,e,0,1.000e-13
2.860833e+06,3.356152e+04,4.028810e+06,0.000000e+00,0.000000e+00,32,sign,persistent,20,1.232e-16,4.993e-03,20,9.805e-09,1.472e+05,20,-1,1,D1+D2+D3,5.000e-04,63,3,0,20,733,ln32_s0.5_seed1,0.000e+00,0.000e+00,0,484,fast,5.27301,0.129925,16.48,40,2,0,1,1,ln32_s0.5_seed1_L3_sign_b63_S20_t1,colored,1,0.5,3457.367,3393.973,5742.010,0.0056,0.0306,ok,20,e,0,1.000e-13
1.150114e+02,1.366815e+00,1.689624e+02,0.000000e+00,0.000000e+00,32,sign,persistent,20,1.232e-16,6.422e-03,20,9.805e-09,1.730e+00,20,-1,1,D1+D2+D3,5.000e-04,63,3,0,20,712,ln32_s0.5_seed1,0.000e+00,0.000e+00,0,484,fast,5.27301,0.129925,16.48,40,2,0,1,1,ln32_s0.5_seed1_L3_sign_b63_S20_t2,colored,1,0.5,3440.800,3405.538,5728.253,0.0020,0.0278,ok,20,e,0,1.000e-13
5.823166e+09,0.000000e+00,5.823166e+09,0.000000e+00,0.000000e+00,32,sign,persistent,36,1.232e-16,6.686e-03,36,9.805e-09,4.851e+09,36,-1,1,D1+D2+D3,5.000e-04,63,3,0,36,349,ln32_s0.5_seed1,0.000e+00,0.000e+00,0,484,fast,5.27301,0.129925,16.48,40,2,0,1,1,ln32_s0.5_seed1_L3_sign_b63_S36_t0,colored,1,0.5,3429.292,3428.912,5784.110,0.2509,0.2509,ok,39,e,0,1.000e-13
1.022965e+03,0.000000e+00,1.022965e+03,0.000000e+00,0.000000e+00,32,sign,persistent,36,1.232e-16,4.994e-03,36,9.805e-09,9.623e+00,36,-1,1,D1+D2+D3,5.000e-04,63,3,0,36,733,ln32_s0.5_seed1,0.000e+00,0.000e+00,0,484,fast,5.27301,0.129925,16.48,40,2,0,1,1,ln32_s0.5_seed1_L3_sign_b63_S36_t1,colored,1,0.5,3442.803,3422.739,5773.651,0.0097,0.0097,ok,39,e,0,1.000e-13
3.735289e+14,0.000000e+00,3.735289e+14,0.000000e+00,0.000000e+00,32,sign,persistent,36,1.232e-16,8.688e-03,36,9.805e-09,3.745e+14,36,-1,1,D1+D2+D3,5.000e-04,63,3,0,36,712,ln32_s0.5_seed1,0.000e+00,0.000e+00,0,23,fast,5.27301,0.129925,16.48,40,2,0,1,1,ln32_s0.5_seed1_L3_sign_b63_S36_t2,colored,1,0.5,3430.190,3445.496,3566.623,0.2063,0.2063,ok,39,e,0,1.000e-13
2.140389e-16,2.453535e-17,6.693153e-15,0.000000e+00,0.000000e+00,32,mant_lo,benign,-1,1.091e-16,1.312e-16,-1,9.847e-09,9.847e-09,-1,-1,1,none,5.000e-04,23,1,0,4,12166,ln32_s0.5_seed2,0.000e+00,0.000e+00,0,0,fast,7.29744,0.152896,15.72,40,1,0,1,1,ln32_s0.5_seed2_L1_mant_lo_b23_S4_t0,colored,2,0.5,1132.437,1070.572,1062.575,0.0285,0.4552,ok,5,e,0,1.000e-13
1.816968e-16,2.640361e-18,1.865883e-16,0.000000e+00,0.000000e+00,32,mant_lo,benign,-1,1.091e-16,1.091e-16,-1,9.847e-09,9.847e-09,-1,-1,1,none,5.000e-04,23,1,0,4,16530,ln32_s0.5_seed2,0.000e+00,0.000e+00,0,0,fast,7.29744,0.152896,15.72,40,1,0,1,1,ln32_s0.5_seed2_L1_mant_lo_b23_S4_t1,colored,2,0.5,1068.113,1044.861,1029.360,0.2409,0.3452,ok,15,e,0,1.000e-13
2.871062e-16,6.134993e-17,1.768570e-14,0.000000e+00,0.000000e+00,32,mant_lo,benign,-1,1.091e-16,1.484e-16,-1,9.847e-09,9.847e-09,-1,-1,1,none,5.000e-04,23,1,0,4,25714,ln32_s0.5_seed2,0.000e+00,0.000e+00,0,0,fast,7.29744,0.152896,15.72,40,1,0,1,1,ln32_s0.5_seed2_L1_mant_lo_b23_S4_t2,colored,2,0.5,1077.896,1087.483,1063.835,0.0118,0.5243,ok,5,e,0,1.000e-13
6.561880e-15,5.381824e-16,1.676851e-13,0.000000e+00,0.000000e+00,32,mant_lo,transient,-1,1.091e-16,1.073e-16,-1,9.847e-09,9.847e-09,-1,-1,1,none,5.000e-04,23,1,0,20,12166,ln32_s0.5_seed2,0.000e+00,0.000e+00,0,0,fast,7.29744,0.152896,15.72,40,1,0,1,1,ln32_s0.5_seed2_L1_mant_lo_b23_S20_t0,colored,2,0.5,1083.019,1114.798,1116.938,0.0055,0.3495,ok,20,e,0,1.000e-13
2.663801e-16,3.026602e-17,9.906027e-15,0.000000e+00,0.000000e+00,32,mant_lo,benign,-1,1.091e-16,1.633e-16,-1,9.847e-09,9.847e-09,-1,-1,1,none,5.000e-04,23,1,0,20,16530,ln32_s0.5_seed2,0.000e+00,0.000e+00,0,0,fast,7.29744,0.152896,15.72,40,1,0,1,1,ln32_s0.5_seed2_L1_mant_lo_b23_S20_t1,colored,2,0.5,1075.866,1085.738,1159.038,0.0041,0.4552,ok,20,e,0,1.000e-13
7.591849e-15,6.804563e-16,2.144786e-13,0.000000e+00,0.000000e+00,32,mant_lo,transient,-1,1.091e-16,1.775e-16,-1,9.847e-09,9.847e-09,-1,-1,1,none,5.000e-04,23,1,0,20,25714,ln32_s0.5_seed2,0.000e+00,0.000e+00,0,0,fast,7.29744,0.152896,15.72,40,1,0,1,1,ln32_s0.5_seed2_L1_mant_lo_b23_S20_t2,colored,2,0.5,1038.749,1073.987,1034.216,0.0039,0.3244,ok,20,e,0,1.000e-13
1.172557e-13,0.000000e+00,1.172557e-13,0.000000e+00,0.000000e+00,32,mant_lo,persistent,-1,1.091e-16,1.091e-16,-1,9.847e-09,9.847e-09,-1,-1,1,none,5.000e-04,23,1,0,36,12166,ln32_s0.5_seed2,0.000e+00,0.000e+00,0,0,fast,7.29744,0.152896,15.72,40,1,0,1,1,ln32_s0.5_seed2_L1_mant_lo_b23_S36_t0,colored,2,0.5,1094.737,1068.959,1078.645,0.0449,0.0449,ok,39,e,0,1.000e-13
6.397958e-15,0.000000e+00,6.397958e-15,0.000000e+00,0.000000e+00,32,mant_lo,benign,-1,1.091e-16,1.091e-16,-1,9.847e-09,9.847e-09,-1,-1,1,none,5.000e-04,23,1,0,36,16530,ln32_s0.5_seed2,0.000e+00,0.000e+00,0,0,fast,7.29744,0.152896,15.72,40,1,0,1,1,ln32_s0.5_seed2_L1_mant_lo_b23_S36_t1,colored,2,0.5,1116.936,1156.409,1135.610,0.0764,0.0764,ok,39,e,0,1.000e-13
1.498079e-13,0.000000e+00,1.498079e-13,0.000000e+00,0.000000e+00,32,mant_lo,persistent,-1,1.091e-16,1.091e-16,-1,9.847e-09,9.847e-09,-1,-1,1,none,5.000e-04,23,1,0,36,25714,ln32_s0.5_seed2,0.000e+00,0.000e+00,0,0,fast,7.29744,0.152896,15.72,40,1,0,1,1,ln32_s0.5_seed2_L1_mant_lo_b23_S36_t2,colored,2,0.5,1073.729,1087.875,1067.645,0.0344,0.0344,ok,39,e,0,1.000e-13
4.529543e-16,9.534437e-17,2.676801e-14,0.000000e+00,0.000000e+00,32,mant_lo,benign,-1,1.091e-16,1.091e-16,-1,9.847e-09,9.847e-09,-1,-1,1,none,5.000e-04,25,1,0,4,12166,ln32_s0.5_seed2,0.000e+00,0.000e+00,0,0,fast,7.29744,0.152896,15.72,40,1,0,1,1,ln32_s0.5_seed2_L1_mant_lo_b25_S4_t0,colored,2,0.5,1061.198,1039.107,1023.302,0.0169,0.5072,ok,5,e,0,1.000e-13
1.669783e-16,3.046495e-18,1.963851e-16,0.000000e+00,0.000000e+00,32,mant_lo,benign,-1,1.091e-16,1.802e-16,-1,9.847e-09,9.847e-09,-1,-1,1,none,5.000e-04,25,1,0,4,16530,ln32_s0.5_seed2,0.000e+00,0.000e+00,0,0,fast,7.29744,0.152896,15.72,40,1,0,1,1,ln32_s0.5_seed2_L1_mant_lo_b25_S4_t1,colored,2,0.5,1109.691,1133.603,1120.826,0.0136,0.3962,ok,5,e,0,1.000e-13
9.230147e-16,2.441812e-16,7.073919e-14,0.000000e+00,0.000000e+00,32,mant_lo,benign,-1,1.091e-16,1.091e-16,-1,9.847e-09,9.847e-09,-1,-1,1,none,5.000e-04,25,1,0,4,25714,ln32_s0.5_seed2,0.000e+00,0.000e+00,0,0,fast,7.29744,0.152896,15.72,40,1,0,1,1,ln32_s0.5_seed2_L1_mant_lo_b25_S4_t2,colored,2,0.5,1116.665,1077.705,1034.067,0.0106,0.5448,ok,5,e,0,1.000e-13
2.625747e-14,2.152738e-15,6.707406e-13,0.000000e+00,0.000000e+00,32,mant_lo,transient,-1,1.091e-16,1.021e-16,-1,9.847e-09,9.847e-09,-1,-1,1,none,5.000e-04,25,1,0,20,12166,ln32_s0.5_seed2,0.000e+00,0.000e+00,0,0,fast,7.29744,0.152896,15.72,40,1,0,1,1,ln32_s0.5_seed2_L1_mant_lo_b25_S20_t0,colored,2,0.5,1130.729,1098.710,1062.915,0.0054,0.3062,ok,20,e,0,1.000e-13
8.229305e-16,1.203901e-16,3.962364e-14,0.000000e+00,0.000000e+00,32,mant_lo,benign,-1,1.091e-16,1.091e-16,-1,9.847e-09,9.847e-09,-1,-1,1,none,5.000e-04,25,1,0,20,16530,ln32_s0.5_seed2,0.000e+00,0.000e+00,0,0,fast,7.29744,0.152896,15.72,40,1,0,1,1,ln32_s0.5_seed2_L1_mant_lo_b25_S20_t1,colored,2,0.5,1080.785,1055.675,1053.254,0.0041,0.3664,ok,20,e,0,1.000e-13
3.037653e-14,2.721870e-15,8.579143e-13,0.000000e+00,0.000000e+00,32,mant_lo,transient,-1,1.091e-16,9.806e-17,-1,9.847e-09,9.847e-09,-1,-1,1,none,5.000e-04,25,1,0,20,25714,ln32_s0.5_seed2,0.000e+00,0.000e+00,0,0,fast,7.29744,0.152896,15.72,40,1,0,1,1,ln32_s0.5_seed2_L1_mant_lo_b25_S20_t2,colored,2,0.5,1054.000,1085.569,1065.046,0.0039,0.2905,ok,20,e,0,1.000e-13
4.690217e-13,0.000000e+00,4.690217e-13,0.000000e+00,0.000000e+00,32,mant_lo,persistent,-1,1.091e-16,1.091e-16,-1,9.847e-09,9.847e-09,-1,-1,1,none,5.000e-04,25,1,0,36,12166,ln32_s0.5_seed2,0.000e+00,0.000e+00,0,0,fast,7.29744,0.152896,15.72,40,1,0,1,1,ln32_s0.5_seed2_L1_mant_lo_b25_S36_t0,colored,2,0.5,1045.480,1037.216,1067.752,0.0449,0.0449,ok,39,e,0,1.000e-13
2.558282e-14,0.000000e+00,2.558282e-14,0.000000e+00,0.000000e+00,32,mant_lo,benign,-1,1.091e-16,1.091e-16,-1,9.847e-09,9.847e-09,-1,-1,1,none,5.000e-04,25,1,0,36,16530,ln32_s0.5_seed2,0.000e+00,0.000e+00,0,0,fast,7.29744,0.152896,15.72,40,1,0,1,1,ln32_s0.5_seed2_L1_mant_lo_b25_S36_t1,colored,2,0.5,1055.565,1030.820,1047.127,0.0298,0.0298,ok,39,e,0,1.000e-13
5.992273e-13,0.000000e+00,5.992273e-13,0.000000e+00,0.000000e+00,32,mant_lo,persistent,-1,1.091e-16,1.802e-16,-1,9.847e-09,9.847e-09,-1,-1,1,none,5.000e-04,25,1,0,36,25714,ln32_s0.5_seed2,0.000e+00,0.000e+00,0,0,fast,7.29744,0.152896,15.72,40,1,0,1,1,ln32_s0.5_seed2_L1_mant_lo_b25_S36_t2,colored,2,0.5,1094.335,1056.764,1024.727,0.0344,0.0344,ok,39,e,0,1.000e-13
1.709911e-09,3.990243e-10,1.122716e-07,0.000000e+00,0.000000e+00,32,mant_hi,persistent,-1,1.091e-16,1.099e-16,-1,9.847e-09,9.847e-09,-1,-1,1,none,5.000e-04,47,1,0,4,12166,ln32_s0.5_seed2,0.000e+00,0.000e+00,0,0,fast,7.29744,0.152896,15.72,40,1,0,1,1,ln32_s0.5_seed2_L1_mant_hi_b47_S4_t0,colored,2,0.5,1058.140,1053.659,1116.854,0.0164,0.5192,ok,5,e,0,1.000e-13
4.856226e-12,2.653146e-12,8.235973e-10,0.000000e+00,0.000000e+00,32,mant_hi,persistent,-1,1.091e-16,1.043e-16,-1,9.847e-09,9.847e-09,-1,-1,1,none,5.000e-04,47,1,0,4,16530,ln32_s0.5_seed2,0.000e+00,0.000e+00,0,0,fast,7.29744,0.152896,15.72,40,1,0,1,1,ln32_s0.5_seed2_L1_mant_hi_b47_S4_t1,colored,2,0.5,1077.740,1041.615,1081.505,0.0102,0.3889,ok,5,e,0,1.000e-13
3.822570e-09,1.023890e-09,2.967009e-07,0.000000e+00,0.000000e+00,32,mant_hi,persistent,-1,1.091e-16,1.043e-16,-1,9.847e-09,9.847e-09,-1,-1,1,none,5.000e-04,47,1,0,4,25714,ln32_s0.5_seed2,0.000e+00,0.000e+00,0,0,fast,7.29744,0.152896,15.72,40,1,0,1,1,ln32_s0.5_seed2_L1_mant_hi_b47_S4_t2,colored,2,0.5,1138.869,1095.701,1108.689,0.0106,0.5176,ok,5,e,0,1.000e-13
1.101109e-07,9.029190e-09,2.813289e-06,0.000000e+00,0.000000e+00,32,mant_hi,persistent,-1,1.091e-16,1.017e-16,-1,9.847e-09,9.847e-09,-1,-1,1,none,5.000e-04,47,1,0,20,12166,ln32_s0.5_seed2,0.000e+00,0.000e+00,0,0,fast,7.29744,0.152896,15.72,40,1,0,1,1,ln32_s0.5_seed2_L1_mant_hi_b47_S20_t0,colored,2,0.5,1125.955,1124.351,1094.112,0.0055,0.2871,ok,20,e,0,1.000e-13
3.376868e-09,5.047511e-10,1.661934e-07,0.000000e+00,0.000000e+00,32,mant_hi,persistent,-1,1.091e-16,1.779e-16,-1,9.847e-09,9.847e-09,-1,-1,1,none,5.000e-04,47,1,0,20,16530,ln32_s0.5_seed2,0.000e+00,0.000e+00,0,0,fast,7.29744,0.152896,15.72,40,1,0,1,1,ln32_s0.5_seed2_L1_mant_hi_b47_S20_t1,colored,2,0.5,1140.401,1102.759,1140.205,0.0041,0.1810,ok,20,e,0,1.000e-13
1.274034e-07,1.141633e-08,3.598354e-06,0.000000e+00,0.000000e+00,32,mant_hi,persistent,-1,1.091e-16,1.145e-16,-1,9.847e-09,9.847e-09,-1,-1,1,none,5.000e-04,47,1,0,20,25714,ln32_s0.5_seed2,0.000e+00,0.000e+00,0,0,fast,7.29744,0.152896,15.72,40,1,0,1,1,ln32_s0.5_seed2_L1_mant_hi_b47_S20_t2,colored,2,0.5,1049.774,1028.193,1069.673,0.0039,0.2792,ok,20,e,0,1.000e-13
1.967221e-06,0.000000e+00,1.967221e-06,0.000000e+00,0.000000e+00,32,mant_hi,persistent,-1,1.091e-16,1.091e-16,-1,9.847e-09,9.847e-09,-1,-1,1,none,5.000e-04,47,1,0,36,12166,ln32_s0.5_seed2,0.000e+00,0.000e+00,0,0,fast,7.29744,0.152896,15.72,40,1,0,1,1,ln32_s0.5_seed2_L1_mant_hi_b47_S36_t0,colored,2,0.5,1167.825,1101.389,1139.347,0.0449,0.0449,ok,39,e,0,1.000e-13
1.072997e-07,0.000000e+00,1.072997e-07,0.000000e+00,0.000000e+00,32,mant_hi,persistent,-1,1.091e-16,1.091e-16,-1,9.847e-09,9.847e-09,-1,-1,1,none,5.000e-04,47,1,0,36,16530,ln32_s0.5_seed2,0.000e+00,0.000e+00,0,0,fast,7.29744,0.152896,15.72,40,1,0,1,1,ln32_s0.5_seed2_L1_mant_hi_b47_S36_t1,colored,2,0.5,1128.276,1103.325,1125.388,0.0235,0.0235,ok,39,e,0,1.000e-13
2.513339e-06,0.000000e+00,2.513339e-06,0.000000e+00,0.000000e+00,32,mant_hi,persistent,-1,1.091e-16,2.145e-16,-1,9.847e-09,9.847e-09,-1,-1,1,none,5.000e-04,47,1,0,36,25714,ln32_s0.5_seed2,0.000e+00,0.000e+00,0,0,fast,7.29744,0.152896,15.72,40,1,0,1,1,ln32_s0.5_seed2_L1_mant_hi_b47_S36_t2,colored,2,0.5,1059.765,1037.003,1072.416,0.0344,0.0344,ok,39,e,0,1.000e-13
2.735857e-08,6.384388e-09,1.796345e-06,0.000000e+00,0.000000e+00,32,mant_hi,persistent,-1,1.091e-16,1.129e-16,-1,9.847e-09,9.847e-09,-1,-1,1,none,5.000e-04,51,1,0,4,12166,ln32_s0.5_seed2,0.000e+00,0.000e+00,0,0,fast,7.29744,0.152896,15.72,40,1,0,1,1,ln32_s0.5_seed2_L1_mant_hi_b51_S4_t0,colored,2,0.5,1071.807,1071.862,1031.334,0.0164,0.5192,ok,5,e,0,1.000e-13
7.769961e-11,4.245034e-11,1.317756e-08,0.000000e+00,0.000000e+00,32,mant_hi,persistent,-1,1.091e-16,1.925e-16,-1,9.847e-09,9.847e-09,-1,-1,1,none,5.000e-04,51,1,0,4,16530,ln32_s0.5_seed2,0.000e+00,0.000e+00,0,0,fast,7.29744,0.152896,15.72,40,1,0,1,1,ln32_s0.5_seed2_L1_mant_hi_b51_S4_t1,colored,2,0.5,1080.190,1070.441,1048.737,0.0102,0.3890,ok,5,e,0,1.000e-13
6.116113e-08,1.638223e-08,4.747214e-06,0.000000e+00,0.000000e+00,32,mant_hi,persistent,-1,1.091e-16,1.549e-16,-1,9.847e-09,9.847e-09,-1,-1,1,none,5.000e-04,51,1,0,4,25714,ln32_s0.5_seed2,0.000e+00,0.000e+00,0,0,fast,7.29744,0.152896,15.72,40,1,0,1,1,ln32_s0.5_seed2_L1_mant_hi_b51_S4_t2,colored,2,0.5,1080.991,1044.711,1029.700,0.0106,0.5176,ok,5,e,0,1.000e-13
1.761774e-06,1.444670e-07,4.501263e-05,0.000000e+00,0.000000e+00,32,mant_hi,persistent,-1,1.091e-16,1.073e-16,-1,9.847e-09,9.847e-09,-1,-1,1,none,5.000e-04,51,1,0,20,12166,ln32_s0.5_seed2,0.000e+00,0.000e+00,0,0,fast,7.29744,0.152896,15.72,40,1,0,1,1,ln32_s0.5_seed2_L1_mant_hi_b51_S20_t0,colored,2,0.5,1092.347,1177.147,1143.567,0.0055,0.2871,ok,20,e,0,1.000e-13
5.402988e-08,8.076018e-09,2.659095e-06,0.000000e+00,0.000000e+00,32,mant_hi,persistent,-1,1.091e-16,1.117e-16,-1,9.847e-09,9.847e-09,-1,-1,1,none,5.000e-04,51,1,0,20,16530,ln32_s0.5_seed2,0.000e+00,0.000e+00,0,0,fast,7.29744,0.152896,15.72,40,1,0,1,1,ln32_s0.5_seed2_L1_mant_hi_b51_S20_t1,colored,2,0.5,1138.871,1111.027,1134.286,0.0041,0.1810,ok,20,e,0,1.000e-13
2.038455e-06,1.826612e-07,5.757367e-05,0.000000e+00,0.000000e+00,32,mant_hi,persistent,-1,1.091e-16,1.054e-16,-1,9.847e-09,9.847e-09,-1,-1,1,none,5.000e-04,51,1,0,20,25714,ln32_s0.5_seed2,0.000e+00,0.000e+00,0,0,fast,7.29744,0.152896,15.72,40,1,0,1,1,ln32_s0.5_seed2_L1_mant_hi_b51_S20_t2,colored,2,0.5,1083.883,1079.281,1081.529,0.0039,0.2792,ok,20,e,0,1.000e-13
3.147554e-05,0.000000e+00,3.147554e-05,0.000000e+00,0.000000e+00,32,mant_hi,persistent,-1,1.091e-16,1.091e-16,-1,9.847e-09,9.847e-09,-1,-1,1,none,5.000e-04,51,1,0,36,12166,ln32_s0.5_seed2,0.000e+00,0.000e+00,0,0,fast,7.29744,0.152896,15.72,40,1,0,1,1,ln32_s0.5_seed2_L1_mant_hi_b51_S36_t0,colored,2,0.5,1112.840,1055.382,1048.122,0.0449,0.0449,ok,39,e,0,1.000e-13
1.716795e-06,0.000000e+00,1.716795e-06,0.000000e+00,0.000000e+00,32,mant_hi,persistent,-1,1.091e-16,1.802e-16,-1,9.847e-09,9.847e-09,-1,-1,1,none,5.000e-04,51,1,0,36,16530,ln32_s0.5_seed2,0.000e+00,0.000e+00,0,0,fast,7.29744,0.152896,15.72,40,1,0,1,1,ln32_s0.5_seed2_L1_mant_hi_b51_S36_t1,colored,2,0.5,1083.125,1072.280,1026.321,0.0235,0.0235,ok,39,e,0,1.000e-13
4.021342e-05,0.000000e+00,4.021342e-05,0.000000e+00,0.000000e+00,32,mant_hi,persistent,-1,1.091e-16,1.091e-16,-1,9.847e-09,9.847e-09,-1,-1,1,none,5.000e-04,51,1,0,36,25714,ln32_s0.5_seed2,0.000e+00,0.000e+00,0,0,fast,7.29744,0.152896,15.72,40,1,0,1,1,ln32_s0.5_seed2_L1_mant_hi_b51_S36_t2,colored,2,0.5,1066.907,1033.829,1086.831,0.0344,0.0344,ok,39,e,0,1.000e-13
7.689971e-08,1.794530e-08,5.049183e-06,0.000000e+00,0.000000e+00,32,exp,persistent,-1,1.091e-16,1.374e-16,-1,9.847e-09,9.847e-09,-1,-1,1,none,5.000e-04,54,1,0,4,12166,ln32_s0.5_seed2,0.000e+00,0.000e+00,0,0,fast,7.29744,0.152896,15.72,40,1,0,1,1,ln32_s0.5_seed2_L1_exp_b54_S4_t0,colored,2,0.5,1084.873,1025.318,1061.743,0.0164,0.5192,ok,5,e,0,1.000e-13
1.544492e-10,8.438167e-11,2.619400e-08,0.000000e+00,0.000000e+00,32,exp,persistent,-1,1.091e-16,1.091e-16,-1,9.847e-09,9.847e-09,-1,-1,1,none,5.000e-04,54,1,0,4,16530,ln32_s0.5_seed2,0.000e+00,0.000e+00,0,0,fast,7.29744,0.152896,15.72,40,1,0,1,1,ln32_s0.5_seed2_L1_exp_b54_S4_t1,colored,2,0.5,1061.259,1074.805,1086.566,0.0102,0.3890,ok,5,e,0,1.000e-13
1.478582e-07,3.960438e-08,1.147649e-05,0.000000e+00,0.000000e+00,32,exp,persistent,-1,1.091e-16,1.091e-16,-1,9.847e-09,9.847e-09,-1,-1,1,none,5.000e-04,54,1,0,4,25714,ln32_s0.5_seed2,0.000e+00,0.000e+00,0,0,fast,7.29744,0.152896,15.72,40,1,0,1,1,ln32_s0.5_seed2_L1_exp_b54_S4_t2,colored,2,0.5,1090.771,1110.947,1143.217,0.0106,0.5176,ok,5,e,0,1.000e-13
7.390265e-05,6.060082e-06,1.888183e-03,0.000000e+00,0.000000e+00,32,exp,persistent,-1,1.091e-16,1.017e-16,-1,9.847e-09,9.847e-09,-1,-1,1,none,5.000e-04,54,1,0,20,12166,ln32_s0.5_seed2,0.000e+00,0.000e+00,0,0,fast,7.29744,0.152896,15.72,40,1,0,1,1,ln32_s0.5_seed2_L1_exp_b54_S20_t0,colored,2,0.5,1038.722,1049.447,1045.869,0.0055,0.2871,ok,20,e,0,1.000e-13
1.238390e-07,1.851061e-08,6.094768e-06,0.000000e+00,0.000000e+00,32,exp,persistent,-1,1.091e-16,1.521e-16,-1,9.847e-09,9.847e-09,-1,-1,1,none,5.000e-04,54,1,0,20,16530,ln32_s0.5_seed2,0.000e+00,0.000e+00,0,0,fast,7.29744,0.152896,15.72,40,1,0,1,1,ln32_s0.5_seed2_L1_exp_b54_S20_t1,colored,2,0.5,1140.464,1085.379,1106.621,0.0041,0.1810,ok,20,e,0,1.000e-13
9.832295e-05,8.810492e-06,2.777012e-03,0.000000e+00,0.000000e+00,32,exp,persistent,-1,1.091e-16,9.989e-17,-1,9.847e-09,9.847e-09,39,-1,1,D3,5.000e-04,54,1,0,20,25714,ln32_s0.5_seed2,0.000e+00,0.000e+00,0,0,fast,7.29744,0.152896,15.72,40,1,0,1,1,ln32_s0.5_seed2_L1_exp_b54_S20_t2,colored,2,0.5,1131.066,1122.092,1091.621,0.0039,0.2792,ok,20,e,0,1.000e-13
6.443310e-05,0.000000e+00,6.443310e-05,0.000000e+00,0.000000e+00,32,exp,persistent,-1,1.091e-16,1.091e-16,-1,9.847e-09,9.847e-09,-1,-1,1,none,5.000e-04,54,1,0,36,12166,ln32_s0.5_seed2,0.000e+00,0.000e+00,0,0,fast,7.29744,0.152896,15.72,40,1,0,1,1,ln32_s0.5_seed2_L1_exp_b54_S36_t0,colored,2,0.5,1037.996,1063.666,1071.997,0.0449,0.0449,ok,39,e,0,1.000e-13
8.948750e-05,0.000000e+00,8.948750e-05,0.000000e+00,0.000000e+00,32,exp,persistent,-1,1.091e-16,1.091e-16,-1,9.847e-09,9.847e-09,-1,-1,1,none,5.000e-04,54,1,0,36,16530,ln32_s0.5_seed2,0.000e+00,0.000e+00,0,0,fast,7.29744,0.152896,15.72,40,1,0,1,1,ln32_s0.5_seed2_L1_exp_b54_S36_t1,colored,2,0.5,1112.366,1060.199,1130.340,0.0235,0.0235,ok,39,e,0,1.000e-13
9.541269e-05,0.000000e+00,9.541269e-05,0.000000e+00,0.000000e+00,32,exp,persistent,-1,1.091e-16,1.091e-16,-1,9.847e-09,9.847e-09,-1,-1,1,none,5.000e-04,54,1,0,36,25714,ln32_s0.5_seed2,0.000e+00,0.000e+00,0,0,fast,7.29744,0.152896,15.72,40,1,0,1,1,ln32_s0.5_seed2_L1_exp_b54_S36_t2,colored,2,0.5,1087.149,1089.072,1064.542,0.0344,0.0344,ok,39,e,0,1.000e-13
8.202511e-08,1.914136e-08,5.385713e-06,0.000000e+00,0.000000e+00,32,exp,persistent,-1,1.091e-16,1.130e-16,-1,9.847e-09,9.847e-09,-1,-1,1,none,5.000e-04,56,1,0,4,12166,ln32_s0.5_seed2,0.000e+00,0.000e+00,0,0,fast,7.29744,0.152896,15.72,40,1,0,1,1,ln32_s0.5_seed2_L1_exp_b56_S4_t0,colored,2,0.5,1054.896,1035.535,1028.964,0.0164,0.5192,ok,5,e,0,1.000e-13
1.079662e-05,5.898616e-06,1.831065e-03,0.000000e+00,0.000000e+00,32,exp,persistent,-1,1.091e-16,1.894e-16,-1,9.847e-09,9.847e-09,-1,-1,1,none,5.000e-04,56,1,0,4,16530,ln32_s0.5_seed2,0.000e+00,0.000e+00,0,1,fast,7.29744,0.152896,15.72,40,1,0,1,1,ln32_s0.5_seed2_L1_exp_b56_S4_t1,colored,2,0.5,1195.805,1099.424,1138.696,0.0102,0.3890,ok,5,e,0,1.000e-13
1.577131e-07,4.224402e-08,1.224140e-05,0.000000e+00,0.000000e+00,32,exp,persistent,-1,1.091e-16,2.071e-16,-1,9.847e-09,9.847e-09,-1,-1,1,none,5.000e-04,56,1,0,4,25714,ln32_s0.5_seed2,0.000e+00,0.000e+00,0,0,fast,7.29744,0.152896,15.72,40,1,0,1,1,ln32_s0.5_seed2_L1_exp_b56_S4_t2,colored,2,0.5,1041.106,1056.135,1068.277,0.0106,0.5176,ok,5,e,0,1.000e-13
4.926768e-06,4.039993e-07,1.258770e-04,0.000000e+00,0.000000e+00,32,exp,persistent,-1,1.091e-16,1.129e-16,-1,9.847e-09,9.847e-09,-1,-1,1,none,5.000e-04,56,1,0,20,12166,ln32_s0.5_seed2,0.000e+00,0.000e+00,0,0,fast,7.29744,0.152896,15.72,40,1,0,1,1,ln32_s0.5_seed2_L1_exp_b56_S20_t0,colored,2,0.5,1076.110,1047.300,1023.877,0.0055,0.2871,ok,20,e,0,1.000e-13
1.320929e-07,1.974435e-08,6.500987e-06,0.000000e+00,0.000000e+00,32,exp,persistent,-1,1.091e-16,1.245e-16,-1,9.847e-09,9.847e-09,-1,-1,1,none,5.000e-04,56,1,0,20,16530,ln32_s0.5_seed2,0.000e+00,0.000e+00,0,0,fast,7.29744,0.152896,15.72,40,1,0,1,1,ln32_s0.5_seed2_L1_exp_b56_S20_t1,colored,2,0.5,1132.878,1095.696,1116.638,0.0041,0.1810,ok,20,e,0,1.000e-13
6.554764e-06,5.873572e-07,1.851313e-04,0.000000e+00,0.000000e+00,32,exp,persistent,-1,1.091e-16,1.091e-16,-1,9.847e-09,9.847e-09,-1,-1,1,none,5.000e-04,56,1,0,20,25714,ln32_s0.5_seed2,0.000e+00,0.000e+00,0,0,fast,7.29744,0.152896,15.72,40,1,0,1,1,ln32_s0.5_seed2_L1_exp_b56_S20_t2,colored,2,0.5,1042.116,1038.886,1103.600,0.0039,0.2792,ok,20,e,0,1.000e-13
6.872760e-05,0.000000e+00,6.872760e-05,0.000000e+00,0.000000e+00,32,exp,persistent,-1,1.091e-16,1.091e-16,-1,9.847e-09,9.847e-09,-1,-1,1,none,5.000e-04,56,1,0,36,12166,ln32_s0.5_seed2,0.000e+00,0.000e+00,0,0,fast,7.29744,0.152896,15.72,40,1,0,1,1,ln32_s0.5_seed2_L1_exp_b56_S36_t0,colored,2,0.5,1033.751,1058.830,1076.332,0.0449,0.0449,ok,39,e,0,1.000e-13
5.965742e-06,0.000000e+00,5.965742e-06,0.000000e+00,0.000000e+00,32,exp,persistent,-1,1.091e-16,1.091e-16,-1,9.847e-09,9.847e-09,-1,-1,1,none,5.000e-04,56,1,0,36,16530,ln32_s0.5_seed2,0.000e+00,0.000e+00,0,0,fast,7.29744,0.152896,15.72,40,1,0,1,1,ln32_s0.5_seed2_L1_exp_b56_S36_t1,colored,2,0.5,1131.785,1096.064,1130.025,0.0235,0.0235,ok,39,e,0,1.000e-13
1.017720e-04,0.000000e+00,1.017720e-04,0.000000e+00,0.000000e+00,32,exp,persistent,-1,1.091e-16,1.510e-16,-1,9.847e-09,9.847e-09,-1,-1,1,none,5.000e-04,56,1,0,36,25714,ln32_s0.5_seed2,0.000e+00,0.000e+00,0,0,fast,7.29744,0.152896,15.72,40,1,0,1,1,ln32_s0.5_seed2_L1_exp_b56_S36_t2,colored,2,0.5,1118.629,1068.653,1065.140,0.0344,0.0344,ok,39,e,0,1.000e-13
1.640527e-07,3.828330e-08,1.077159e-05,0.000000e+00,0.000000e+00,32,sign,persistent,-1,1.091e-16,1.330e-16,-1,9.847e-09,9.847e-09,-1,-1,1,none,5.000e-04,63,1,0,4,12166,ln32_s0.5_seed2,0.000e+00,0.000e+00,0,0,fast,7.29744,0.152896,15.72,40,1,0,1,1,ln32_s0.5_seed2_L1_sign_b63_S4_t0,colored,2,0.5,1065.267,1067.614,1035.621,0.0164,0.5192,ok,5,e,0,1.000e-13
3.294917e-10,1.800142e-10,5.588053e-08,0.000000e+00,0.000000e+00,32,sign,persistent,-1,1.091e-16,1.209e-16,-1,9.847e-09,9.847e-09,-1,-1,1,none,5.000e-04,63,1,0,4,16530,ln32_s0.5_seed2,0.000e+00,0.000e+00,0,0,fast,7.29744,0.152896,15.72,40,1,0,1,1,ln32_s0.5_seed2_L1_sign_b63_S4_t1,colored,2,0.5,1120.213,1096.933,1053.394,0.0102,0.3890,ok,5,e,0,1.000e-13
3.154309e-07,8.448933e-08,2.448317e-05,0.000000e+00,0.000000e+00,32,sign,persistent,-1,1.091e-16,2.183e-16,-1,9.847e-09,9.847e-09,-1,-1,1,none,5.000e-04,63,1,0,4,25714,ln32_s0.5_seed2,0.000e+00,0.000e+00,0,0,fast,7.29744,0.152896,15.72,40,1,0,1,1,ln32_s0.5_seed2_L1_sign_b63_S4_t2,colored,2,0.5,1054.898,1074.481,1077.928,0.0106,0.5176,ok,5,e,0,1.000e-13
9.853685e-06,8.080109e-07,2.517577e-04,0.000000e+00,0.000000e+00,32,sign,persistent,-1,1.091e-16,1.284e-16,-1,9.847e-09,9.847e-09,-1,-1,1,none,5.000e-04,63,1,0,20,12166,ln32_s0.5_seed2,0.000e+00,0.000e+00,0,0,fast,7.29744,0.152896,15.72,40,1,0,1,1,ln32_s0.5_seed2_L1_sign_b63_S20_t0,colored,2,0.5,1045.147,1086.275,1074.408,0.0055,0.2871,ok,20,e,0,1.000e-13
2.641899e-07,3.948930e-08,1.300217e-05,0.000000e+00,0.000000e+00,32,sign,persistent,-1,1.091e-16,1.775e-16,-1,9.847e-09,9.847e-09,-1,-1,1,none,5.000e-04,63,1,0,20,16530,ln32_s0.5_seed2,0.000e+00,0.000e+00,0,0,fast,7.29744,0.152896,15.72,40,1,0,1,1,ln32_s0.5_seed2_L1_sign_b63_S20_t1,colored,2,0.5,1055.173,1065.289,1051.655,0.0041,0.1810,ok,20,e,0,1.000e-13
1.310973e-05,1.174732e-06,3.702682e-04,0.000000e+00,0.000000e+00,32,sign,persistent,-1,1.091e-16,1.743e-16,-1,9.847e-09,9.847e-09,-1,-1,1,none,5.000e-04,63,1,0,20,25714,ln32_s0.5_seed2,0.000e+00,0.000e+00,0,0,fast,7.29744,0.152896,15.72,40,1,0,1,1,ln32_s0.5_seed2_L1_sign_b63_S20_t2,colored,2,0.5,1041.991,1050.451,1073.024,0.0039,0.2792,ok,20,e,0,1.000e-13
1.374573e-04,0.000000e+00,1.374573e-04,0.000000e+00,0.000000e+00,32,sign,persistent,-1,1.091e-16,1.775e-16,-1,9.847e-09,9.847e-09,-1,-1,1,none,5.000e-04,63,1,0,36,12166,ln32_s0.5_seed2,0.000e+00,0.000e+00,0,0,fast,7.29744,0.152896,15.72,40,1,0,1,1,ln32_s0.5_seed2_L1_sign_b63_S36_t0,colored,2,0.5,1076.984,1022.515,1035.310,0.0449,0.0449,ok,39,e,0,1.000e-13
1.193167e-05,0.000000e+00,1.193167e-05,0.000000e+00,0.000000e+00,32,sign,persistent,-1,1.091e-16,1.091e-16,-1,9.847e-09,9.847e-09,-1,-1,1,none,5.000e-04,63,1,0,36,16530,ln32_s0.5_seed2,0.000e+00,0.000e+00,0,0,fast,7.29744,0.152896,15.72,40,1,0,1,1,ln32_s0.5_seed2_L1_sign_b63_S36_t1,colored,2,0.5,1051.638,1100.741,1154.345,0.0235,0.0235,ok,39,e,0,1.000e-13
2.035471e-04,0.000000e+00,2.035471e-04,0.000000e+00,0.000000e+00,32,sign,persistent,-1,1.091e-16,1.091e-16,-1,9.847e-09,9.847e-09,-1,-1,1,none,5.000e-04,63,1,0,36,25714,ln32_s0.5_seed2,0.000e+00,0.000e+00,0,0,fast,7.29744,0.152896,15.72,40,1,0,1,1,ln32_s0.5_seed2_L1_sign_b63_S36_t2,colored,2,0.5,1037.886,1030.669,1103.557,0.0344,0.0344,ok,39,e,0,1.000e-13
1.640527e-07,3.828330e-08,1.077159e-05,0.000000e+00,0.000000e+00,32,sign,persistent,-1,1.091e-16,1.330e-16,-1,9.847e-09,9.847e-09,-1,-1,1,none,5.000e-04,63,1,0,4,12166,ln32_s0.5_seed2,0.000e+00,0.000e+00,0,0,fast,7.29744,0.152896,15.72,40,1,0,1,1,ln32_s0.5_seed2_L1_sign_b63_S4_t0,colored,2,0.5,1184.233,1105.221,1100.001,0.0164,0.5192,ok,5,e,0,1.000e-13
3.294917e-10,1.800142e-10,5.588053e-08,0.000000e+00,0.000000e+00,32,sign,persistent,-1,1.091e-16,1.209e-16,-1,9.847e-09,9.847e-09,-1,-1,1,none,5.000e-04,63,1,0,4,16530,ln32_s0.5_seed2,0.000e+00,0.000e+00,0,0,fast,7.29744,0.152896,15.72,40,1,0,1,1,ln32_s0.5_seed2_L1_sign_b63_S4_t1,colored,2,0.5,1080.314,1061.992,1070.175,0.0102,0.3890,ok,5,e,0,1.000e-13
3.154309e-07,8.448933e-08,2.448317e-05,0.000000e+00,0.000000e+00,32,sign,persistent,-1,1.091e-16,2.183e-16,-1,9.847e-09,9.847e-09,-1,-1,1,none,5.000e-04,63,1,0,4,25714,ln32_s0.5_seed2,0.000e+00,0.000e+00,0,0,fast,7.29744,0.152896,15.72,40,1,0,1,1,ln32_s0.5_seed2_L1_sign_b63_S4_t2,colored,2,0.5,1141.653,1123.797,1137.382,0.0106,0.5176,ok,5,e,0,1.000e-13
9.853685e-06,8.080109e-07,2.517577e-04,0.000000e+00,0.000000e+00,32,sign,persistent,-1,1.091e-16,1.284e-16,-1,9.847e-09,9.847e-09,-1,-1,1,none,5.000e-04,63,1,0,20,12166,ln32_s0.5_seed2,0.000e+00,0.000e+00,0,0,fast,7.29744,0.152896,15.72,40,1,0,1,1,ln32_s0.5_seed2_L1_sign_b63_S20_t0,colored,2,0.5,1064.536,1036.416,1085.272,0.0055,0.2871,ok,20,e,0,1.000e-13
2.641899e-07,3.948930e-08,1.300217e-05,0.000000e+00,0.000000e+00,32,sign,persistent,-1,1.091e-16,1.775e-16,-1,9.847e-09,9.847e-09,-1,-1,1,none,5.000e-04,63,1,0,20,16530,ln32_s0.5_seed2,0.000e+00,0.000e+00,0,0,fast,7.29744,0.152896,15.72,40,1,0,1,1,ln32_s0.5_seed2_L1_sign_b63_S20_t1,colored,2,0.5,1086.523,1078.525,1050.414,0.0041,0.1810,ok,20,e,0,1.000e-13
1.310973e-05,1.174732e-06,3.702682e-04,0.000000e+00,0.000000e+00,32,sign,persistent,-1,1.091e-16,1.743e-16,-1,9.847e-09,9.847e-09,-1,-1,1,none,5.000e-04,63,1,0,20,25714,ln32_s0.5_seed2,0.000e+00,0.000e+00,0,0,fast,7.29744,0.152896,15.72,40,1,0,1,1,ln32_s0.5_seed2_L1_sign_b63_S20_t2,colored,2,0.5,1051.200,1058.212,1052.511,0.0039,0.2792,ok,20,e,0,1.000e-13
1.374573e-04,0.000000e+00,1.374573e-04,0.000000e+00,0.000000e+00,32,sign,persistent,-1,1.091e-16,1.775e-16,-1,9.847e-09,9.847e-09,-1,-1,1,none,5.000e-04,63,1,0,36,12166,ln32_s0.5_seed2,0.000e+00,0.000e+00,0,0,fast,7.29744,0.152896,15.72,40,1,0,1,1,ln32_s0.5_seed2_L1_sign_b63_S36_t0,colored,2,0.5,1088.370,1068.140,1045.971,0.0449,0.0449,ok,39,e,0,1.000e-13
1.193167e-05,0.000000e+00,1.193167e-05,0.000000e+00,0.000000e+00,32,sign,persistent,-1,1.091e-16,1.091e-16,-1,9.847e-09,9.847e-09,-1,-1,1,none,5.000e-04,63,1,0,36,16530,ln32_s0.5_seed2,0.000e+00,0.000e+00,0,0,fast,7.29744,0.152896,15.72,40,1,0,1,1,ln32_s0.5_seed2_L1_sign_b63_S36_t1,colored,2,0.5,1157.627,1150.780,1177.099,0.0235,0.0235,ok,39,e,0,1.000e-13
2.035471e-04,0.000000e+00,2.035471e-04,0.000000e+00,0.000000e+00,32,sign,persistent,-1,1.091e-16,1.091e-16,-1,9.847e-09,9.847e-09,-1,-1,1,none,5.000e-04,63,1,0,36,25714,ln32_s0.5_seed2,0.000e+00,0.000e+00,0,0,fast,7.29744,0.152896,15.72,40,1,0,1,1,ln32_s0.5_seed2_L1_sign_b63_S36_t2,colored,2,0.5,1131.949,1095.791,1091.153,0.0344,0.0344,ok,39,e,0,1.000e-13
0.000000e+00,0.000000e+00,0.000000e+00,0.000000e+00,0.000000e+00,32,mant_lo,benign,-1,1.091e-16,1.091e-16,-1,9.847e-09,9.847e-09,-1,-1,1,none,5.000e-04,1,2,0,4,26057,ln32_s0.5_seed2,0.000e+00,0.000e+00,0,0,fast,7.29744,0.152896,15.72,40,1,0,1,1,ln32_s0.5_seed2_L2_mant_lo_b1_S4_t0,colored,2,0.5,1070.868,1088.262,1075.746,0.0000,0.0000,ok,-1,e,0,1.000e-13
1.693385e-16,2.513538e-18,1.764135e-16,0.000000e+00,0.000000e+00,32,mant_lo,benign,-1,1.091e-16,1.091e-16,-1,9.847e-09,9.847e-09,-1,-1,1,none,5.000e-04,1,2,0,4,19128,ln32_s0.5_seed2,0.000e+00,0.000e+00,0,0,fast,7.29744,0.152896,15.72,40,1,0,1,1,ln32_s0.5_seed2_L2_mant_lo_b1_S4_t1,colored,2,0.5,1078.115,1039.483,1066.938,0.1711,0.3978,ok,10,e,0,1.000e-13
0.000000e+00,0.000000e+00,0.000000e+00,0.000000e+00,0.000000e+00,32,mant_lo,benign,-1,1.091e-16,1.091e-16,-1,9.847e-09,9.847e-09,-1,-1,1,none,5.000e-04,1,2,0,4,29083,ln32_s0.5_seed2,0.000e+00,0.000e+00,0,0,fast,7.29744,0.152896,15.72,40,1,0,1,1,ln32_s0.5_seed2_L2_mant_lo_b1_S4_t2,colored,2,0.5,1083.070,1062.712,1076.301,0.0000,0.0000,ok,-1,e,0,1.000e-13
0.000000e+00,0.000000e+00,0.000000e+00,0.000000e+00,0.000000e+00,32,mant_lo,benign,-1,1.091e-16,1.091e-16,-1,9.847e-09,9.847e-09,-1,-1,1,none,5.000e-04,1,2,0,20,26057,ln32_s0.5_seed2,0.000e+00,0.000e+00,0,0,fast,7.29744,0.152896,15.72,40,1,0,1,1,ln32_s0.5_seed2_L2_mant_lo_b1_S20_t0,colored,2,0.5,1083.428,1060.586,1052.285,0.0000,0.0000,ok,-1,e,0,1.000e-13
0.000000e+00,0.000000e+00,0.000000e+00,0.000000e+00,0.000000e+00,32,mant_lo,benign,-1,1.091e-16,1.091e-16,-1,9.847e-09,9.847e-09,-1,-1,1,none,5.000e-04,1,2,0,20,19128,ln32_s0.5_seed2,0.000e+00,0.000e+00,0,0,fast,7.29744,0.152896,15.72,40,1,0,1,1,ln32_s0.5_seed2_L2_mant_lo_b1_S20_t1,colored,2,0.5,1078.571,1090.859,1020.565,0.0000,0.0000,ok,-1,e,0,1.000e-13
0.000000e+00,0.000000e+00,0.000000e+00,0.000000e+00,0.000000e+00,32,mant_lo,benign,-1,1.091e-16,1.091e-16,-1,9.847e-09,9.847e-09,-1,-1,1,none,5.000e-04,1,2,0,20,29083,ln32_s0.5_seed2,0.000e+00,0.000e+00,0,0,fast,7.29744,0.152896,15.72,40,1,0,1,1,ln32_s0.5_seed2_L2_mant_lo_b1_S20_t2,colored,2,0.5,1092.743,1129.182,1158.002,0.0000,0.0000,ok,-1,e,0,1.000e-13
0.000000e+00,0.000000e+00,0.000000e+00,0.000000e+00,0.000000e+00,32,mant_lo,benign,-1,1.091e-16,1.091e-16,-1,9.847e-09,9.847e-09,-1,-1,1,none,5.000e-04,1,2,0,36,26057,ln32_s0.5_seed2,0.000e+00,0.000e+00,0,0,fast,7.29744,0.152896,15.72,40,1,0,1,1,ln32_s0.5_seed2_L2_mant_lo_b1_S36_t0,colored,2,0.5,1065.152,1039.792,1063.864,0.0000,0.0000,ok,-1,e,0,1.000e-13
8.047408e-17,0.000000e+00,8.047408e-17,0.000000e+00,0.000000e+00,32,mant_lo,benign,-1,1.091e-16,1.091e-16,-1,9.847e-09,9.847e-09,-1,-1,1,none,5.000e-04,1,2,0,36,19128,ln32_s0.5_seed2,0.000e+00,0.000e+00,0,0,fast,7.29744,0.152896,15.72,40,1,0,1,1,ln32_s0.5_seed2_L2_mant_lo_b1_S36_t1,colored,2,0.5,1039.563,1043.357,1059.498,0.2235,0.2235,ok,39,e,0,1.000e-13
4.610557e-18,0.000000e+00,4.610557e-18,0.000000e+00,0.000000e+00,32,mant_lo,benign,-1,1.091e-16,1.091e-16,-1,9.847e-09,9.847e-09,-1,-1,1,none,5.000e-04,1,2,0,36,29083,ln32_s0.5_seed2,0.000e+00,0.000e+00,0,0,fast,7.29744,0.152896,15.72,40,1,0,1,1,ln32_s0.5_seed2_L2_mant_lo_b1_S36_t2,colored,2,0.5,1063.440,1076.572,1116.298,0.0138,0.0138,ok,39,e,0,1.000e-13
1.753057e-16,2.487599e-18,1.825865e-16,0.000000e+00,0.000000e+00,32,mant_lo,benign,-1,1.091e-16,1.091e-16,-1,9.847e-09,9.847e-09,-1,-1,1,none,5.000e-04,5,2,0,4,26057,ln32_s0.5_seed2,0.000e+00,0.000e+00,0,0,fast,7.29744,0.152896,15.72,40,1,0,1,1,ln32_s0.5_seed2_L2_mant_lo_b5_S4_t0,colored,2,0.5,1022.291,1065.852,1118.453,0.2296,0.4008,ok,15,e,0,1.000e-13
1.862289e-16,2.538120e-18,1.862289e-16,0.000000e+00,0.000000e+00,32,mant_lo,benign,-1,1.091e-16,1.091e-16,-1,9.847e-09,9.847e-09,-1,-1,1,none,5.000e-04,5,2,0,4,19128,ln32_s0.5_seed2,0.000e+00,0.000e+00,0,0,fast,7.29744,0.152896,15.72,40,1,0,1,1,ln32_s0.5_seed2_L2_mant_lo_b5_S4_t1,colored,2,0.5,1016.278,1018.008,1018.125,0.3451,0.3451,ok,39,e,0,1.000e-13
1.738377e-16,2.500728e-18,1.848487e-16,0.000000e+00,0.000000e+00,32,mant_lo,benign,-1,1.091e-16,1.091e-16,-1,9.847e-09,9.847e-09,-1,-1,1,none,5.000e-04,5,2,0,4,29083,ln32_s0.5_seed2,0.000e+00,0.000e+00,0,0,fast,7.29744,0.152896,15.72,40,1,0,1,1,ln32_s0.5_seed2_L2_mant_lo_b5_S4_t2,colored,2,0.5,1124.180,1164.566,1128.393,0.2273,0.4009,ok,15,e,0,1.000e-13
1.715758e-16,1.030747e-18,1.745529e-16,0.000000e+00,0.000000e+00,32,mant_lo,benign,-1,1.091e-16,1.073e-16,-1,9.847e-09,9.847e-09,-1,-1,1,none,5.000e-04,5,2,0,20,26057,ln32_s0.5_seed2,0.000e+00,0.000e+00,0,0,fast,7.29744,0.152896,15.72,40,1,0,1,1,ln32_s0.5_seed2_L2_mant_lo_b5_S20_t0,colored,2,0.5,1141.739,1148.135,1063.554,0.3542,0.3994,ok,30,e,0,1.000e-13
1.681019e-16,1.213426e-18,1.803504e-16,0.000000e+00,0.000000e+00,32,mant_lo,benign,-1,1.091e-16,1.091e-16,-1,9.847e-09,9.847e-09,-1,-1,1,none,5.000e-04,5,2,0,20,19128,ln32_s0.5_seed2,0.000e+00,0.000e+00,0,0,fast,7.29744,0.152896,15.72,40,1,0,1,1,ln32_s0.5_seed2_L2_mant_lo_b5_S20_t1,colored,2,0.5,1056.848,1058.300,1090.782,0.3827,0.3994,ok,35,e,0,1.000e-13
1.794572e-16,9.606701e-19,1.794572e-16,0.000000e+00,0.000000e+00,32,mant_lo,benign,-1,1.091e-16,1.802e-16,-1,9.847e-09,9.847e-09,-1,-1,1,none,5.000e-04,5,2,0,20,29083,ln32_s0.5_seed2,0.000e+00,0.000e+00,0,0,fast,7.29744,0.152896,15.72,40,1,0,1,1,ln32_s0.5_seed2_L2_mant_lo_b5_S20_t2,colored,2,0.5,1118.269,1109.491,1067.847,0.3439,0.3439,ok,39,e,0,1.000e-13
1.793926e-17,0.000000e+00,1.793926e-17,0.000000e+00,0.000000e+00,32,mant_lo,benign,-1,1.091e-16,1.091e-16,-1,9.847e-09,9.847e-09,-1,-1,1,none,5.000e-04,5,2,0,36,26057,ln32_s0.5_seed2,0.000e+00,0.000e+00,0,0,fast,7.29744,0.152896,15.72,40,1,0,1,1,ln32_s0.5_seed2_L2_mant_lo_b5_S36_t0,colored,2,0.5,1080.940,1048.626,1054.533,0.0620,0.0620,ok,39,e,0,1.000e-13
1.234730e-16,0.000000e+00,1.234730e-16,0.000000e+00,0.000000e+00,32,mant_lo,benign,-1,1.091e-16,1.091e-16,-1,9.847e-09,9.847e-09,-1,-1,1,none,5.000e-04,5,2,0,36,19128,ln32_s0.5_seed2,0.000e+00,0.000e+00,0,0,fast,7.29744,0.152896,15.72,40,1,0,1,1,ln32_s0.5_seed2_L2_mant_lo_b5_S36_t1,colored,2,0.5,1052.769,1058.353,1012.782,0.3137,0.3137,ok,39,e,0,1.000e-13
7.935961e-17,0.000000e+00,7.935961e-17,0.000000e+00,0.000000e+00,32,mant_lo,benign,-1,1.091e-16,1.091e-16,-1,9.847e-09,9.847e-09,-1,-1,1,none,5.000e-04,5,2,0,36,29083,ln32_s0.5_seed2,0.000e+00,0.000e+00,0,0,fast,7.29744,0.152896,15.72,40,1,0,1,1,ln32_s0.5_seed2_L2_mant_lo_b5_S36_t2,colored,2,0.5,1066.370,1101.126,1083.032,0.2189,0.2189,ok,39,e,0,1.000e-13
3.572107e-12,7.147917e-13,1.993849e-10,0.000000e+00,0.000000e+00,32,mant_hi,persistent,-1,1.091e-16,1.316e-11,-1,9.847e-09,9.847e-09,-1,-1,1,none,5.000e-04,39,2,0,4,26057,ln32_s0.5_seed2,0.000e+00,0.000e+00,0,0,fast,7.29744,0.152896,15.72,40,1,0,1,1,ln32_s0.5_seed2_L2_mant_hi_b39_S4_t0,colored,2,0.5,1078.368,1060.522,1055.032,0.0180,0.5719,ok,5,e,0,1.000e-13
6.627012e-11,1.427499e-11,4.272882e-09,0.000000e+00,0.000000e+00,32,mant_hi,persistent,4,1.091e-16,2.106e-10,-1,9.847e-09,3.389e-08,-1,-1,1,D1,5.000e-04,39,2,0,4,19128,ln32_s0.5_seed2,0.000e+00,0.000e+00,0,0,fast,7.29744,0.152896,15.72,40,1,0,1,1,ln32_s0.5_seed2_L2_mant_hi_b39_S4_t1,colored,2,0.5,1079.103,1079.599,1076.622,0.0141,0.6827,ok,5,e,0,1.000e-13
9.834160e-15,4.642408e-15,1.466892e-12,0.000000e+00,0.000000e+00,32,mant_hi,transient,-1,1.091e-16,5.141e-14,-1,9.847e-09,9.847e-09,-1,-1,1,none,5.000e-04,39,2,0,4,29083,ln32_s0.5_seed2,0.000e+00,0.000e+00,0,0,fast,7.29744,0.152896,15.72,40,1,0,1,1,ln32_s0.5_seed2_L2_mant_hi_b39_S4_t2,colored,2,0.5,1082.243,1068.317,1131.173,0.0067,0.3706,ok,5,e,0,1.000e-13
1.094048e-10,1.519947e-11,5.378435e-09,0.000000e+00,0.000000e+00,32,mant_hi,persistent,-1,1.091e-16,5.920e-11,-1,9.847e-09,1.176e-08,-1,-1,1,none,5.000e-04,39,2,0,20,26057,ln32_s0.5_seed2,0.000e+00,0.000e+00,0,0,fast,7.29744,0.152896,15.72,40,1,0,1,1,ln32_s0.5_seed2_L2_mant_hi_b39_S20_t0,colored,2,0.5,1151.904,1109.343,1178.966,0.0044,0.3421,ok,20,e,0,1.000e-13
9.030005e-10,1.598944e-10,5.813259e-08,0.000000e+00,0.000000e+00,32,mant_hi,persistent,20,1.091e-16,4.736e-10,-1,9.847e-09,8.802e-08,-1,-1,1,D1,5.000e-04,39,2,0,20,19128,ln32_s0.5_seed2,0.000e+00,0.000e+00,0,0,fast,7.29744,0.152896,15.72,40,1,0,1,1,ln32_s0.5_seed2_L2_mant_hi_b39_S20_t1,colored,2,0.5,1084.473,1057.601,1056.861,0.0035,0.4318,ok,20,e,0,1.000e-13
3.183301e-12,8.072383e-13,2.949718e-10,0.000000e+00,0.000000e+00,32,mant_hi,persistent,-1,1.091e-16,1.850e-12,-1,9.847e-09,9.847e-09,-1,-1,1,none,5.000e-04,39,2,0,20,29083,ln32_s0.5_seed2,0.000e+00,0.000e+00,0,0,fast,7.29744,0.152896,15.72,40,1,0,1,1,ln32_s0.5_seed2_L2_mant_hi_b39_S20_t2,colored,2,0.5,1053.800,1057.032,1075.240,0.0032,0.1638,ok,20,e,0,1.000e-13
8.000205e-10,0.000000e+00,8.000205e-10,0.000000e+00,0.000000e+00,32,mant_hi,persistent,-1,1.091e-16,8.171e-11,-1,9.847e-09,1.706e-08,-1,-1,1,none,5.000e-04,39,2,0,36,26057,ln32_s0.5_seed2,0.000e+00,0.000e+00,0,0,fast,7.29744,0.152896,15.72,40,1,0,1,1,ln32_s0.5_seed2_L2_mant_hi_b39_S36_t0,colored,2,0.5,1075.289,1044.783,1059.016,0.0602,0.0602,ok,39,e,0,1.000e-13
7.198151e-09,0.000000e+00,7.198151e-09,0.000000e+00,0.000000e+00,32,mant_hi,persistent,36,1.091e-16,6.537e-10,-1,9.847e-09,1.244e-07,-1,-1,1,D1,5.000e-04,39,2,0,36,19128,ln32_s0.5_seed2,0.000e+00,0.000e+00,0,0,fast,7.29744,0.152896,15.72,40,1,0,1,1,ln32_s0.5_seed2_L2_mant_hi_b39_S36_t1,colored,2,0.5,1075.623,1078.997,1076.073,0.0556,0.0556,ok,39,e,0,1.000e-13
1.525027e-10,0.000000e+00,1.525027e-10,0.000000e+00,0.000000e+00,32,mant_hi,persistent,-1,1.091e-16,1.021e-11,-1,9.847e-09,9.847e-09,-1,-1,1,none,5.000e-04,39,2,0,36,29083,ln32_s0.5_seed2,0.000e+00,0.000e+00,0,0,fast,7.29744,0.152896,15.72,40,1,0,1,1,ln32_s0.5_seed2_L2_mant_hi_b39_S36_t2,colored,2,0.5,1057.740,1024.447,1031.090,0.0203,0.0203,ok,39,e,0,1.000e-13
6.972613e-15,1.396036e-15,3.894236e-13,0.000000e+00,0.000000e+00,32,mant_hi,transient,-1,1.091e-16,2.570e-14,-1,9.847e-09,9.847e-09,-1,-1,1,none,5.000e-04,30,2,0,4,26057,ln32_s0.5_seed2,0.000e+00,0.000e+00,0,0,fast,7.29744,0.152896,15.72,40,1,0,1,1,ln32_s0.5_seed2_L2_mant_hi_b30_S4_t0,colored,2,0.5,1095.757,1088.666,1058.869,0.0180,0.5597,ok,5,e,0,1.000e-13
1.294218e-13,2.788081e-14,8.345471e-12,0.000000e+00,0.000000e+00,32,mant_hi,persistent,-1,1.091e-16,4.113e-13,-1,9.847e-09,9.847e-09,-1,-1,1,none,5.000e-04,30,2,0,4,19128,ln32_s0.5_seed2,0.000e+00,0.000e+00,0,0,fast,7.29744,0.152896,15.72,40,1,0,1,1,ln32_s0.5_seed2_L2_mant_hi_b30_S4_t1,colored,2,0.5,1068.250,1122.317,1069.846,0.0141,0.6828,ok,5,e,0,1.000e-13
1.773625e-16,1.058410e-17,2.865032e-15,0.000000e+00,0.000000e+00,32,mant_hi,benign,-1,1.091e-16,2.108e-16,-1,9.847e-09,9.847e-09,-1,-1,1,none,5.000e-04,30,2,0,4,29083,ln32_s0.5_seed2,0.000e+00,0.000e+00,0,0,fast,7.29744,0.152896,15.72,40,1,0,1,1,ln32_s0.5_seed2_L2_mant_hi_b30_S4_t2,colored,2,0.5,1072.907,1073.596,1084.956,0.0067,0.4384,ok,5,e,0,1.000e-13
2.136840e-13,2.968648e-14,1.050476e-11,0.000000e+00,0.000000e+00,32,mant_hi,persistent,-1,1.091e-16,1.156e-13,-1,9.847e-09,9.847e-09,-1,-1,1,none,5.000e-04,30,2,0,20,26057,ln32_s0.5_seed2,0.000e+00,0.000e+00,0,0,fast,7.29744,0.152896,15.72,40,1,0,1,1,ln32_s0.5_seed2_L2_mant_hi_b30_S20_t0,colored,2,0.5,1088.909,1066.043,1164.112,0.0044,0.3422,ok,20,e,0,1.000e-13
1.763672e-12,3.122938e-13,1.135402e-10,0.000000e+00,0.000000e+00,32,mant_hi,persistent,-1,1.091e-16,9.250e-13,-1,9.847e-09,9.847e-09,-1,-1,1,none,5.000e-04,30,2,0,20,19128,ln32_s0.5_seed2,0.000e+00,0.000e+00,0,0,fast,7.29744,0.152896,15.72,40,1,0,1,1,ln32_s0.5_seed2_L2_mant_hi_b30_S20_t1,colored,2,0.5,1039.949,1050.711,1052.801,0.0035,0.4317,ok,20,e,0,1.000e-13
6.219756e-15,1.576646e-15,5.761168e-13,0.000000e+00,0.000000e+00,32,mant_hi,transient,-1,1.091e-16,3.613e-15,-1,9.847e-09,9.847e-09,-1,-1,1,none,5.000e-04,30,2,0,20,29083,ln32_s0.5_seed2,0.000e+00,0.000e+00,0,0,fast,7.29744,0.152896,15.72,40,1,0,1,1,ln32_s0.5_seed2_L2_mant_hi_b30_S20_t2,colored,2,0.5,1193.505,1166.025,1148.344,0.0032,0.2341,ok,20,e,0,1.000e-13
1.562541e-12,0.000000e+00,1.562541e-12,0.000000e+00,0.000000e+00,32,mant_hi,persistent,-1,1.091e-16,1.595e-13,-1,9.847e-09,9.847e-09,-1,-1,1,none,5.000e-04,30,2,0,36,26057,ln32_s0.5_seed2,0.000e+00,0.000e+00,0,0,fast,7.29744,0.152896,15.72,40,1,0,1,1,ln32_s0.5_seed2_L2_mant_hi_b30_S36_t0,colored,2,0.5,1140.097,1096.132,1077.795,0.0602,0.0602,ok,39,e,0,1.000e-13
1.405889e-11,0.000000e+00,1.405889e-11,0.000000e+00,0.000000e+00,32,mant_hi,persistent,-1,1.091e-16,1.277e-12,-1,9.847e-09,9.847e-09,-1,-1,1,none,5.000e-04,30,2,0,36,19128,ln32_s0.5_seed2,0.000e+00,0.000e+00,0,0,fast,7.29744,0.152896,15.72,40,1,0,1,1,ln32_s0.5_seed2_L2_mant_hi_b30_S36_t1,colored,2,0.5,1084.565,1127.251,1127.674,0.0555,0.0555,ok,39,e,0,1.000e-13
2.978573e-13,0.000000e+00,2.978573e-13,0.000000e+00,0.000000e+00,32,mant_hi,persistent,-1,1.091e-16,2.003e-14,-1,9.847e-09,9.847e-09,-1,-1,1,none,5.000e-04,30,2,0,36,29083,ln32_s0.5_seed2,0.000e+00,0.000e+00,0,0,fast,7.29744,0.152896,15.72,40,1,0,1,1,ln32_s0.5_seed2_L2_mant_hi_b30_S36_t2,colored,2,0.5,1127.455,1118.513,1073.417,0.0203,0.0203,ok,39,e,0,1.000e-13
5.038784e-08,1.008279e-08,2.812506e-06,0.000000e+00,0.000000e+00,32,exp,persistent,4,1.091e-16,1.856e-07,4,9.847e-09,2.889e-05,-1,-1,1,D1+D2,5.000e-04,54,2,0,4,26057,ln32_s0.5_seed2,0.000e+00,0.000e+00,0,0,fast,7.29744,0.152896,15.72,40,1,0,1,1,ln32_s0.5_seed2_L2_exp_b54_S4_t0,colored,2,0.5,1062.253,1090.704,1076.871,0.0180,0.5719,ok,5,e,0,1.000e-13
9.743202e-06,2.098750e-06,6.282116e-04,0.000000e+00,0.000000e+00,32,exp,persistent,4,1.091e-16,3.096e-05,4,9.847e-09,4.818e-03,4,-1,1,D1+D2+D3,5.000e-04,54,2,0,4,19128,ln32_s0.5_seed2,0.000e+00,0.000e+00,0,1,fast,7.29744,0.152896,15.72,40,1,0,1,1,ln32_s0.5_seed2_L2_exp_b54_S4_t1,colored,2,0.5,1080.645,1075.457,1053.786,0.0141,0.6827,ok,5,e,0,1.000e-13
8.110982e-11,3.830654e-11,1.210401e-08,0.000000e+00,0.000000e+00,32,exp,persistent,4,1.091e-16,4.242e-10,-1,9.847e-09,6.661e-08,-1,-1,1,D1,5.000e-04,54,2,0,4,29083,ln32_s0.5_seed2,0.000e+00,0.000e+00,0,0,fast,7.29744,0.152896,15.72,40,1,0,1,1,ln32_s0.5_seed2_L2_exp_b54_S4_t2,colored,2,0.5,1075.029,1078.434,1057.198,0.0067,0.3387,ok,5,e,0,1.000e-13
2.131424e-05,2.961160e-06,1.047826e-03,0.000000e+00,0.000000e+00,32,exp,persistent,20,1.091e-16,1.153e-05,20,9.847e-09,2.142e-03,-1,-1,1,D1+D2,5.000e-04,54,2,0,20,26057,ln32_s0.5_seed2,0.000e+00,0.000e+00,0,0,fast,7.29744,0.152896,15.72,40,1,0,1,1,ln32_s0.5_seed2_L2_exp_b54_S20_t0,colored,2,0.5,1085.963,1115.674,1059.257,0.0044,0.3421,ok,20,e,0,1.000e-13
8.541675e-06,1.512476e-06,5.498886e-04,0.000000e+00,0.000000e+00,32,exp,persistent,20,1.091e-16,4.480e-06,20,9.847e-09,8.320e-04,33,-1,1,D1+D2+D3,5.000e-04,54,2,0,20,19128,ln32_s0.5_seed2,0.000e+00,0.000e+00,0,0,fast,7.29744,0.152896,15.72,40,1,0,1,1,ln32_s0.5_seed2_L2_exp_b54_S20_t1,colored,2,0.5,1143.417,1091.132,1116.112,0.0035,0.4318,ok,20,e,0,1.000e-13
3.524883e-08,8.938587e-09,3.266236e-06,0.000000e+00,0.000000e+00,32,exp,persistent,20,1.091e-16,2.049e-08,20,9.847e-09,3.805e-06,-1,-1,1,D1+D2,5.000e-04,54,2,0,20,29083,ln32_s0.5_seed2,0.000e+00,0.000e+00,0,0,fast,7.29744,0.152896,15.72,40,1,0,1,1,ln32_s0.5_seed2_L2_exp_b54_S20_t2,colored,2,0.5,1057.779,1056.109,1074.149,0.0032,0.1638,ok,20,e,0,1.000e-13
1.903204e-04,0.000000e+00,1.903204e-04,0.000000e+00,0.000000e+00,32,exp,persistent,36,1.091e-16,1.944e-05,36,9.847e-09,3.692e-03,-1,-1,1,D1+D2,5.000e-04,54,2,0,36,26057,ln32_s0.5_seed2,0.000e+00,0.000e+00,0,0,fast,7.29744,0.152896,15.72,40,1,0,1,1,ln32_s0.5_seed2_L2_exp_b54_S36_t0,colored,2,0.5,1047.389,1049.919,1077.485,0.0602,0.0602,ok,39,e,0,1.000e-13
6.021189e-05,0.000000e+00,6.021189e-05,0.000000e+00,0.000000e+00,32,exp,persistent,36,1.091e-16,5.468e-06,36,9.847e-09,1.039e-03,-1,-1,1,D1+D2,5.000e-04,54,2,0,36,19128,ln32_s0.5_seed2,0.000e+00,0.000e+00,0,0,fast,7.29744,0.152896,15.72,40,1,0,1,1,ln32_s0.5_seed2_L2_exp_b54_S36_t1,colored,2,0.5,1108.130,1120.928,1113.544,0.0556,0.0556,ok,39,e,0,1.000e-13
1.420292e-06,0.000000e+00,1.420292e-06,0.000000e+00,0.000000e+00,32,exp,persistent,36,1.091e-16,9.513e-08,36,9.847e-09,1.807e-05,-1,-1,1,D1+D2,5.000e-04,54,2,0,36,29083,ln32_s0.5_seed2,0.000e+00,0.000e+00,0,0,fast,7.29744,0.152896,15.72,40,1,0,1,1,ln32_s0.5_seed2_L2_exp_b54_S36_t2,colored,2,0.5,1102.994,1104.647,1026.483,0.0203,0.0203,ok,39,e,0,1.000e-13
1.370547e-05,2.742519e-06,7.650016e-04,0.000000e+00,0.000000e+00,32,exp,persistent,4,1.091e-16,5.049e-05,4,9.847e-09,7.858e-03,4,-1,1,D1+D2+D3,5.000e-04,55,2,0,4,26057,ln32_s0.5_seed2,0.000e+00,0.000e+00,0,1,fast,7.29744,0.152896,15.72,40,1,0,1,1,ln32_s0.5_seed2_L2_exp_b55_S4_t0,colored,2,0.5,1055.865,1084.875,1051.511,0.0180,0.5719,ok,5,e,0,1.000e-13
6.470113e-07,1.393702e-07,4.171719e-05,0.000000e+00,0.000000e+00,32,exp,persistent,4,1.091e-16,2.056e-06,4,9.847e-09,3.199e-04,-1,-1,1,D1+D2,5.000e-04,55,2,0,4,19128,ln32_s0.5_seed2,0.000e+00,0.000e+00,0,0,fast,7.29744,0.152896,15.72,40,1,0,1,1,ln32_s0.5_seed2_L2_exp_b55_S4_t1,colored,2,0.5,1080.305,1067.093,1089.569,0.0141,0.6827,ok,5,e,0,1.000e-13
8.617919e-11,4.070069e-11,1.286051e-08,0.000000e+00,0.000000e+00,32,exp,persistent,4,1.091e-16,4.507e-10,-1,9.847e-09,7.070e-08,-1,-1,1,D1,5.000e-04,55,2,0,4,29083,ln32_s0.5_seed2,0.000e+00,0.000e+00,0,0,fast,7.29744,0.152896,15.72,40,1,0,1,1,ln32_s0.5_seed2_L2_exp_b55_S4_t2,colored,2,0.5,1071.790,1145.205,1163.986,0.0067,0.3387,ok,5,e,0,1.000e-13
1.415399e-06,1.966395e-07,6.958222e-05,0.000000e+00,0.000000e+00,32,exp,persistent,20,1.091e-16,7.659e-07,20,9.847e-09,1.422e-04,-1,-1,1,D1+D2,5.000e-04,55,2,0,20,26057,ln32_s0.5_seed2,0.000e+00,0.000e+00,0,0,fast,7.29744,0.152896,15.72,40,1,0,1,1,ln32_s0.5_seed2_L2_exp_b55_S20_t0,colored,2,0.5,1068.453,1167.549,1113.605,0.0044,0.3421,ok,20,e,0,1.000e-13
9.075529e-06,1.607005e-06,5.842567e-04,0.000000e+00,0.000000e+00,32,exp,persistent,20,1.091e-16,4.760e-06,20,9.847e-09,8.840e-04,32,-1,1,D1+D2+D3,5.000e-04,55,2,0,20,19128,ln32_s0.5_seed2,0.000e+00,0.000e+00,0,0,fast,7.29744,0.152896,15.72,40,1,0,1,1,ln32_s0.5_seed2_L2_exp_b55_S20_t1,colored,2,0.5,1102.608,1069.878,1053.317,0.0035,0.4318,ok,20,e,0,1.000e-13
9.587683e-06,2.431296e-06,8.884162e-04,0.000000e+00,0.000000e+00,32,exp,persistent,20,1.091e-16,5.572e-06,20,9.847e-09,1.035e-03,20,-1,1,D1+D2+D3,5.000e-04,55,2,0,20,29083,ln32_s0.5_seed2,0.000e+00,0.000e+00,0,0,fast,7.29744,0.152896,15.72,40,1,0,1,1,ln32_s0.5_seed2_L2_exp_b55_S20_t2,colored,2,0.5,1091.284,1090.600,1093.219,0.0032,0.1638,ok,20,e,0,1.000e-13
1.263846e-05,0.000000e+00,1.263846e-05,0.000000e+00,0.000000e+00,32,exp,persistent,36,1.091e-16,1.291e-06,36,9.847e-09,2.452e-04,-1,-1,1,D1+D2,5.000e-04,55,2,0,36,26057,ln32_s0.5_seed2,0.000e+00,0.000e+00,0,0,fast,7.29744,0.152896,15.72,40,1,0,1,1,ln32_s0.5_seed2_L2_exp_b55_S36_t0,colored,2,0.5,1065.998,1057.105,1037.571,0.0602,0.0602,ok,39,e,0,1.000e-13
6.397513e-05,0.000000e+00,6.397513e-05,0.000000e+00,0.000000e+00,32,exp,persistent,36,1.091e-16,5.810e-06,36,9.847e-09,1.104e-03,-1,-1,1,D1+D2,5.000e-04,55,2,0,36,19128,ln32_s0.5_seed2,0.000e+00,0.000e+00,0,0,fast,7.29744,0.152896,15.72,40,1,0,1,1,ln32_s0.5_seed2_L2_exp_b55_S36_t1,colored,2,0.5,1055.573,1029.346,1011.560,0.0556,0.0556,ok,39,e,0,1.000e-13
3.863195e-04,0.000000e+00,3.863195e-04,0.000000e+00,0.000000e+00,32,exp,persistent,36,1.091e-16,2.587e-05,36,9.847e-09,4.915e-03,36,-1,1,D1+D2+D3,5.000e-04,55,2,0,36,29083,ln32_s0.5_seed2,0.000e+00,0.000e+00,0,0,fast,7.29744,0.152896,15.72,40,1,0,1,1,ln32_s0.5_seed2_L2_exp_b55_S36_t2,colored,2,0.5,1063.717,1089.295,1141.620,0.0203,0.0203,ok,39,e,0,1.000e-13
1.074941e-07,2.150995e-08,6.000013e-06,0.000000e+00,0.000000e+00,32,sign,persistent,4,1.091e-16,3.960e-07,4,9.847e-09,6.163e-05,-1,-1,1,D1+D2,5.000e-04,63,2,0,4,26057,ln32_s0.5_seed2,0.000e+00,0.000e+00,0,0,fast,7.29744,0.152896,15.72,40,1,0,1,1,ln32_s0.5_seed2_L2_sign_b63_S4_t0,colored,2,0.5,1053.670,1055.349,1095.469,0.0180,0.5719,ok,5,e,0,1.000e-13
1.299097e-06,2.798336e-07,8.376157e-05,0.000000e+00,0.000000e+00,32,sign,persistent,4,1.091e-16,4.128e-06,4,9.847e-09,6.424e-04,-1,-1,1,D1+D2,5.000e-04,63,2,0,4,19128,ln32_s0.5_seed2,0.000e+00,0.000e+00,0,0,fast,7.29744,0.152896,15.72,40,1,0,1,1,ln32_s0.5_seed2_L2_sign_b63_S4_t1,colored,2,0.5,1111.970,1165.140,1111.921,0.0141,0.6827,ok,5,e,0,1.000e-13
1.730343e-10,8.172061e-11,2.582189e-08,0.000000e+00,0.000000e+00,32,sign,persistent,4,1.091e-16,9.049e-10,-1,9.847e-09,1.411e-07,-1,-1,1,D1,5.000e-04,63,2,0,4,29083,ln32_s0.5_seed2,0.000e+00,0.000e+00,0,0,fast,7.29744,0.152896,15.72,40,1,0,1,1,ln32_s0.5_seed2_L2_sign_b63_S4_t2,colored,2,0.5,1145.219,1117.746,1067.165,0.0067,0.3386,ok,5,e,0,1.000e-13
2.841899e-06,3.948213e-07,1.397102e-04,0.000000e+00,0.000000e+00,32,sign,persistent,20,1.091e-16,1.538e-06,20,9.847e-09,2.856e-04,-1,-1,1,D1+D2,5.000e-04,63,2,0,20,26057,ln32_s0.5_seed2,0.000e+00,0.000e+00,0,0,fast,7.29744,0.152896,15.72,40,1,0,1,1,ln32_s0.5_seed2_L2_sign_b63_S20_t0,colored,2,0.5,1099.532,1146.756,1147.709,0.0044,0.3421,ok,20,e,0,1.000e-13
1.822224e-05,3.226615e-06,1.173096e-03,0.000000e+00,0.000000e+00,32,sign,persistent,20,1.091e-16,9.557e-06,20,9.847e-09,1.775e-03,28,-1,1,D1+D2+D3,5.000e-04,63,2,0,20,19128,ln32_s0.5_seed2,0.000e+00,0.000e+00,0,0,fast,7.29744,0.152896,15.72,40,1,0,1,1,ln32_s0.5_seed2_L2_sign_b63_S20_t1,colored,2,0.5,1063.147,1077.596,1050.785,0.0035,0.4318,ok,20,e,0,1.000e-13
7.519751e-08,1.906899e-08,6.967970e-06,0.000000e+00,0.000000e+00,32,sign,persistent,20,1.091e-16,4.370e-08,20,9.847e-09,8.116e-06,-1,-1,1,D1+D2,5.000e-04,63,2,0,20,29083,ln32_s0.5_seed2,0.000e+00,0.000e+00,0,0,fast,7.29744,0.152896,15.72,40,1,0,1,1,ln32_s0.5_seed2_L2_sign_b63_S20_t2,colored,2,0.5,1053.975,1072.679,1048.556,0.0032,0.1638,ok,20,e,0,1.000e-13
2.537605e-05,0.000000e+00,2.537605e-05,0.000000e+00,0.000000e+00,32,sign,persistent,36,1.091e-16,2.592e-06,36,9.847e-09,4.923e-04,-1,-1,1,D1+D2,5.000e-04,63,2,0,36,26057,ln32_s0.5_seed2,0.000e+00,0.000e+00,0,0,fast,7.29744,0.152896,15.72,40,1,0,1,1,ln32_s0.5_seed2_L2_sign_b63_S36_t0,colored,2,0.5,1056.850,1071.508,1084.936,0.0602,0.0602,ok,39,e,0,1.000e-13
1.284520e-04,0.000000e+00,1.284520e-04,0.000000e+00,0.000000e+00,32,sign,persistent,36,1.091e-16,1.167e-05,36,9.847e-09,2.216e-03,-1,-1,1,D1+D2,5.000e-04,63,2,0,36,19128,ln32_s0.5_seed2,0.000e+00,0.000e+00,0,0,fast,7.29744,0.152896,15.72,40,1,0,1,1,ln32_s0.5_seed2_L2_sign_b63_S36_t1,colored,2,0.5,1071.166,1058.483,1099.145,0.0556,0.0556,ok,39,e,0,1.000e-13
3.029957e-06,0.000000e+00,3.029957e-06,0.000000e+00,0.000000e+00,32,sign,persistent,36,1.091e-16,2.029e-07,36,9.847e-09,3.855e-05,-1,-1,1,D1+D2,5.000e-04,63,2,0,36,29083,ln32_s0.5_seed2,0.000e+00,0.000e+00,0,0,fast,7.29744,0.152896,15.72,40,1,0,1,1,ln32_s0.5_seed2_L2_sign_b63_S36_t2,colored,2,0.5,1040.512,1079.970,1027.675,0.0203,0.0203,ok,39,e,0,1.000e-13
1.074941e-07,2.150995e-08,6.000013e-06,0.000000e+00,0.000000e+00,32,sign,persistent,4,1.091e-16,3.960e-07,4,9.847e-09,6.163e-05,-1,-1,1,D1+D2,5.000e-04,63,2,0,4,26057,ln32_s0.5_seed2,0.000e+00,0.000e+00,0,0,fast,7.29744,0.152896,15.72,40,1,0,1,1,ln32_s0.5_seed2_L2_sign_b63_S4_t0,colored,2,0.5,1148.505,1194.698,1157.456,0.0180,0.5719,ok,5,e,0,1.000e-13
1.299097e-06,2.798336e-07,8.376157e-05,0.000000e+00,0.000000e+00,32,sign,persistent,4,1.091e-16,4.128e-06,4,9.847e-09,6.424e-04,-1,-1,1,D1+D2,5.000e-04,63,2,0,4,19128,ln32_s0.5_seed2,0.000e+00,0.000e+00,0,0,fast,7.29744,0.152896,15.72,40,1,0,1,1,ln32_s0.5_seed2_L2_sign_b63_S4_t1,colored,2,0.5,1109.272,1061.017,1038.917,0.0141,0.6827,ok,5,e,0,1.000e-13
1.730343e-10,8.172061e-11,2.582189e-08,0.000000e+00,0.000000e+00,32,sign,persistent,4,1.091e-16,9.049e-10,-1,9.847e-09,1.411e-07,-1,-1,1,D1,5.000e-04,63,2,0,4,29083,ln32_s0.5_seed2,0.000e+00,0.000e+00,0,0,fast,7.29744,0.152896,15.72,40,1,0,1,1,ln32_s0.5_seed2_L2_sign_b63_S4_t2,colored,2,0.5,1057.293,1160.028,1154.526,0.0067,0.3386,ok,5,e,0,1.000e-13
2.841899e-06,3.948213e-07,1.397102e-04,0.000000e+00,0.000000e+00,32,sign,persistent,20,1.091e-16,1.538e-06,20,9.847e-09,2.856e-04,-1,-1,1,D1+D2,5.000e-04,63,2,0,20,26057,ln32_s0.5_seed2,0.000e+00,0.000e+00,0,0,fast,7.29744,0.152896,15.72,40,1,0,1,1,ln32_s0.5_seed2_L2_sign_b63_S20_t0,colored,2,0.5,1095.832,1077.973,1097.366,0.0044,0.3421,ok,20,e,0,1.000e-13
1.822224e-05,3.226615e-06,1.173096e-03,0.000000e+00,0.000000e+00,32,sign,persistent,20,1.091e-16,9.557e-06,20,9.847e-09,1.775e-03,28,-1,1,D1+D2+D3,5.000e-04,63,2,0,20,19128,ln32_s0.5_seed2,0.000e+00,0.000e+00,0,0,fast,7.29744,0.152896,15.72,40,1,0,1,1,ln32_s0.5_seed2_L2_sign_b63_S20_t1,colored,2,0.5,1152.932,1131.853,1065.226,0.0035,0.4318,ok,20,e,0,1.000e-13
7.519751e-08,1.906899e-08,6.967970e-06,0.000000e+00,0.000000e+00,32,sign,persistent,20,1.091e-16,4.370e-08,20,9.847e-09,8.116e-06,-1,-1,1,D1+D2,5.000e-04,63,2,0,20,29083,ln32_s0.5_seed2,0.000e+00,0.000e+00,0,0,fast,7.29744,0.152896,15.72,40,1,0,1,1,ln32_s0.5_seed2_L2_sign_b63_S20_t2,colored,2,0.5,1092.912,1073.179,1060.440,0.0032,0.1638,ok,20,e,0,1.000e-13
2.537605e-05,0.000000e+00,2.537605e-05,0.000000e+00,0.000000e+00,32,sign,persistent,36,1.091e-16,2.592e-06,36,9.847e-09,4.923e-04,-1,-1,1,D1+D2,5.000e-04,63,2,0,36,26057,ln32_s0.5_seed2,0.000e+00,0.000e+00,0,0,fast,7.29744,0.152896,15.72,40,1,0,1,1,ln32_s0.5_seed2_L2_sign_b63_S36_t0,colored,2,0.5,1097.649,1055.676,1036.622,0.0602,0.0602,ok,39,e,0,1.000e-13
1.284520e-04,0.000000e+00,1.284520e-04,0.000000e+00,0.000000e+00,32,sign,persistent,36,1.091e-16,1.167e-05,36,9.847e-09,2.216e-03,-1,-1,1,D1+D2,5.000e-04,63,2,0,36,19128,ln32_s0.5_seed2,0.000e+00,0.000e+00,0,0,fast,7.29744,0.152896,15.72,40,1,0,1,1,ln32_s0.5_seed2_L2_sign_b63_S36_t1,colored,2,0.5,1092.847,1068.422,1072.870,0.0556,0.0556,ok,39,e,0,1.000e-13
3.029957e-06,0.000000e+00,3.029957e-06,0.000000e+00,0.000000e+00,32,sign,persistent,36,1.091e-16,2.029e-07,36,9.847e-09,3.855e-05,-1,-1,1,D1+D2,5.000e-04,63,2,0,36,29083,ln32_s0.5_seed2,0.000e+00,0.000e+00,0,0,fast,7.29744,0.152896,15.72,40,1,0,1,1,ln32_s0.5_seed2_L2_sign_b63_S36_t2,colored,2,0.5,1045.757,1077.332,1134.232,0.0203,0.0203,ok,39,e,0,1.000e-13
1.704802e-16,2.503944e-18,1.769636e-16,0.000000e+00,0.000000e+00,32,mant_lo,benign,-1,1.312e-16,7.575e-15,-1,9.847e-09,9.847e-09,-1,-1,1,none,5.000e-04,5,3,0,4,108,ln32_s0.5_seed2,0.000e+00,0.000e+00,0,0,fast,7.29744,0.152896,15.72,40,2,0,1,1,ln32_s0.5_seed2_L3_mant_lo_b5_S4_t0,colored,2,0.5,3297.351,3258.611,3265.055,0.2775,0.3402,ok,20,e,0,1.000e-13
1.729397e-16,2.435177e-18,1.732106e-16,0.000000e+00,0.000000e+00,32,mant_lo,benign,-1,1.312e-16,4.056e-16,-1,9.847e-09,9.847e-09,-1,-1,1,none,5.000e-04,5,3,0,4,194,ln32_s0.5_seed2,0.000e+00,0.000e+00,0,0,fast,7.29744,0.152896,15.72,40,2,0,1,1,ln32_s0.5_seed2_L3_mant_lo_b5_S4_t1,colored,2,0.5,3298.543,3285.017,3282.094,0.2310,0.4005,ok,15,e,0,1.000e-13
1.761930e-16,2.880078e-18,1.883007e-16,0.000000e+00,0.000000e+00,32,mant_lo,benign,-1,1.312e-16,1.946e-12,-1,9.847e-09,9.847e-09,-1,-1,1,none,5.000e-04,5,3,0,4,569,ln32_s0.5_seed2,0.000e+00,0.000e+00,0,0,fast,7.29744,0.152896,15.72,40,2,0,1,1,ln32_s0.5_seed2_L3_mant_lo_b5_S4_t2,colored,2,0.5,3256.096,3268.985,3280.730,0.2277,0.3434,ok,15,e,0,1.000e-13
1.719526e-16,1.140563e-18,1.719526e-16,0.000000e+00,0.000000e+00,32,mant_lo,benign,-1,1.312e-16,1.448e-13,-1,9.847e-09,9.847e-09,-1,-1,1,none,5.000e-04,5,3,0,20,108,ln32_s0.5_seed2,0.000e+00,0.000e+00,0,0,fast,7.29744,0.152896,15.72,40,2,0,1,1,ln32_s0.5_seed2_L3_mant_lo_b5_S20_t0,colored,2,0.5,3299.251,3287.900,3281.883,0.3952,0.3952,ok,39,e,0,1.000e-13
1.713748e-16,1.021296e-18,1.713748e-16,0.000000e+00,0.000000e+00,32,mant_lo,benign,-1,1.312e-16,3.054e-14,-1,9.847e-09,9.847e-09,-1,-1,1,none,5.000e-04,5,3,0,20,194,ln32_s0.5_seed2,0.000e+00,0.000e+00,0,0,fast,7.29744,0.152896,15.72,40,2,0,1,1,ln32_s0.5_seed2_L3_mant_lo_b5_S20_t1,colored,2,0.5,3282.931,3280.798,3273.563,0.3957,0.3957,ok,39,e,0,1.000e-13
2.344662e-16,2.334392e-18,2.615771e-16,0.000000e+00,0.000000e+00,32,mant_lo,benign,-1,1.312e-16,9.322e-12,-1,9.847e-09,9.847e-09,-1,-1,1,none,5.000e-04,5,3,0,20,569,ln32_s0.5_seed2,0.000e+00,0.000e+00,0,0,fast,7.29744,0.152896,15.72,40,2,0,1,1,ln32_s0.5_seed2_L3_mant_lo_b5_S20_t2,colored,2,0.5,3298.624,3281.044,3276.638,0.1531,0.2188,ok,25,e,0,1.000e-13
3.393259e-17,0.000000e+00,3.393259e-17,0.000000e+00,0.000000e+00,32,mant_lo,benign,-1,1.312e-16,2.460e-13,-1,9.847e-09,9.847e-09,-1,-1,1,none,5.000e-04,5,3,0,36,108,ln32_s0.5_seed2,0.000e+00,0.000e+00,0,0,fast,7.29744,0.152896,15.72,40,2,0,1,1,ln32_s0.5_seed2_L3_mant_lo_b5_S36_t0,colored,2,0.5,3277.888,3292.069,3277.676,0.1342,0.1342,ok,39,e,0,1.000e-13
3.125479e-17,0.000000e+00,3.125479e-17,0.000000e+00,0.000000e+00,32,mant_lo,benign,-1,1.312e-16,1.038e-13,-1,9.847e-09,9.847e-09,-1,-1,1,none,5.000e-04,5,3,0,36,194,ln32_s0.5_seed2,0.000e+00,0.000e+00,0,0,fast,7.29744,0.152896,15.72,40,2,0,1,1,ln32_s0.5_seed2_L3_mant_lo_b5_S36_t1,colored,2,0.5,3295.419,3280.829,3259.378,0.0859,0.0859,ok,39,e,0,1.000e-13
3.245234e-16,0.000000e+00,3.245234e-16,0.000000e+00,0.000000e+00,32,mant_lo,benign,-1,1.312e-16,7.918e-12,-1,9.847e-09,9.847e-09,-1,-1,1,none,5.000e-04,5,3,0,36,569,ln32_s0.5_seed2,0.000e+00,0.000e+00,0,0,fast,7.29744,0.152896,15.72,40,2,0,1,1,ln32_s0.5_seed2_L3_mant_lo_b5_S36_t2,colored,2,0.5,3308.270,3285.902,3256.692,0.1386,0.1386,ok,39,e,0,1.000e-13
1.717790e-16,2.593539e-18,1.780056e-16,0.000000e+00,0.000000e+00,32,mant_lo,benign,-1,1.312e-16,9.675e-13,-1,9.847e-09,9.847e-09,-1,-1,1,none,5.000e-04,12,3,0,4,108,ln32_s0.5_seed2,0.000e+00,0.000e+00,0,0,fast,7.29744,0.152896,15.72,40,2,0,1,1,ln32_s0.5_seed2_L3_mant_lo_b12_S4_t0,colored,2,0.5,3277.197,3295.435,3253.183,0.2819,0.3977,ok,15,e,0,1.000e-13
1.710975e-16,2.370297e-18,1.710975e-16,0.000000e+00,0.000000e+00,32,mant_lo,benign,-1,1.312e-16,5.104e-14,-1,9.847e-09,9.847e-09,-1,-1,1,none,5.000e-04,12,3,0,4,194,ln32_s0.5_seed2,0.000e+00,0.000e+00,0,0,fast,7.29744,0.152896,15.72,40,2,0,1,1,ln32_s0.5_seed2_L3_mant_lo_b12_S4_t1,colored,2,0.5,3296.141,3291.662,3290.115,0.3476,0.3476,ok,39,e,0,1.000e-13
2.510556e-15,7.968628e-17,9.482340e-15,0.000000e+00,0.000000e+00,32,mant_lo,benign,4,1.312e-16,2.491e-10,-1,9.847e-09,9.847e-09,-1,-1,1,D1,5.000e-04,12,3,0,4,569,ln32_s0.5_seed2,0.000e+00,0.000e+00,0,0,fast,7.29744,0.152896,15.72,40,2,0,1,1,ln32_s0.5_seed2_L3_mant_lo_b12_S4_t2,colored,2,0.5,3278.578,3299.182,3278.751,0.0032,0.0490,ok,5,e,0,1.000e-13
3.552380e-16,3.979591e-18,4.634920e-16,0.000000e+00,0.000000e+00,32,mant_lo,benign,-1,1.312e-16,1.854e-11,-1,9.847e-09,9.847e-09,-1,-1,1,none,5.000e-04,12,3,0,20,108,ln32_s0.5_seed2,0.000e+00,0.000e+00,0,0,fast,7.29744,0.152896,15.72,40,2,0,1,1,ln32_s0.5_seed2_L3_mant_lo_b12_S20_t0,colored,2,0.5,3276.302,3289.254,3263.589,0.0044,0.1751,ok,20,e,0,1.000e-13
1.864469e-16,1.522029e-18,1.881149e-16,0.000000e+00,0.000000e+00,32,mant_lo,benign,-1,1.312e-16,3.911e-12,-1,9.847e-09,9.847e-09,-1,-1,1,none,5.000e-04,12,3,0,20,194,ln32_s0.5_seed2,0.000e+00,0.000e+00,0,0,fast,7.29744,0.152896,15.72,40,2,0,1,1,ln32_s0.5_seed2_L3_mant_lo_b12_S20_t1,colored,2,0.5,3257.390,3295.224,3281.890,0.2407,0.2935,ok,30,e,0,1.000e-13
2.033799e-14,2.432372e-16,3.037130e-14,0.000000e+00,0.000000e+00,32,mant_lo,benign,20,1.312e-16,1.193e-09,-1,9.847e-09,9.847e-09,-1,-1,1,D1,5.000e-04,12,3,0,20,569,ln32_s0.5_seed2,0.000e+00,0.000e+00,0,0,fast,7.29744,0.152896,15.72,40,2,0,1,1,ln32_s0.5_seed2_L3_mant_lo_b12_S20_t2,colored,2,0.5,3256.947,3289.064,3297.849,0.0014,0.0185,ok,20,e,0,1.000e-13
1.159721e-15,0.000000e+00,1.159721e-15,0.000000e+00,0.000000e+00,32,mant_lo,benign,-1,1.312e-16,3.149e-11,-1,9.847e-09,9.847e-09,-1,-1,1,none,5.000e-04,12,3,0,36,108,ln32_s0.5_seed2,0.000e+00,0.000e+00,0,0,fast,7.29744,0.152896,15.72,40,2,0,1,1,ln32_s0.5_seed2_L3_mant_lo_b12_S36_t0,colored,2,0.5,3289.684,3282.518,3275.087,0.0574,0.0574,ok,39,e,0,1.000e-13
4.919678e-16,0.000000e+00,4.919678e-16,0.000000e+00,0.000000e+00,32,mant_lo,benign,-1,1.312e-16,1.329e-11,-1,9.847e-09,9.847e-09,-1,-1,1,none,5.000e-04,12,3,0,36,194,ln32_s0.5_seed2,0.000e+00,0.000e+00,0,0,fast,7.29744,0.152896,15.72,40,2,0,1,1,ln32_s0.5_seed2_L3_mant_lo_b12_S36_t1,colored,2,0.5,3304.491,3252.391,3275.988,0.0627,0.0627,ok,39,e,0,1.000e-13
3.751681e-14,0.000000e+00,3.751681e-14,0.000000e+00,0.000000e+00,32,mant_lo,benign,36,1.312e-16,1.014e-09,-1,9.847e-09,9.847e-09,-1,-1,1,D1,5.000e-04,12,3,0,36,569,ln32_s0.5_seed2,0.000e+00,0.000e+00,0,0,fast,7.29744,0.152896,15.72,40,2,0,1,1,ln32_s0.5_seed2_L3_mant_lo_b12_S36_t2,colored,2,0.5,3282.213,3270.840,3294.889,0.0043,0.0043,ok,39,e,0,1.000e-13
2.585824e-09,8.192085e-11,9.702163e-09,0.000000e+00,0.000000e+00,32,mant_hi,persistent,4,1.312e-16,2.594e-04,-1,9.847e-09,9.847e-09,-1,-1,1,D1,5.000e-04,40,3,0,4,108,ln32_s0.5_seed2,0.000e+00,0.000e+00,0,0,fast,7.29744,0.152896,15.72,40,2,0,1,1,ln32_s0.5_seed2_L3_mant_hi_b40_S4_t0,colored,2,0.5,3283.210,3291.592,3311.296,0.0048,0.0382,ok,5,e,0,1.000e-13
1.341163e-10,4.264833e-12,5.078295e-10,0.000000e+00,0.000000e+00,32,mant_hi,persistent,4,1.312e-16,1.370e-05,-1,9.847e-09,9.847e-09,-1,-1,1,D1,5.000e-04,40,3,0,4,194,ln32_s0.5_seed2,0.000e+00,0.000e+00,0,0,fast,7.29744,0.152896,15.72,40,2,0,1,1,ln32_s0.5_seed2_L3_mant_hi_b40_S4_t1,colored,2,0.5,3293.581,3258.708,3284.348,0.0028,0.0184,ok,5,e,0,1.000e-13
6.852226e+05,2.170646e+04,2.567806e+06,0.000000e+00,0.000000e+00,32,mant_hi,persistent,4,1.312e-16,5.687e-03,4,9.847e-09,2.677e+04,4,-1,1,D1+D2+D3,5.000e-04,40,3,0,4,569,ln32_s0.5_seed2,0.000e+00,0.000e+00,0,484,fast,7.29744,0.152896,15.72,40,2,0,1,1,ln32_s0.5_seed2_L3_mant_hi_b40_S4_t2,colored,2,0.5,3291.299,3309.815,5246.916,0.0023,0.0261,ok,5,e,0,1.000e-13
9.914241e+06,1.167829e+05,1.411616e+07,0.000000e+00,0.000000e+00,32,mant_hi,persistent,20,1.312e-16,5.800e-03,20,9.847e-09,2.437e+05,20,-1,1,D1+D2+D3,5.000e-04,40,3,0,20,108,ln32_s0.5_seed2,0.000e+00,0.000e+00,0,484,fast,7.29744,0.152896,15.72,40,2,0,1,1,ln32_s0.5_seed2_L3_mant_hi_b40_S20_t0,colored,2,0.5,3307.997,3284.633,5533.112,0.0028,0.0288,ok,20,e,0,1.000e-13
1.746290e-08,2.092396e-10,2.620257e-08,0.000000e+00,0.000000e+00,32,mant_hi,persistent,20,1.312e-16,1.027e-03,-1,9.847e-09,9.847e-09,-1,-1,1,D1,5.000e-04,40,3,0,20,194,ln32_s0.5_seed2,0.000e+00,0.000e+00,0,0,fast,7.29744,0.152896,15.72,40,2,0,1,1,ln32_s0.5_seed2_L3_mant_hi_b40_S20_t1,colored,2,0.5,3282.087,3257.389,3277.285,0.0018,0.0151,ok,20,e,0,1.000e-13
4.608378e+12,5.444576e+10,6.617830e+12,0.000000e+00,0.000000e+00,32,mant_hi,persistent,20,1.312e-16,5.687e-03,20,9.847e-09,2.586e+10,20,-1,1,D1+D2+D3,5.000e-04,40,3,0,20,569,ln32_s0.5_seed2,0.000e+00,0.000e+00,0,484,fast,7.29744,0.152896,15.72,40,2,0,1,1,ln32_s0.5_seed2_L3_mant_hi_b40_S20_t2,colored,2,0.5,3302.984,3294.765,5502.580,0.0016,0.0184,ok,20,e,0,1.000e-13
9.273305e+10,0.000000e+00,9.273305e+10,0.000000e+00,0.000000e+00,32,mant_hi,persistent,36,1.312e-16,5.799e-03,36,9.847e-09,1.686e+09,36,-1,1,D1+D2+D3,5.000e-04,40,3,0,36,108,ln32_s0.5_seed2,0.000e+00,0.000e+00,0,485,fast,7.29744,0.152896,15.72,40,2,0,1,1,ln32_s0.5_seed2_L3_mant_hi_b40_S36_t0,colored,2,0.5,3299.742,3259.059,5596.588,0.0090,0.0090,ok,39,e,0,1.000e-13
1.239057e+06,0.000000e+00,1.239057e+06,0.000000e+00,0.000000e+00,32,mant_hi,persistent,36,1.312e-16,5.822e-03,36,9.847e-09,2.839e+03,36,-1,1,D1+D2+D3,5.000e-04,40,3,0,36,194,ln32_s0.5_seed2,0.000e+00,0.000e+00,0,485,fast,7.29744,0.152896,15.72,40,2,0,1,1,ln32_s0.5_seed2_L3_mant_hi_b40_S36_t1,colored,2,0.5,3311.480,3304.624,5590.915,0.0049,0.0049,ok,39,e,0,1.000e-13
3.592017e+02,0.000000e+00,3.592017e+02,0.000000e+00,0.000000e+00,32,mant_hi,persistent,36,1.312e-16,5.687e-03,36,9.847e-09,9.446e-01,36,-1,1,D1+D2+D3,5.000e-04,40,3,0,36,569,ln32_s0.5_seed2,0.000e+00,0.000e+00,0,485,fast,7.29744,0.152896,15.72,40,2,0,1,1,ln32_s0.5_seed2_L3_mant_hi_b40_S36_t2,colored,2,0.5,3282.850,3271.246,5640.122,0.0044,0.0044,ok,39,e,0,1.000e-13
2.524632e-12,7.998224e-14,9.472548e-12,0.000000e+00,0.000000e+00,32,mant_hi,persistent,4,1.312e-16,2.536e-07,-1,9.847e-09,9.847e-09,-1,-1,1,D1,5.000e-04,30,3,0,4,108,ln32_s0.5_seed2,0.000e+00,0.000e+00,0,0,fast,7.29744,0.152896,15.72,40,2,0,1,1,ln32_s0.5_seed2_L3_mant_hi_b30_S4_t0,colored,2,0.5,3263.790,3277.923,3311.050,0.0048,0.0382,ok,5,e,0,1.000e-13
1.309730e-13,4.164876e-15,4.959270e-13,0.000000e+00,0.000000e+00,32,mant_hi,persistent,4,1.312e-16,1.338e-08,-1,9.847e-09,9.847e-09,-1,-1,1,D1,5.000e-04,30,3,0,4,194,ln32_s0.5_seed2,0.000e+00,0.000e+00,0,0,fast,7.29744,0.152896,15.72,40,2,0,1,1,ln32_s0.5_seed2_L3_mant_hi_b30_S4_t1,colored,2,0.5,3259.584,3264.523,3296.599,0.0028,0.0184,ok,5,e,0,1.000e-13
6.571363e-10,2.087626e-11,2.485625e-09,0.000000e+00,0.000000e+00,32,mant_hi,persistent,4,1.312e-16,6.530e-05,-1,9.847e-09,9.847e-09,-1,-1,1,D1,5.000e-04,30,3,0,4,569,ln32_s0.5_seed2,0.000e+00,0.000e+00,0,0,fast,7.29744,0.152896,15.72,40,2,0,1,1,ln32_s0.5_seed2_L3_mant_hi_b30_S4_t2,colored,2,0.5,3310.170,3302.885,3275.338,0.0021,0.0261,ok,5,e,0,1.000e-13
8.191171e-11,9.769524e-13,1.214302e-10,0.000000e+00,0.000000e+00,32,mant_hi,persistent,20,1.312e-16,4.860e-06,-1,9.847e-09,9.847e-09,-1,-1,1,D1,5.000e-04,30,3,0,20,108,ln32_s0.5_seed2,0.000e+00,0.000e+00,0,0,fast,7.29744,0.152896,15.72,40,2,0,1,1,ln32_s0.5_seed2_L3_mant_hi_b30_S20_t0,colored,2,0.5,3282.414,3281.350,3288.139,0.0025,0.0284,ok,20,e,0,1.000e-13
1.701408e-11,2.038652e-13,2.553048e-11,0.000000e+00,0.000000e+00,32,mant_hi,persistent,20,1.312e-16,1.025e-06,-1,9.847e-09,9.847e-09,-1,-1,1,D1,5.000e-04,30,3,0,20,194,ln32_s0.5_seed2,0.000e+00,0.000e+00,0,0,fast,7.29744,0.152896,15.72,40,2,0,1,1,ln32_s0.5_seed2_L3_mant_hi_b30_S20_t1,colored,2,0.5,3297.977,3264.864,3292.955,0.0018,0.0151,ok,20,e,0,1.000e-13
5.332189e-09,6.377190e-11,7.963077e-09,0.000000e+00,0.000000e+00,32,mant_hi,persistent,20,1.312e-16,3.123e-04,-1,9.847e-09,9.847e-09,-1,-1,1,D1,5.000e-04,30,3,0,20,569,ln32_s0.5_seed2,0.000e+00,0.000e+00,0,0,fast,7.29744,0.152896,15.72,40,2,0,1,1,ln32_s0.5_seed2_L3_mant_hi_b30_S20_t2,colored,2,0.5,3282.951,3274.667,3314.729,0.0014,0.0184,ok,20,e,0,1.000e-13
3.014737e-10,0.000000e+00,3.014737e-10,0.000000e+00,0.000000e+00,32,mant_hi,persistent,36,1.312e-16,8.255e-06,-1,9.847e-09,9.847e-09,-1,-1,1,D1,5.000e-04,30,3,0,36,108,ln32_s0.5_seed2,0.000e+00,0.000e+00,0,0,fast,7.29744,0.152896,15.72,40,2,0,1,1,ln32_s0.5_seed2_L3_mant_hi_b30_S36_t0,colored,2,0.5,3264.946,3277.814,3294.635,0.0087,0.0087,ok,39,e,0,1.000e-13
1.256411e-10,0.000000e+00,1.256411e-10,0.000000e+00,0.000000e+00,32,mant_hi,persistent,36,1.312e-16,3.483e-06,-1,9.847e-09,9.847e-09,-1,-1,1,D1,5.000e-04,30,3,0,36,194,ln32_s0.5_seed2,0.000e+00,0.000e+00,0,0,fast,7.29744,0.152896,15.72,40,2,0,1,1,ln32_s0.5_seed2_L3_mant_hi_b30_S36_t1,colored,2,0.5,3284.765,3257.776,3301.373,0.0049,0.0049,ok,39,e,0,1.000e-13
9.837310e-09,0.000000e+00,9.837310e-09,0.000000e+00,0.000000e+00,32,mant_hi,persistent,36,1.312e-16,2.652e-04,-1,9.847e-09,9.847e-09,-1,-1,1,D1,5.000e-04,30,3,0,36,569,ln32_s0.5_seed2,0.000e+00,0.000e+00,0,0,fast,7.29744,0.152896,15.72,40,2,0,1,1,ln32_s0.5_seed2_L3_mant_hi_b30_S36_t2,colored,2,0.5,3306.514,3284.229,3262.434,0.0043,0.0043,ok,39,e,0,1.000e-13
3.981732e+02,1.259354e+01,1.485822e+03,0.000000e+00,0.000000e+00,32,exp,persistent,4,1.312e-16,5.799e-03,4,9.847e-09,5.710e-01,4,-1,1,D1+D2+D3,5.000e-04,52,3,0,4,108,ln32_s0.5_seed2,0.000e+00,0.000e+00,0,484,fast,7.29744,0.152896,15.72,40,2,0,1,1,ln32_s0.5_seed2_L3_exp_b52_S4_t0,colored,2,0.5,3273.241,3276.479,5121.402,0.0049,0.0383,ok,5,e,0,1.000e-13
2.746924e+04,8.712490e+02,1.031356e+05,0.000000e+00,0.000000e+00,32,exp,persistent,4,1.312e-16,5.822e-03,4,9.847e-09,7.423e+01,4,-1,1,D1+D2+D3,5.000e-04,52,3,0,4,194,ln32_s0.5_seed2,0.000e+00,0.000e+00,0,484,fast,7.29744,0.152896,15.72,40,2,0,1,1,ln32_s0.5_seed2_L3_exp_b52_S4_t1,colored,2,0.5,3297.462,3291.016,5125.396,0.0028,0.0185,ok,5,e,0,1.000e-13
5.879762e+05,1.862579e+04,2.203361e+06,0.000000e+00,0.000000e+00,32,exp,persistent,4,1.312e-16,5.687e-03,4,9.847e-09,8.464e+03,4,-1,1,D1+D2+D3,5.000e-04,52,3,0,4,569,ln32_s0.5_seed2,0.000e+00,0.000e+00,0,484,fast,7.29744,0.152896,15.72,40,2,0,1,1,ln32_s0.5_seed2_L3_exp_b52_S4_t2,colored,2,0.5,3294.307,3263.111,5281.815,0.0023,0.0261,ok,5,e,0,1.000e-13
8.135747e+05,9.583541e+03,1.158438e+06,0.000000e+00,0.000000e+00,32,exp,persistent,20,1.312e-16,5.799e-03,20,9.847e-09,1.248e+04,20,-1,1,D1+D2+D3,5.000e-04,52,3,0,20,108,ln32_s0.5_seed2,0.000e+00,0.000e+00,0,484,fast,7.29744,0.152896,15.72,40,2,0,1,1,ln32_s0.5_seed2_L3_exp_b52_S20_t0,colored,2,0.5,3282.656,3279.616,5521.815,0.0027,0.0286,ok,20,e,0,1.000e-13
5.875258e+07,6.950563e+05,8.462876e+07,0.000000e+00,0.000000e+00,32,exp,persistent,20,1.312e-16,5.822e-03,20,9.847e-09,1.735e+04,20,-1,1,D1+D2+D3,5.000e-04,52,3,0,20,194,ln32_s0.5_seed2,0.000e+00,0.000e+00,0,484,fast,7.29744,0.152896,15.72,40,2,0,1,1,ln32_s0.5_seed2_L3_exp_b52_S20_t1,colored,2,0.5,3274.116,3309.626,5387.991,0.0018,0.0152,ok,20,e,0,1.000e-13
1.546069e+06,1.826561e+04,2.220003e+06,0.000000e+00,0.000000e+00,32,exp,persistent,20,1.312e-16,5.688e-03,20,9.847e-09,3.658e+04,20,-1,1,D1+D2+D3,5.000e-04,52,3,0,20,569,ln32_s0.5_seed2,0.000e+00,0.000e+00,0,484,fast,7.29744,0.152896,15.72,40,2,0,1,1,ln32_s0.5_seed2_L3_exp_b52_S20_t2,colored,2,0.5,3299.942,3297.736,5518.547,0.0017,0.0184,ok,20,e,0,1.000e-13
2.582516e+05,0.000000e+00,2.582516e+05,0.000000e+00,0.000000e+00,32,exp,persistent,36,1.312e-16,5.799e-03,36,9.847e-09,2.869e+03,36,-1,1,D1+D2+D3,5.000e-04,52,3,0,36,108,ln32_s0.5_seed2,0.000e+00,0.000e+00,0,485,fast,7.29744,0.152896,15.72,40,2,0,1,1,ln32_s0.5_seed2_L3_exp_b52_S36_t0,colored,2,0.5,3282.250,3310.935,5613.169,0.0090,0.0090,ok,39,e,0,1.000e-13
1.080688e+09,0.000000e+00,1.080688e+09,0.000000e+00,0.000000e+00,32,exp,persistent,36,1.312e-16,5.822e-03,36,9.847e-09,1.186e+06,36,-1,1,D1+D2+D3,5.000e-04,52,3,0,36,194,ln32_s0.5_seed2,0.000e+00,0.000e+00,0,485,fast,7.29744,0.152896,15.72,40,2,0,1,1,ln32_s0.5_seed2_L3_exp_b52_S36_t1,colored,2,0.5,3289.504,3270.062,5619.108,0.0049,0.0049,ok,39,e,0,1.000e-13
5.230803e+06,0.000000e+00,5.230803e+06,0.000000e+00,0.000000e+00,32,exp,persistent,36,1.312e-16,5.688e-03,36,9.847e-09,9.906e+04,36,-1,1,D1+D2+D3,5.000e-04,52,3,0,36,569,ln32_s0.5_seed2,0.000e+00,0.000e+00,0,485,fast,7.29744,0.152896,15.72,40,2,0,1,1,ln32_s0.5_seed2_L3_exp_b52_S36_t2,colored,2,0.5,3286.321,3280.128,5586.112,0.0045,0.0045,ok,39,e,0,1.000e-13
3.981732e+02,1.259354e+01,1.485822e+03,0.000000e+00,0.000000e+00,32,exp,persistent,4,1.312e-16,5.799e-03,4,9.847e-09,5.710e-01,4,-1,1,D1+D2+D3,5.000e-04,52,3,0,4,108,ln32_s0.5_seed2,0.000e+00,0.000e+00,0,484,fast,7.29744,0.152896,15.72,40,2,0,1,1,ln32_s0.5_seed2_L3_exp_b52_S4_t0,colored,2,0.5,3268.460,3265.712,5136.774,0.0049,0.0383,ok,5,e,0,1.000e-13
2.746924e+04,8.712490e+02,1.031356e+05,0.000000e+00,0.000000e+00,32,exp,persistent,4,1.312e-16,5.822e-03,4,9.847e-09,7.423e+01,4,-1,1,D1+D2+D3,5.000e-04,52,3,0,4,194,ln32_s0.5_seed2,0.000e+00,0.000e+00,0,484,fast,7.29744,0.152896,15.72,40,2,0,1,1,ln32_s0.5_seed2_L3_exp_b52_S4_t1,colored,2,0.5,3306.051,3286.253,5156.528,0.0028,0.0185,ok,5,e,0,1.000e-13
5.879762e+05,1.862579e+04,2.203361e+06,0.000000e+00,0.000000e+00,32,exp,persistent,4,1.312e-16,5.687e-03,4,9.847e-09,8.464e+03,4,-1,1,D1+D2+D3,5.000e-04,52,3,0,4,569,ln32_s0.5_seed2,0.000e+00,0.000e+00,0,484,fast,7.29744,0.152896,15.72,40,2,0,1,1,ln32_s0.5_seed2_L3_exp_b52_S4_t2,colored,2,0.5,3292.247,3265.669,5241.054,0.0023,0.0261,ok,5,e,0,1.000e-13
8.135747e+05,9.583541e+03,1.158438e+06,0.000000e+00,0.000000e+00,32,exp,persistent,20,1.312e-16,5.799e-03,20,9.847e-09,1.248e+04,20,-1,1,D1+D2+D3,5.000e-04,52,3,0,20,108,ln32_s0.5_seed2,0.000e+00,0.000e+00,0,484,fast,7.29744,0.152896,15.72,40,2,0,1,1,ln32_s0.5_seed2_L3_exp_b52_S20_t0,colored,2,0.5,3314.057,3294.078,5485.510,0.0027,0.0286,ok,20,e,0,1.000e-13
5.875258e+07,6.950563e+05,8.462876e+07,0.000000e+00,0.000000e+00,32,exp,persistent,20,1.312e-16,5.822e-03,20,9.847e-09,1.735e+04,20,-1,1,D1+D2+D3,5.000e-04,52,3,0,20,194,ln32_s0.5_seed2,0.000e+00,0.000e+00,0,484,fast,7.29744,0.152896,15.72,40,2,0,1,1,ln32_s0.5_seed2_L3_exp_b52_S20_t1,colored,2,0.5,3301.160,3280.785,5421.495,0.0018,0.0152,ok,20,e,0,1.000e-13
1.546069e+06,1.826561e+04,2.220003e+06,0.000000e+00,0.000000e+00,32,exp,persistent,20,1.312e-16,5.688e-03,20,9.847e-09,3.658e+04,20,-1,1,D1+D2+D3,5.000e-04,52,3,0,20,569,ln32_s0.5_seed2,0.000e+00,0.000e+00,0,484,fast,7.29744,0.152896,15.72,40,2,0,1,1,ln32_s0.5_seed2_L3_exp_b52_S20_t2,colored,2,0.5,3286.686,3265.480,5470.897,0.0017,0.0184,ok,20,e,0,1.000e-13
2.582516e+05,0.000000e+00,2.582516e+05,0.000000e+00,0.000000e+00,32,exp,persistent,36,1.312e-16,5.799e-03,36,9.847e-09,2.869e+03,36,-1,1,D1+D2+D3,5.000e-04,52,3,0,36,108,ln32_s0.5_seed2,0.000e+00,0.000e+00,0,485,fast,7.29744,0.152896,15.72,40,2,0,1,1,ln32_s0.5_seed2_L3_exp_b52_S36_t0,colored,2,0.5,3308.969,3267.341,5614.493,0.0090,0.0090,ok,39,e,0,1.000e-13
1.080688e+09,0.000000e+00,1.080688e+09,0.000000e+00,0.000000e+00,32,exp,persistent,36,1.312e-16,5.822e-03,36,9.847e-09,1.186e+06,36,-1,1,D1+D2+D3,5.000e-04,52,3,0,36,194,ln32_s0.5_seed2,0.000e+00,0.000e+00,0,485,fast,7.29744,0.152896,15.72,40,2,0,1,1,ln32_s0.5_seed2_L3_exp_b52_S36_t1,colored,2,0.5,3287.110,3277.225,5623.485,0.0049,0.0049,ok,39,e,0,1.000e-13
5.230803e+06,0.000000e+00,5.230803e+06,0.000000e+00,0.000000e+00,32,exp,persistent,36,1.312e-16,5.688e-03,36,9.847e-09,9.906e+04,36,-1,1,D1+D2+D3,5.000e-04,52,3,0,36,569,ln32_s0.5_seed2,0.000e+00,0.000e+00,0,485,fast,7.29744,0.152896,15.72,40,2,0,1,1,ln32_s0.5_seed2_L3_exp_b52_S36_t2,colored,2,0.5,3284.683,3274.732,5614.778,0.0045,0.0045,ok,39,e,0,1.000e-13
1.228074e+03,3.884189e+01,4.582673e+03,0.000000e+00,0.000000e+00,32,sign,persistent,4,1.312e-16,5.799e-03,4,9.847e-09,1.450e+01,4,-1,1,D1+D2+D3,5.000e-04,63,3,0,4,108,ln32_s0.5_seed2,0.000e+00,0.000e+00,0,484,fast,7.29744,0.152896,15.72,40,2,0,1,1,ln32_s0.5_seed2_L3_sign_b63_S4_t0,colored,2,0.5,3264.944,3284.953,5193.515,0.0049,0.0383,ok,5,e,0,1.000e-13
2.210239e+11,7.010271e+09,8.298532e+11,0.000000e+00,0.000000e+00,32,sign,persistent,4,1.312e-16,5.822e-03,4,9.847e-09,5.119e+08,4,-1,1,D1+D2+D3,5.000e-04,63,3,0,4,194,ln32_s0.5_seed2,0.000e+00,0.000e+00,0,484,fast,7.29744,0.152896,15.72,40,2,0,1,1,ln32_s0.5_seed2_L3_sign_b63_S4_t1,colored,2,0.5,3291.126,3264.630,5137.524,0.0028,0.0185,ok,5,e,0,1.000e-13
6.246912e+04,1.978876e+03,2.340937e+05,0.000000e+00,0.000000e+00,32,sign,persistent,4,1.312e-16,5.687e-03,4,9.847e-09,7.897e+01,4,-1,1,D1+D2+D3,5.000e-04,63,3,0,4,569,ln32_s0.5_seed2,0.000e+00,0.000e+00,0,484,fast,7.29744,0.152896,15.72,40,2,0,1,1,ln32_s0.5_seed2_L3_sign_b63_S4_t2,colored,2,0.5,3286.435,3279.847,5221.161,0.0023,0.0261,ok,5,e,0,1.000e-13
3.317524e+12,3.907904e+10,4.723813e+12,0.000000e+00,0.000000e+00,32,sign,persistent,20,1.312e-16,5.799e-03,20,9.847e-09,4.804e+10,20,-1,1,D1+D2+D3,5.000e-04,63,3,0,20,108,ln32_s0.5_seed2,0.000e+00,0.000e+00,0,484,fast,7.29744,0.152896,15.72,40,2,0,1,1,ln32_s0.5_seed2_L3_sign_b63_S20_t0,colored,2,0.5,3277.619,3308.026,5505.717,0.0026,0.0286,ok,20,e,0,1.000e-13
1.116595e+07,1.320956e+05,1.608372e+07,0.000000e+00,0.000000e+00,32,sign,persistent,20,1.312e-16,5.822e-03,20,9.847e-09,5.262e+03,20,-1,1,D1+D2+D3,5.000e-04,63,3,0,20,194,ln32_s0.5_seed2,0.000e+00,0.000e+00,0,484,fast,7.29744,0.152896,15.72,40,2,0,1,1,ln32_s0.5_seed2_L3_sign_b63_S20_t1,colored,2,0.5,3261.278,3287.550,5401.060,0.0018,0.0152,ok,20,e,0,1.000e-13
6.669401e+03,7.879272e+01,9.576196e+03,0.000000e+00,0.000000e+00,32,sign,persistent,20,1.312e-16,5.688e-03,20,9.847e-09,1.353e+02,20,-1,1,D1+D2+D3,5.000e-04,63,3,0,20,569,ln32_s0.5_seed2,0.000e+00,0.000e+00,0,484,fast,7.29744,0.152896,15.72,40,2,0,1,1,ln32_s0.5_seed2_L3_sign_b63_S20_t2,colored,2,0.5,3292.158,3336.541,5500.395,0.0019,0.0184,ok,20,e,0,1.000e-13
1.587388e+07,0.000000e+00,1.587388e+07,0.000000e+00,0.000000e+00,32,sign,persistent,36,1.312e-16,5.799e-03,36,9.847e-09,1.162e+05,36,-1,1,D1+D2+D3,5.000e-04,63,3,0,36,108,ln32_s0.5_seed2,0.000e+00,0.000e+00,0,485,fast,7.29744,0.152896,15.72,40,2,0,1,1,ln32_s0.5_seed2_L3_sign_b63_S36_t0,colored,2,0.5,3285.055,3296.067,5593.259,0.0089,0.0089,ok,39,e,0,1.000e-13
8.600041e+11,0.000000e+00,8.600041e+11,0.000000e+00,0.000000e+00,32,sign,persistent,36,1.312e-16,5.822e-03,36,9.847e-09,2.109e+09,36,-1,1,D1+D2+D3,5.000e-04,63,3,0,36,194,ln32_s0.5_seed2,0.000e+00,0.000e+00,0,485,fast,7.29744,0.152896,15.72,40,2,0,1,1,ln32_s0.5_seed2_L3_sign_b63_S36_t1,colored,2,0.5,3282.535,3315.321,5645.845,0.0049,0.0049,ok,39,e,0,1.000e-13
1.378343e+05,0.000000e+00,1.378343e+05,0.000000e+00,0.000000e+00,32,sign,persistent,36,1.312e-16,5.688e-03,36,9.847e-09,1.779e+03,36,-1,1,D1+D2+D3,5.000e-04,63,3,0,36,569,ln32_s0.5_seed2,0.000e+00,0.000e+00,0,485,fast,7.29744,0.152896,15.72,40,2,0,1,1,ln32_s0.5_seed2_L3_sign_b63_S36_t2,colored,2,0.5,3276.765,3269.775,5611.982,0.0044,0.0044,ok,39,e,0,1.000e-13
1.228074e+03,3.884189e+01,4.582673e+03,0.000000e+00,0.000000e+00,32,sign,persistent,4,1.312e-16,5.799e-03,4,9.847e-09,1.450e+01,4,-1,1,D1+D2+D3,5.000e-04,63,3,0,4,108,ln32_s0.5_seed2,0.000e+00,0.000e+00,0,484,fast,7.29744,0.152896,15.72,40,2,0,1,1,ln32_s0.5_seed2_L3_sign_b63_S4_t0,colored,2,0.5,3294.750,3274.458,5232.580,0.0049,0.0383,ok,5,e,0,1.000e-13
2.210239e+11,7.010271e+09,8.298532e+11,0.000000e+00,0.000000e+00,32,sign,persistent,4,1.312e-16,5.822e-03,4,9.847e-09,5.119e+08,4,-1,1,D1+D2+D3,5.000e-04,63,3,0,4,194,ln32_s0.5_seed2,0.000e+00,0.000e+00,0,484,fast,7.29744,0.152896,15.72,40,2,0,1,1,ln32_s0.5_seed2_L3_sign_b63_S4_t1,colored,2,0.5,3277.645,3262.310,5147.856,0.0028,0.0185,ok,5,e,0,1.000e-13
6.246912e+04,1.978876e+03,2.340937e+05,0.000000e+00,0.000000e+00,32,sign,persistent,4,1.312e-16,5.687e-03,4,9.847e-09,7.897e+01,4,-1,1,D1+D2+D3,5.000e-04,63,3,0,4,569,ln32_s0.5_seed2,0.000e+00,0.000e+00,0,484,fast,7.29744,0.152896,15.72,40,2,0,1,1,ln32_s0.5_seed2_L3_sign_b63_S4_t2,colored,2,0.5,3275.763,3298.799,5217.301,0.0023,0.0261,ok,5,e,0,1.000e-13
3.317524e+12,3.907904e+10,4.723813e+12,0.000000e+00,0.000000e+00,32,sign,persistent,20,1.312e-16,5.799e-03,20,9.847e-09,4.804e+10,20,-1,1,D1+D2+D3,5.000e-04,63,3,0,20,108,ln32_s0.5_seed2,0.000e+00,0.000e+00,0,484,fast,7.29744,0.152896,15.72,40,2,0,1,1,ln32_s0.5_seed2_L3_sign_b63_S20_t0,colored,2,0.5,3255.127,3293.915,5476.957,0.0026,0.0286,ok,20,e,0,1.000e-13
1.116595e+07,1.320956e+05,1.608372e+07,0.000000e+00,0.000000e+00,32,sign,persistent,20,1.312e-16,5.822e-03,20,9.847e-09,5.262e+03,20,-1,1,D1+D2+D3,5.000e-04,63,3,0,20,194,ln32_s0.5_seed2,0.000e+00,0.000e+00,0,484,fast,7.29744,0.152896,15.72,40,2,0,1,1,ln32_s0.5_seed2_L3_sign_b63_S20_t1,colored,2,0.5,3311.334,3297.842,5381.782,0.0018,0.0152,ok,20,e,0,1.000e-13
6.669401e+03,7.879272e+01,9.576196e+03,0.000000e+00,0.000000e+00,32,sign,persistent,20,1.312e-16,5.688e-03,20,9.847e-09,1.353e+02,20,-1,1,D1+D2+D3,5.000e-04,63,3,0,20,569,ln32_s0.5_seed2,0.000e+00,0.000e+00,0,484,fast,7.29744,0.152896,15.72,40,2,0,1,1,ln32_s0.5_seed2_L3_sign_b63_S20_t2,colored,2,0.5,3287.719,3281.662,5475.384,0.0019,0.0184,ok,20,e,0,1.000e-13
1.587388e+07,0.000000e+00,1.587388e+07,0.000000e+00,0.000000e+00,32,sign,persistent,36,1.312e-16,5.799e-03,36,9.847e-09,1.162e+05,36,-1,1,D1+D2+D3,5.000e-04,63,3,0,36,108,ln32_s0.5_seed2,0.000e+00,0.000e+00,0,485,fast,7.29744,0.152896,15.72,40,2,0,1,1,ln32_s0.5_seed2_L3_sign_b63_S36_t0,colored,2,0.5,3271.824,3292.718,5590.450,0.0089,0.0089,ok,39,e,0,1.000e-13
8.600041e+11,0.000000e+00,8.600041e+11,0.000000e+00,0.000000e+00,32,sign,persistent,36,1.312e-16,5.822e-03,36,9.847e-09,2.109e+09,36,-1,1,D1+D2+D3,5.000e-04,63,3,0,36,194,ln32_s0.5_seed2,0.000e+00,0.000e+00,0,485,fast,7.29744,0.152896,15.72,40,2,0,1,1,ln32_s0.5_seed2_L3_sign_b63_S36_t1,colored,2,0.5,3293.718,3260.069,5614.044,0.0049,0.0049,ok,39,e,0,1.000e-13
1.378343e+05,0.000000e+00,1.378343e+05,0.000000e+00,0.000000e+00,32,sign,persistent,36,1.312e-16,5.688e-03,36,9.847e-09,1.779e+03,36,-1,1,D1+D2+D3,5.000e-04,63,3,0,36,569,ln32_s0.5_seed2,0.000e+00,0.000e+00,0,485,fast,7.29744,0.152896,15.72,40,2,0,1,1,ln32_s0.5_seed2_L3_sign_b63_S36_t2,colored,2,0.5,3290.266,3257.718,5615.120,0.0044,0.0044,ok,39,e,0,1.000e-13
1.831911e-16,2.612425e-18,1.847981e-16,0.000000e+00,0.000000e+00,32,mant_lo,benign,-1,1.502e-16,1.502e-16,-1,9.979e-09,9.979e-09,-1,-1,1,none,5.000e-04,6,1,0,4,16144,ln32_s1.0_seed1,0.000e+00,0.000e+00,0,0,fast,27.7728,0.0168134,29.60,40,1,0,1,1,ln32_s1.0_seed1_L1_mant_lo_b6_S4_t0,colored,1,1.0,1968.091,1888.109,1901.351,0.4343,0.4642,ok,25,e,0,1.000e-13
1.908035e-16,2.643248e-18,1.908035e-16,0.000000e+00,0.000000e+00,32,mant_lo,benign,-1,1.502e-16,1.502e-16,-1,9.979e-09,9.979e-09,-1,-1,1,none,5.000e-04,6,1,0,4,29495,ln32_s1.0_seed1,0.000e+00,0.000e+00,0,0,fast,27.7728,0.0168134,29.60,40,1,0,1,1,ln32_s1.0_seed1_L1_mant_lo_b6_S4_t1,colored,1,1.0,1955.804,1871.697,1905.238,0.4667,0.4667,ok,39,e,0,1.000e-13
1.907385e-16,2.807735e-18,1.907385e-16,0.000000e+00,0.000000e+00,32,mant_lo,benign,-1,1.502e-16,1.502e-16,-1,9.979e-09,9.979e-09,-1,-1,1,none,5.000e-04,6,1,0,4,26573,ln32_s1.0_seed1,0.000e+00,0.000e+00,0,0,fast,27.7728,0.0168134,29.60,40,1,0,1,1,ln32_s1.0_seed1_L1_mant_lo_b6_S4_t2,colored,1,1.0,1892.976,1915.278,1968.101,0.4682,0.4682,ok,39,e,0,1.000e-13
1.845521e-16,1.256214e-18,1.845521e-16,0.000000e+00,0.000000e+00,32,mant_lo,benign,-1,1.502e-16,1.502e-16,-1,9.979e-09,9.979e-09,-1,-1,1,none,5.000e-04,6,1,0,20,16144,ln32_s1.0_seed1,0.000e+00,0.000e+00,0,0,fast,27.7728,0.0168134,29.60,40,1,0,1,1,ln32_s1.0_seed1_L1_mant_lo_b6_S20_t0,colored,1,1.0,2075.523,2050.095,1987.304,0.4933,0.4933,ok,39,e,0,1.000e-13
1.890794e-16,1.170260e-18,1.890794e-16,0.000000e+00,0.000000e+00,32,mant_lo,benign,-1,1.502e-16,1.502e-16,-1,9.979e-09,9.979e-09,-1,-1,1,none,5.000e-04,6,1,0,20,29495,ln32_s1.0_seed1,0.000e+00,0.000e+00,0,0,fast,27.7728,0.0168134,29.60,40,1,0,1,1,ln32_s1.0_seed1_L1_mant_lo_b6_S20_t1,colored,1,1.0,1956.272,1962.297,1914.747,0.4666,0.4666,ok,39,e,0,1.000e-13
1.873786e-16,1.341727e-18,1.908930e-16,0.000000e+00,0.000000e+00,32,mant_lo,benign,-1,1.502e-16,1.502e-16,-1,9.979e-09,9.979e-09,-1,-1,1,none,5.000e-04,6,1,0,20,26573,ln32_s1.0_seed1,0.000e+00,0.000e+00,0,0,fast,27.7728,0.0168134,29.60,40,1,0,1,1,ln32_s1.0_seed1_L1_mant_lo_b6_S20_t2,colored,1,1.0,2022.649,2088.317,2045.590,0.4233,0.4672,ok,30,e,0,1.000e-13
1.160030e-16,0.000000e+00,1.160030e-16,0.000000e+00,0.000000e+00,32,mant_lo,benign,-1,1.502e-16,1.502e-16,-1,9.979e-09,9.979e-09,-1,-1,1,none,5.000e-04,6,1,0,36,16144,ln32_s1.0_seed1,0.000e+00,0.000e+00,0,0,fast,27.7728,0.0168134,29.60,40,1,0,1,1,ln32_s1.0_seed1_L1_mant_lo_b6_S36_t0,colored,1,1.0,1892.953,1906.850,1849.583,0.3531,0.3531,ok,39,e,0,1.000e-13
1.182191e-16,0.000000e+00,1.182191e-16,0.000000e+00,0.000000e+00,32,mant_lo,benign,-1,1.502e-16,1.502e-16,-1,9.979e-09,9.979e-09,-1,-1,1,none,5.000e-04,6,1,0,36,29495,ln32_s1.0_seed1,0.000e+00,0.000e+00,0,0,fast,27.7728,0.0168134,29.60,40,1,0,1,1,ln32_s1.0_seed1_L1_mant_lo_b6_S36_t1,colored,1,1.0,1919.303,1955.264,1967.856,0.3110,0.3110,ok,39,e,0,1.000e-13
1.522263e-16,0.000000e+00,1.522263e-16,0.000000e+00,0.000000e+00,32,mant_lo,benign,-1,1.502e-16,1.502e-16,-1,9.979e-09,9.979e-09,-1,-1,1,none,5.000e-04,6,1,0,36,26573,ln32_s1.0_seed1,0.000e+00,0.000e+00,0,0,fast,27.7728,0.0168134,29.60,40,1,0,1,1,ln32_s1.0_seed1_L1_mant_lo_b6_S36_t2,colored,1,1.0,2086.909,2060.783,2043.332,0.4139,0.4139,ok,39,e,0,1.000e-13
1.880861e-16,2.848353e-18,1.935233e-16,0.000000e+00,0.000000e+00,32,mant_lo,benign,-1,1.502e-16,1.625e-16,-1,9.979e-09,9.979e-09,-1,-1,1,none,5.000e-04,11,1,0,4,16144,ln32_s1.0_seed1,0.000e+00,0.000e+00,0,0,fast,27.7728,0.0168134,29.60,40,1,0,1,1,ln32_s1.0_seed1_L1_mant_lo_b11_S4_t0,colored,1,1.0,2039.980,2051.240,2065.032,0.4494,0.4649,ok,35,e,0,1.000e-13
1.843299e-16,2.608081e-18,1.858709e-16,0.000000e+00,0.000000e+00,32,mant_lo,benign,-1,1.502e-16,1.502e-16,-1,9.979e-09,9.979e-09,-1,-1,1,none,5.000e-04,11,1,0,4,29495,ln32_s1.0_seed1,0.000e+00,0.000e+00,0,0,fast,27.7728,0.0168134,29.60,40,1,0,1,1,ln32_s1.0_seed1_L1_mant_lo_b11_S4_t1,colored,1,1.0,1936.574,1941.328,1894.588,0.4405,0.4680,ok,25,e,0,1.000e-13
1.909408e-16,2.878705e-18,1.909408e-16,0.000000e+00,0.000000e+00,32,mant_lo,benign,-1,1.502e-16,1.502e-16,-1,9.979e-09,9.979e-09,-1,-1,1,none,5.000e-04,11,1,0,4,26573,ln32_s1.0_seed1,0.000e+00,0.000e+00,0,0,fast,27.7728,0.0168134,29.60,40,1,0,1,1,ln32_s1.0_seed1_L1_mant_lo_b11_S4_t2,colored,1,1.0,1875.943,1938.935,2012.189,0.4662,0.4662,ok,39,e,0,1.000e-13
1.920711e-16,1.467504e-18,1.920711e-16,0.000000e+00,0.000000e+00,32,mant_lo,benign,-1,1.502e-16,1.502e-16,-1,9.979e-09,9.979e-09,-1,-1,1,none,5.000e-04,11,1,0,20,16144,ln32_s1.0_seed1,0.000e+00,0.000e+00,0,0,fast,27.7728,0.0168134,29.60,40,1,0,1,1,ln32_s1.0_seed1_L1_mant_lo_b11_S20_t0,colored,1,1.0,1938.074,1936.193,1948.997,0.4606,0.4606,ok,39,e,0,1.000e-13
1.836108e-16,1.236679e-18,1.889895e-16,0.000000e+00,0.000000e+00,32,mant_lo,benign,-1,1.502e-16,1.502e-16,-1,9.979e-09,9.979e-09,-1,-1,1,none,5.000e-04,11,1,0,20,29495,ln32_s1.0_seed1,0.000e+00,0.000e+00,0,0,fast,27.7728,0.0168134,29.60,40,1,0,1,1,ln32_s1.0_seed1_L1_mant_lo_b11_S20_t1,colored,1,1.0,1975.185,1950.511,1954.646,0.4446,0.4649,ok,35,e,0,1.000e-13
1.894981e-16,1.707028e-18,1.894981e-16,0.000000e+00,0.000000e+00,32,mant_lo,benign,-1,1.502e-16,1.502e-16,-1,9.979e-09,9.979e-09,-1,-1,1,none,5.000e-04,11,1,0,20,26573,ln32_s1.0_seed1,0.000e+00,0.000e+00,0,0,fast,27.7728,0.0168134,29.60,40,1,0,1,1,ln32_s1.0_seed1_L1_mant_lo_b11_S20_t2,colored,1,1.0,1964.509,1876.717,1898.707,0.4665,0.4665,ok,39,e,0,1.000e-13
1.723546e-16,0.000000e+00,1.723546e-16,0.000000e+00,0.000000e+00,32,mant_lo,benign,-1,1.502e-16,2.121e-16,-1,9.979e-09,9.979e-09,-1,-1,1,none,5.000e-04,11,1,0,36,16144,ln32_s1.0_seed1,0.000e+00,0.000e+00,0,0,fast,27.7728,0.0168134,29.60,40,1,0,1,1,ln32_s1.0_seed1_L1_mant_lo_b11_S36_t0,colored,1,1.0,1951.712,1945.732,2081.171,0.4520,0.4520,ok,39,e,0,1.000e-13
1.325453e-16,0.000000e+00,1.325453e-16,0.000000e+00,0.000000e+00,32,mant_lo,benign,-1,1.502e-16,1.502e-16,-1,9.979e-09,9.979e-09,-1,-1,1,none,5.000e-04,11,1,0,36,29495,ln32_s1.0_seed1,0.000e+00,0.000e+00,0,0,fast,27.7728,0.0168134,29.60,40,1,0,1,1,ln32_s1.0_seed1_L1_mant_lo_b11_S36_t1,colored,1,1.0,2016.767,1969.652,1966.681,0.4166,0.4166,ok,39,e,0,1.000e-13
1.737769e-16,0.000000e+00,1.737769e-16,0.000000e+00,0.000000e+00,32,mant_lo,benign,-1,1.502e-16,1.502e-16,-1,9.979e-09,9.979e-09,-1,-1,1,none,5.000e-04,11,1,0,36,26573,ln32_s1.0_seed1,0.000e+00,0.000e+00,0,0,fast,27.7728,0.0168134,29.60,40,1,0,1,1,ln32_s1.0_seed1_L1_mant_lo_b11_S36_t2,colored,1,1.0,1965.704,1905.146,1924.643,0.4335,0.4335,ok,39,e,0,1.000e-13
6.898787e-08,1.259812e-08,3.254194e-06,0.000000e+00,0.000000e+00,32,mant_hi,persistent,-1,1.502e-16,1.185e-16,-1,9.979e-09,9.979e-09,-1,-1,1,none,5.000e-04,51,1,0,4,16144,ln32_s1.0_seed1,0.000e+00,0.000e+00,0,0,fast,27.7728,0.0168134,29.60,40,1,0,1,1,ln32_s1.0_seed1_L1_mant_hi_b51_S4_t0,colored,1,1.0,1885.074,1912.032,1955.510,0.0654,0.7550,ok,5,e,0,1.000e-13
2.537930e-12,1.331215e-12,4.036777e-10,0.000000e+00,0.000000e+00,32,mant_hi,persistent,-1,1.502e-16,1.165e-16,-1,9.979e-09,9.979e-09,-1,-1,1,none,5.000e-04,51,1,0,4,29495,ln32_s1.0_seed1,0.000e+00,0.000e+00,0,0,fast,27.7728,0.0168134,29.60,40,1,0,1,1,ln32_s1.0_seed1_L1_mant_hi_b51_S4_t1,colored,1,1.0,2056.021,1980.946,1956.132,0.0057,0.2229,ok,5,e,0,1.000e-13
2.255348e-07,5.093068e-08,1.437494e-05,0.000000e+00,0.000000e+00,32,mant_hi,persistent,-1,1.502e-16,1.091e-16,-1,9.979e-09,9.979e-09,-1,-1,1,none,5.000e-04,51,1,0,4,26573,ln32_s1.0_seed1,0.000e+00,0.000e+00,0,0,fast,27.7728,0.0168134,29.60,40,1,0,1,1,ln32_s1.0_seed1_L1_mant_hi_b51_S4_t2,colored,1,1.0,1957.157,1947.897,1939.274,0.0071,0.4770,ok,5,e,0,1.000e-13
2.200921e-06,1.478558e-07,4.404178e-05,0.000000e+00,0.000000e+00,32,mant_hi,persistent,-1,1.502e-16,1.502e-16,-1,9.979e-09,9.979e-09,-1,-1,1,none,5.000e-04,51,1,0,20,16144,ln32_s1.0_seed1,0.000e+00,0.000e+00,0,0,fast,27.7728,0.0168134,29.60,40,1,0,1,1,ln32_s1.0_seed1_L1_mant_hi_b51_S20_t0,colored,1,1.0,1913.011,1962.760,1920.667,0.0248,0.5408,ok,20,e,0,1.000e-13
3.107698e-08,3.908027e-09,1.247820e-06,0.000000e+00,0.000000e+00,32,mant_hi,persistent,-1,1.502e-16,1.502e-16,-1,9.979e-09,9.979e-09,-1,-1,1,none,5.000e-04,51,1,0,20,29495,ln32_s1.0_seed1,0.000e+00,0.000e+00,0,0,fast,27.7728,0.0168134,29.60,40,1,0,1,1,ln32_s1.0_seed1_L1_mant_hi_b51_S20_t1,colored,1,1.0,1915.537,1879.387,1933.860,0.0025,0.0875,ok,20,e,0,1.000e-13
7.060669e-06,5.531355e-07,1.690994e-04,0.000000e+00,0.000000e+00,32,mant_hi,persistent,-1,1.502e-16,1.502e-16,-1,9.979e-09,9.979e-09,-1,-1,1,none,5.000e-04,51,1,0,20,26573,ln32_s1.0_seed1,0.000e+00,0.000e+00,0,0,fast,27.7728,0.0168134,29.60,40,1,0,1,1,ln32_s1.0_seed1_L1_mant_hi_b51_S20_t2,colored,1,1.0,1904.352,1860.482,2027.184,0.0025,0.2517,ok,20,e,0,1.000e-13
3.431867e-05,0.000000e+00,3.431867e-05,0.000000e+00,0.000000e+00,32,mant_hi,persistent,-1,1.502e-16,1.502e-16,-1,9.979e-09,9.979e-09,-1,-1,1,none,5.000e-04,51,1,0,36,16144,ln32_s1.0_seed1,0.000e+00,0.000e+00,0,0,fast,27.7728,0.0168134,29.60,40,1,0,1,1,ln32_s1.0_seed1_L1_mant_hi_b51_S36_t0,colored,1,1.0,2053.453,2089.473,1922.289,0.1257,0.1257,ok,39,e,0,1.000e-13
1.873486e-06,0.000000e+00,1.873486e-06,0.000000e+00,0.000000e+00,32,mant_hi,persistent,-1,1.502e-16,1.502e-16,-1,9.979e-09,9.979e-09,-1,-1,1,none,5.000e-04,51,1,0,36,29495,ln32_s1.0_seed1,0.000e+00,0.000e+00,0,0,fast,27.7728,0.0168134,29.60,40,1,0,1,1,ln32_s1.0_seed1_L1_mant_hi_b51_S36_t1,colored,1,1.0,1915.092,1913.919,1932.766,0.0125,0.0125,ok,39,e,0,1.000e-13
6.793742e-05,0.000000e+00,6.793742e-05,0.000000e+00,0.000000e+00,32,mant_hi,persistent,-1,1.502e-16,1.502e-16,-1,9.979e-09,9.979e-09,-1,-1,1,none,5.000e-04,51,1,0,36,26573,ln32_s1.0_seed1,0.000e+00,0.000e+00,0,0,fast,27.7728,0.0168134,29.60,40,1,0,1,1,ln32_s1.0_seed1_L1_mant_hi_b51_S36_t2,colored,1,1.0,1928.611,1901.056,1923.705,0.0239,0.0239,ok,39,e,0,1.000e-13
2.631531e-13,4.805796e-14,1.241377e-11,0.000000e+00,0.000000e+00,32,mant_hi,persistent,-1,1.502e-16,1.182e-16,-1,9.979e-09,9.979e-09,-1,-1,1,none,5.000e-04,33,1,0,4,16144,ln32_s1.0_seed1,0.000e+00,0.000e+00,0,0,fast,27.7728,0.0168134,29.60,40,1,0,1,1,ln32_s1.0_seed1_L1_mant_hi_b33_S4_t0,colored,1,1.0,1987.340,1936.111,1883.332,0.0654,0.7547,ok,5,e,0,1.000e-13
1.884850e-16,6.911312e-18,1.542062e-15,0.000000e+00,0.000000e+00,32,mant_hi,benign,-1,1.502e-16,1.162e-16,-1,9.979e-09,9.979e-09,-1,-1,1,none,5.000e-04,33,1,0,4,29495,ln32_s1.0_seed1,0.000e+00,0.000e+00,0,0,fast,27.7728,0.0168134,29.60,40,1,0,1,1,ln32_s1.0_seed1_L1_mant_hi_b33_S4_t1,colored,1,1.0,2082.577,2044.151,2079.208,0.0189,0.4806,ok,5,e,0,1.000e-13
8.603471e-13,1.942852e-13,5.483605e-11,0.000000e+00,0.000000e+00,32,mant_hi,persistent,-1,1.502e-16,1.849e-16,-1,9.979e-09,9.979e-09,-1,-1,1,none,5.000e-04,33,1,0,4,26573,ln32_s1.0_seed1,0.000e+00,0.000e+00,0,0,fast,27.7728,0.0168134,29.60,40,1,0,1,1,ln32_s1.0_seed1_L1_mant_hi_b33_S4_t2,colored,1,1.0,1918.902,1912.918,1927.241,0.0071,0.4770,ok,5,e,0,1.000e-13
8.395850e-12,5.640251e-13,1.680061e-10,0.000000e+00,0.000000e+00,32,mant_hi,persistent,-1,1.502e-16,1.502e-16,-1,9.979e-09,9.979e-09,-1,-1,1,none,5.000e-04,33,1,0,20,16144,ln32_s1.0_seed1,0.000e+00,0.000e+00,0,0,fast,27.7728,0.0168134,29.60,40,1,0,1,1,ln32_s1.0_seed1_L1_mant_hi_b33_S20_t0,colored,1,1.0,1886.733,1959.147,1896.178,0.0248,0.5407,ok,20,e,0,1.000e-13
1.185499e-13,1.490794e-14,4.760055e-12,0.000000e+00,0.000000e+00,32,mant_hi,persistent,-1,1.502e-16,1.502e-16,-1,9.979e-09,9.979e-09,-1,-1,1,none,5.000e-04,33,1,0,20,29495,ln32_s1.0_seed1,0.000e+00,0.000e+00,0,0,fast,27.7728,0.0168134,29.60,40,1,0,1,1,ln32_s1.0_seed1_L1_mant_hi_b33_S20_t1,colored,1,1.0,1959.547,2014.114,2055.077,0.0025,0.0882,ok,20,e,0,1.000e-13
2.693431e-11,2.110044e-12,6.450632e-10,0.000000e+00,0.000000e+00,32,mant_hi,persistent,-1,1.502e-16,1.502e-16,-1,9.979e-09,9.979e-09,-1,-1,1,none,5.000e-04,33,1,0,20,26573,ln32_s1.0_seed1,0.000e+00,0.000e+00,0,0,fast,27.7728,0.0168134,29.60,40,1,0,1,1,ln32_s1.0_seed1_L1_mant_hi_b33_S20_t2,colored,1,1.0,1981.131,1943.700,1964.404,0.0025,0.2517,ok,20,e,0,1.000e-13
1.309153e-10,0.000000e+00,1.309153e-10,0.000000e+00,0.000000e+00,32,mant_hi,persistent,-1,1.502e-16,1.502e-16,-1,9.979e-09,9.979e-09,-1,-1,1,none,5.000e-04,33,1,0,36,16144,ln32_s1.0_seed1,0.000e+00,0.000e+00,0,0,fast,27.7728,0.0168134,29.60,40,1,0,1,1,ln32_s1.0_seed1_L1_mant_hi_b33_S36_t0,colored,1,1.0,1884.638,1911.693,1968.828,0.1257,0.1257,ok,39,e,0,1.000e-13
7.146781e-12,0.000000e+00,7.146781e-12,0.000000e+00,0.000000e+00,32,mant_hi,persistent,-1,1.502e-16,1.502e-16,-1,9.979e-09,9.979e-09,-1,-1,1,none,5.000e-04,33,1,0,36,29495,ln32_s1.0_seed1,0.000e+00,0.000e+00,0,0,fast,27.7728,0.0168134,29.60,40,1,0,1,1,ln32_s1.0_seed1_L1_mant_hi_b33_S36_t1,colored,1,1.0,1985.782,1940.225,1898.650,0.0125,0.0125,ok,39,e,0,1.000e-13
2.591607e-10,0.000000e+00,2.591607e-10,0.000000e+00,0.000000e+00,32,mant_hi,persistent,-1,1.502e-16,1.502e-16,-1,9.979e-09,9.979e-09,-1,-1,1,none,5.000e-04,33,1,0,36,26573,ln32_s1.0_seed1,0.000e+00,0.000e+00,0,0,fast,27.7728,0.0168134,29.60,40,1,0,1,1,ln32_s1.0_seed1_L1_mant_hi_b33_S36_t2,colored,1,1.0,1922.566,1933.341,2004.171,0.0239,0.0239,ok,39,e,0,1.000e-13
2.729156e-07,4.983809e-08,1.287357e-05,0.000000e+00,0.000000e+00,32,exp,persistent,-1,1.502e-16,1.693e-16,-1,9.979e-09,9.979e-09,-1,-1,1,none,5.000e-04,60,1,0,4,16144,ln32_s1.0_seed1,0.000e+00,0.000e+00,0,0,fast,27.7728,0.0168134,29.60,40,1,0,1,1,ln32_s1.0_seed1_L1_exp_b60_S4_t0,colored,1,1.0,1999.128,2043.667,1997.217,0.0654,0.7550,ok,5,e,0,1.000e-13
6.115608e-12,3.207802e-12,9.727343e-10,0.000000e+00,0.000000e+00,32,exp,persistent,-1,1.502e-16,1.107e-16,-1,9.979e-09,9.979e-09,-1,-1,1,none,5.000e-04,60,1,0,4,29495,ln32_s1.0_seed1,0.000e+00,0.000e+00,0,0,fast,27.7728,0.0168134,29.60,40,1,0,1,1,ln32_s1.0_seed1_L1_exp_b60_S4_t1,colored,1,1.0,2015.026,2027.374,1950.409,0.0057,0.2229,ok,5,e,0,1.000e-13
4.707007e-07,1.062945e-07,3.000111e-05,0.000000e+00,0.000000e+00,32,exp,persistent,-1,1.502e-16,1.091e-16,-1,9.979e-09,9.979e-09,-1,-1,1,none,5.000e-04,60,1,0,4,26573,ln32_s1.0_seed1,0.000e+00,0.000e+00,0,0,fast,27.7728,0.0168134,29.60,40,1,0,1,1,ln32_s1.0_seed1_L1_exp_b60_S4_t2,colored,1,1.0,2030.092,2060.595,2002.390,0.0071,0.4770,ok,5,e,0,1.000e-13
8.688666e-06,5.836965e-07,1.738656e-04,0.000000e+00,0.000000e+00,32,exp,persistent,-1,1.502e-16,1.502e-16,-1,9.979e-09,9.979e-09,-1,-1,1,none,5.000e-04,60,1,0,20,16144,ln32_s1.0_seed1,0.000e+00,0.000e+00,0,0,fast,27.7728,0.0168134,29.60,40,1,0,1,1,ln32_s1.0_seed1_L1_exp_b60_S20_t0,colored,1,1.0,1921.277,1920.105,1946.802,0.0248,0.5408,ok,20,e,0,1.000e-13
7.720657e-08,9.708964e-09,3.100040e-06,0.000000e+00,0.000000e+00,32,exp,persistent,-1,1.502e-16,1.502e-16,-1,9.979e-09,9.979e-09,-1,-1,1,none,5.000e-04,60,1,0,20,29495,ln32_s1.0_seed1,0.000e+00,0.000e+00,0,0,fast,27.7728,0.0168134,29.60,40,1,0,1,1,ln32_s1.0_seed1_L1_exp_b60_S20_t1,colored,1,1.0,1904.059,1906.687,1880.792,0.0025,0.0875,ok,20,e,0,1.000e-13
1.799468e-05,1.409710e-06,4.309636e-04,0.000000e+00,0.000000e+00,32,exp,persistent,-1,1.502e-16,1.669e-16,-1,9.979e-09,9.978e-09,-1,-1,1,none,5.000e-04,60,1,0,20,26573,ln32_s1.0_seed1,0.000e+00,0.000e+00,0,0,fast,27.7728,0.0168134,29.60,40,1,0,1,1,ln32_s1.0_seed1_L1_exp_b60_S20_t2,colored,1,1.0,1941.421,1915.366,1930.889,0.0025,0.2517,ok,20,e,0,1.000e-13
6.935517e-05,0.000000e+00,6.935517e-05,0.000000e+00,0.000000e+00,32,exp,persistent,-1,1.502e-16,1.502e-16,-1,9.979e-09,9.979e-09,-1,-1,1,none,5.000e-04,60,1,0,36,16144,ln32_s1.0_seed1,0.000e+00,0.000e+00,0,0,fast,27.7728,0.0168134,29.60,40,1,0,1,1,ln32_s1.0_seed1_L1_exp_b60_S36_t0,colored,1,1.0,1927.213,2071.987,2049.382,0.1257,0.1257,ok,39,e,0,1.000e-13
5.575347e-06,0.000000e+00,5.575347e-06,0.000000e+00,0.000000e+00,32,exp,persistent,-1,1.502e-16,1.502e-16,-1,9.979e-09,9.979e-09,-1,-1,1,none,5.000e-04,60,1,0,36,29495,ln32_s1.0_seed1,0.000e+00,0.000e+00,0,0,fast,27.7728,0.0168134,29.60,40,1,0,1,1,ln32_s1.0_seed1_L1_exp_b60_S36_t1,colored,1,1.0,1889.664,1932.677,1887.608,0.0125,0.0125,ok,39,e,0,1.000e-13
2.437450e-04,0.000000e+00,2.437450e-04,0.000000e+00,0.000000e+00,32,exp,persistent,-1,1.502e-16,1.717e-16,-1,9.979e-09,9.979e-09,-1,-1,1,none,5.000e-04,60,1,0,36,26573,ln32_s1.0_seed1,0.000e+00,0.000e+00,0,0,fast,27.7728,0.0168134,29.60,40,1,0,1,1,ln32_s1.0_seed1_L1_exp_b60_S36_t2,colored,1,1.0,1971.321,1925.713,1919.619,0.0239,0.0239,ok,39,e,0,1.000e-13
2.558584e-07,4.672321e-08,1.206897e-05,0.000000e+00,0.000000e+00,32,exp,persistent,-1,1.502e-16,1.662e-16,-1,9.979e-09,9.979e-09,-1,-1,1,none,5.000e-04,54,1,0,4,16144,ln32_s1.0_seed1,0.000e+00,0.000e+00,0,0,fast,27.7728,0.0168134,29.60,40,1,0,1,1,ln32_s1.0_seed1_L1_exp_b54_S4_t0,colored,1,1.0,1944.554,1938.666,1913.835,0.0654,0.7550,ok,5,e,0,1.000e-13
9.173409e-11,4.811703e-11,1.459101e-08,0.000000e+00,0.000000e+00,32,exp,persistent,-1,1.502e-16,1.107e-16,-1,9.979e-09,9.979e-09,-1,-1,1,none,5.000e-04,54,1,0,4,29495,ln32_s1.0_seed1,0.000e+00,0.000e+00,0,0,fast,27.7728,0.0168134,29.60,40,1,0,1,1,ln32_s1.0_seed1_L1_exp_b54_S4_t1,colored,1,1.0,1918.414,1851.327,1841.987,0.0057,0.2229,ok,5,e,0,1.000e-13
4.412819e-07,9.965107e-08,2.812604e-05,0.000000e+00,0.000000e+00,32,exp,persistent,-1,1.502e-16,1.627e-16,-1,9.979e-09,9.979e-09,-1,-1,1,none,5.000e-04,54,1,0,4,26573,ln32_s1.0_seed1,0.000e+00,0.000e+00,0,0,fast,27.7728,0.0168134,29.60,40,1,0,1,1,ln32_s1.0_seed1_L1_exp_b54_S4_t2,colored,1,1.0,2026.459,2046.857,2000.112,0.0071,0.4770,ok,5,e,0,1.000e-13
1.303300e-04,8.755447e-06,2.607984e-03,0.000000e+00,0.000000e+00,32,exp,persistent,-1,1.502e-16,1.573e-16,-1,9.979e-09,9.978e-09,24,-1,1,D3,5.000e-04,54,1,0,20,16144,ln32_s1.0_seed1,0.000e+00,0.000e+00,0,1,fast,27.7728,0.0168134,29.60,40,1,0,1,1,ln32_s1.0_seed1_L1_exp_b54_S20_t0,colored,1,1.0,1898.519,2023.507,1989.345,0.0248,0.5408,ok,20,e,0,1.000e-13
7.238116e-08,9.102154e-09,2.906287e-06,0.000000e+00,0.000000e+00,32,exp,persistent,-1,1.502e-16,1.574e-16,-1,9.979e-09,9.979e-09,-1,-1,1,none,5.000e-04,54,1,0,20,29495,ln32_s1.0_seed1,0.000e+00,0.000e+00,0,0,fast,27.7728,0.0168134,29.60,40,1,0,1,1,ln32_s1.0_seed1_L1_exp_b54_S20_t1,colored,1,1.0,1890.145,1979.288,2015.919,0.0025,0.0875,ok,20,e,0,1.000e-13
2.699203e-04,2.114566e-05,6.464454e-03,0.000000e+00,0.000000e+00,32,exp,persistent,-1,1.502e-16,1.502e-16,-1,9.979e-09,9.983e-09,34,-1,1,D3,5.000e-04,54,1,0,20,26573,ln32_s1.0_seed1,0.000e+00,0.000e+00,0,0,fast,27.7728,0.0168134,29.60,40,1,0,1,1,ln32_s1.0_seed1_L1_exp_b54_S20_t2,colored,1,1.0,1982.015,1897.614,1942.009,0.0025,0.2517,ok,20,e,0,1.000e-13
6.502048e-05,0.000000e+00,6.502048e-05,0.000000e+00,0.000000e+00,32,exp,persistent,-1,1.502e-16,1.502e-16,-1,9.979e-09,9.979e-09,-1,-1,1,none,5.000e-04,54,1,0,36,16144,ln32_s1.0_seed1,0.000e+00,0.000e+00,0,0,fast,27.7728,0.0168134,29.60,40,1,0,1,1,ln32_s1.0_seed1_L1_exp_b54_S36_t0,colored,1,1.0,1964.010,1911.013,1941.947,0.1257,0.1257,ok,39,e,0,1.000e-13
5.226888e-06,0.000000e+00,5.226888e-06,0.000000e+00,0.000000e+00,32,exp,persistent,-1,1.502e-16,1.502e-16,-1,9.979e-09,9.979e-09,-1,-1,1,none,5.000e-04,54,1,0,36,29495,ln32_s1.0_seed1,0.000e+00,0.000e+00,0,0,fast,27.7728,0.0168134,29.60,40,1,0,1,1,ln32_s1.0_seed1_L1_exp_b54_S36_t1,colored,1,1.0,1974.918,1911.163,1893.715,0.0125,0.0125,ok,39,e,0,1.000e-13
2.285110e-04,0.000000e+00,2.285110e-04,0.000000e+00,0.000000e+00,32,exp,persistent,-1,1.502e-16,1.502e-16,-1,9.979e-09,9.979e-09,-1,-1,1,none,5.000e-04,54,1,0,36,26573,ln32_s1.0_seed1,0.000e+00,0.000e+00,0,0,fast,27.7728,0.0168134,29.60,40,1,0,1,1,ln32_s1.0_seed1_L1_exp_b54_S36_t2,colored,1,1.0,1896.307,1863.070,1980.263,0.0239,0.0239,ok,39,e,0,1.000e-13
5.458312e-07,9.967618e-08,2.574714e-05,0.000000e+00,0.000000e+00,32,sign,persistent,-1,1.502e-16,1.187e-16,-1,9.979e-09,9.979e-09,-1,-1,1,none,5.000e-04,63,1,0,4,16144,ln32_s1.0_seed1,0.000e+00,0.000e+00,0,0,fast,27.7728,0.0168134,29.60,40,1,0,1,1,ln32_s1.0_seed1_L1_sign_b63_S4_t0,colored,1,1.0,1914.154,1925.012,1991.566,0.0654,0.7550,ok,5,e,0,1.000e-13
1.223122e-11,6.415604e-12,1.945469e-09,0.000000e+00,0.000000e+00,32,sign,persistent,-1,1.502e-16,1.481e-16,-1,9.979e-09,9.979e-09,-1,-1,1,none,5.000e-04,63,1,0,4,29495,ln32_s1.0_seed1,0.000e+00,0.000e+00,0,0,fast,27.7728,0.0168134,29.60,40,1,0,1,1,ln32_s1.0_seed1_L1_sign_b63_S4_t1,colored,1,1.0,2059.308,1868.963,1902.817,0.0057,0.2229,ok,5,e,0,1.000e-13
9.414013e-07,2.125889e-07,6.000221e-05,0.000000e+00,0.000000e+00,32,sign,persistent,-1,1.502e-16,1.574e-16,-1,9.979e-09,9.979e-09,-1,-1,1,none,5.000e-04,63,1,0,4,26573,ln32_s1.0_seed1,0.000e+00,0.000e+00,0,0,fast,27.7728,0.0168134,29.60,40,1,0,1,1,ln32_s1.0_seed1_L1_sign_b63_S4_t2,colored,1,1.0,1927.362,1891.985,2059.176,0.0071,0.4770,ok,5,e,0,1.000e-13
1.737733e-05,1.167393e-06,3.477312e-04,0.000000e+00,0.000000e+00,32,sign,persistent,-1,1.502e-16,1.502e-16,-1,9.979e-09,9.979e-09,-1,-1,1,none,5.000e-04,63,1,0,20,16144,ln32_s1.0_seed1,0.000e+00,0.000e+00,0,0,fast,27.7728,0.0168134,29.60,40,1,0,1,1,ln32_s1.0_seed1_L1_sign_b63_S20_t0,colored,1,1.0,1990.605,1904.963,1911.934,0.0248,0.5408,ok,20,e,0,1.000e-13
1.544131e-07,1.941793e-08,6.200079e-06,0.000000e+00,0.000000e+00,32,sign,persistent,-1,1.502e-16,1.502e-16,-1,9.979e-09,9.979e-09,-1,-1,1,none,5.000e-04,63,1,0,20,29495,ln32_s1.0_seed1,0.000e+00,0.000e+00,0,0,fast,27.7728,0.0168134,29.60,40,1,0,1,1,ln32_s1.0_seed1_L1_sign_b63_S20_t1,colored,1,1.0,2030.663,2005.843,1938.386,0.0025,0.0875,ok,20,e,0,1.000e-13
3.598937e-05,2.819421e-06,8.619272e-04,0.000000e+00,0.000000e+00,32,sign,persistent,-1,1.502e-16,1.502e-16,-1,9.979e-09,9.978e-09,-1,-1,1,none,5.000e-04,63,1,0,20,26573,ln32_s1.0_seed1,0.000e+00,0.000e+00,0,0,fast,27.7728,0.0168134,29.60,40,1,0,1,1,ln32_s1.0_seed1_L1_sign_b63_S20_t2,colored,1,1.0,1901.298,1915.198,1897.046,0.0025,0.2517,ok,20,e,0,1.000e-13
1.387106e-04,0.000000e+00,1.387106e-04,0.000000e+00,0.000000e+00,32,sign,persistent,-1,1.502e-16,1.502e-16,-1,9.979e-09,9.979e-09,-1,-1,1,none,5.000e-04,63,1,0,36,16144,ln32_s1.0_seed1,0.000e+00,0.000e+00,0,1,fast,27.7728,0.0168134,29.60,40,1,0,1,1,ln32_s1.0_seed1_L1_sign_b63_S36_t0,colored,1,1.0,1964.849,1961.486,1909.283,0.1257,0.1257,ok,39,e,0,1.000e-13
1.115069e-05,0.000000e+00,1.115069e-05,0.000000e+00,0.000000e+00,32,sign,persistent,-1,1.502e-16,1.502e-16,-1,9.979e-09,9.979e-09,-1,-1,1,none,5.000e-04,63,1,0,36,29495,ln32_s1.0_seed1,0.000e+00,0.000e+00,0,0,fast,27.7728,0.0168134,29.60,40,1,0,1,1,ln32_s1.0_seed1_L1_sign_b63_S36_t1,colored,1,1.0,1887.002,2072.363,2057.825,0.0125,0.0125,ok,39,e,0,1.000e-13
4.874901e-04,0.000000e+00,4.874901e-04,0.000000e+00,0.000000e+00,32,sign,persistent,-1,1.502e-16,1.502e-16,-1,9.979e-09,9.979e-09,-1,-1,1,none,5.000e-04,63,1,0,36,26573,ln32_s1.0_seed1,0.000e+00,0.000e+00,0,0,fast,27.7728,0.0168134,29.60,40,1,0,1,1,ln32_s1.0_seed1_L1_sign_b63_S36_t2,colored,1,1.0,1924.714,1986.252,1961.139,0.0239,0.0239,ok,39,e,0,1.000e-13
5.458312e-07,9.967618e-08,2.574714e-05,0.000000e+00,0.000000e+00,32,sign,persistent,-1,1.502e-16,1.187e-16,-1,9.979e-09,9.979e-09,-1,-1,1,none,5.000e-04,63,1,0,4,16144,ln32_s1.0_seed1,0.000e+00,0.000e+00,0,0,fast,27.7728,0.0168134,29.60,40,1,0,1,1,ln32_s1.0_seed1_L1_sign_b63_S4_t0,colored,1,1.0,1883.082,1905.158,1952.953,0.0654,0.7550,ok,5,e,0,1.000e-13
1.223122e-11,6.415604e-12,1.945469e-09,0.000000e+00,0.000000e+00,32,sign,persistent,-1,1.502e-16,1.481e-16,-1,9.979e-09,9.979e-09,-1,-1,1,none,5.000e-04,63,1,0,4,29495,ln32_s1.0_seed1,0.000e+00,0.000e+00,0,0,fast,27.7728,0.0168134,29.60,40,1,0,1,1,ln32_s1.0_seed1_L1_sign_b63_S4_t1,colored,1,1.0,1988.101,2025.501,2035.628,0.0057,0.2229,ok,5,e,0,1.000e-13
9.414013e-07,2.125889e-07,6.000221e-05,0.000000e+00,0.000000e+00,32,sign,persistent,-1,1.502e-16,1.574e-16,-1,9.979e-09,9.979e-09,-1,-1,1,none,5.000e-04,63,1,0,4,26573,ln32_s1.0_seed1,0.000e+00,0.000e+00,0,0,fast,27.7728,0.0168134,29.60,40,1,0,1,1,ln32_s1.0_seed1_L1_sign_b63_S4_t2,colored,1,1.0,1962.136,1930.548,1939.399,0.0071,0.4770,ok,5,e,0,1.000e-13
1.737733e-05,1.167393e-06,3.477312e-04,0.000000e+00,0.000000e+00,32,sign,persistent,-1,1.502e-16,1.502e-16,-1,9.979e-09,9.979e-09,-1,-1,1,none,5.000e-04,63,1,0,20,16144,ln32_s1.0_seed1,0.000e+00,0.000e+00,0,0,fast,27.7728,0.0168134,29.60,40,1,0,1,1,ln32_s1.0_seed1_L1_sign_b63_S20_t0,colored,1,1.0,1980.875,1921.821,1906.054,0.0248,0.5408,ok,20,e,0,1.000e-13
1.544131e-07,1.941793e-08,6.200079e-06,0.000000e+00,0.000000e+00,32,sign,persistent,-1,1.502e-16,1.502e-16,-1,9.979e-09,9.979e-09,-1,-1,1,none,5.000e-04,63,1,0,20,29495,ln32_s1.0_seed1,0.000e+00,0.000e+00,0,0,fast,27.7728,0.0168134,29.60,40,1,0,1,1,ln32_s1.0_seed1_L1_sign_b63_S20_t1,colored,1,1.0,1907.831,1866.233,1981.044,0.0025,0.0875,ok,20,e,0,1.000e-13
3.598937e-05,2.819421e-06,8.619272e-04,0.000000e+00,0.000000e+00,32,sign,persistent,-1,1.502e-16,1.502e-16,-1,9.979e-09,9.978e-09,-1,-1,1,none,5.000e-04,63,1,0,20,26573,ln32_s1.0_seed1,0.000e+00,0.000e+00,0,0,fast,27.7728,0.0168134,29.60,40,1,0,1,1,ln32_s1.0_seed1_L1_sign_b63_S20_t2,colored,1,1.0,2057.292,2094.257,2000.579,0.0025,0.2517,ok,20,e,0,1.000e-13
1.387106e-04,0.000000e+00,1.387106e-04,0.000000e+00,0.000000e+00,32,sign,persistent,-1,1.502e-16,1.502e-16,-1,9.979e-09,9.979e-09,-1,-1,1,none,5.000e-04,63,1,0,36,16144,ln32_s1.0_seed1,0.000e+00,0.000e+00,0,1,fast,27.7728,0.0168134,29.60,40,1,0,1,1,ln32_s1.0_seed1_L1_sign_b63_S36_t0,colored,1,1.0,1927.262,1898.915,1888.024,0.1257,0.1257,ok,39,e,0,1.000e-13
1.115069e-05,0.000000e+00,1.115069e-05,0.000000e+00,0.000000e+00,32,sign,persistent,-1,1.502e-16,1.502e-16,-1,9.979e-09,9.979e-09,-1,-1,1,none,5.000e-04,63,1,0,36,29495,ln32_s1.0_seed1,0.000e+00,0.000e+00,0,0,fast,27.7728,0.0168134,29.60,40,1,0,1,1,ln32_s1.0_seed1_L1_sign_b63_S36_t1,colored,1,1.0,1953.781,1916.921,1958.507,0.0125,0.0125,ok,39,e,0,1.000e-13
4.874901e-04,0.000000e+00,4.874901e-04,0.000000e+00,0.000000e+00,32,sign,persistent,-1,1.502e-16,1.502e-16,-1,9.979e-09,9.979e-09,-1,-1,1,none,5.000e-04,63,1,0,36,26573,ln32_s1.0_seed1,0.000e+00,0.000e+00,0,0,fast,27.7728,0.0168134,29.60,40,1,0,1,1,ln32_s1.0_seed1_L1_sign_b63_S36_t2,colored,1,1.0,1863.254,1940.708,1914.623,0.0239,0.0239,ok,39,e,0,1.000e-13
1.869868e-16,2.625000e-18,1.875224e-16,0.000000e+00,0.000000e+00,32,mant_lo,benign,-1,1.502e-16,1.502e-16,-1,9.979e-09,9.979e-09,-1,-1,1,none,5.000e-04,5,2,0,4,24154,ln32_s1.0_seed1,0.000e+00,0.000e+00,0,0,fast,27.7728,0.0168134,29.60,40,1,0,1,1,ln32_s1.0_seed1_L2_mant_lo_b5_S4_t0,colored,1,1.0,1913.138,2030.444,1985.245,0.4487,0.4670,ok,35,e,0,1.000e-13
1.838532e-16,2.623052e-18,1.893455e-16,0.000000e+00,0.000000e+00,32,mant_lo,benign,-1,1.502e-16,1.502e-16,-1,9.979e-09,9.979e-09,-1,-1,1,none,5.000e-04,5,2,0,4,5685,ln32_s1.0_seed1,0.000e+00,0.000e+00,0,0,fast,27.7728,0.0168134,29.60,40,1,0,1,1,ln32_s1.0_seed1_L2_mant_lo_b5_S4_t1,colored,1,1.0,1972.576,1913.507,1980.262,0.3911,0.4638,ok,25,e,0,1.000e-13
1.906168e-16,2.570465e-18,1.906168e-16,0.000000e+00,0.000000e+00,32,mant_lo,benign,-1,1.502e-16,1.502e-16,-1,9.979e-09,9.979e-09,-1,-1,1,none,5.000e-04,5,2,0,4,3158,ln32_s1.0_seed1,0.000e+00,0.000e+00,0,0,fast,27.7728,0.0168134,29.60,40,1,0,1,1,ln32_s1.0_seed1_L2_mant_lo_b5_S4_t2,colored,1,1.0,2024.188,2105.258,2143.218,0.4695,0.4695,ok,39,e,0,1.000e-13
1.872471e-16,1.295023e-18,1.872471e-16,0.000000e+00,0.000000e+00,32,mant_lo,benign,-1,1.502e-16,1.502e-16,-1,9.979e-09,9.979e-09,-1,-1,1,none,5.000e-04,5,2,0,20,24154,ln32_s1.0_seed1,0.000e+00,0.000e+00,0,0,fast,27.7728,0.0168134,29.60,40,1,0,1,1,ln32_s1.0_seed1_L2_mant_lo_b5_S20_t0,colored,1,1.0,2046.838,2229.865,2262.073,0.4641,0.4641,ok,39,e,0,1.000e-13
1.893474e-16,1.262987e-18,1.893474e-16,0.000000e+00,0.000000e+00,32,mant_lo,benign,-1,1.502e-16,1.502e-16,-1,9.979e-09,9.979e-09,-1,-1,1,none,5.000e-04,5,2,0,20,5685,ln32_s1.0_seed1,0.000e+00,0.000e+00,0,0,fast,27.7728,0.0168134,29.60,40,1,0,1,1,ln32_s1.0_seed1_L2_mant_lo_b5_S20_t1,colored,1,1.0,3711.049,5928.126,4451.628,0.4665,0.4665,ok,39,e,0,1.000e-13
1.899286e-16,1.207140e-18,1.899286e-16,0.000000e+00,0.000000e+00,32,mant_lo,benign,-1,1.502e-16,1.502e-16,-1,9.979e-09,9.979e-09,-1,-1,1,none,5.000e-04,5,2,0,20,3158,ln32_s1.0_seed1,0.000e+00,0.000e+00,0,0,fast,27.7728,0.0168134,29.60,40,1,0,1,1,ln32_s1.0_seed1_L2_mant_lo_b5_S20_t2,colored,1,1.0,2134.225,2091.137,2089.685,0.4700,0.4700,ok,39,e,0,1.000e-13
9.940470e-17,0.000000e+00,9.940470e-17,0.000000e+00,0.000000e+00,32,mant_lo,benign,-1,1.502e-16,1.502e-16,-1,9.979e-09,9.979e-09,-1,-1,1,none,5.000e-04,5,2,0,36,24154,ln32_s1.0_seed1,0.000e+00,0.000e+00,0,0,fast,27.7728,0.0168134,29.60,40,1,0,1,1,ln32_s1.0_seed1_L2_mant_lo_b5_S36_t0,colored,1,1.0,1990.838,1906.382,1956.458,0.3130,0.3130,ok,39,e,0,1.000e-13
1.063591e-16,0.000000e+00,1.063591e-16,0.000000e+00,0.000000e+00,32,mant_lo,benign,-1,1.502e-16,1.502e-16,-1,9.979e-09,9.979e-09,-1,-1,1,none,5.000e-04,5,2,0,36,5685,ln32_s1.0_seed1,0.000e+00,0.000e+00,0,0,fast,27.7728,0.0168134,29.60,40,1,0,1,1,ln32_s1.0_seed1_L2_mant_lo_b5_S36_t1,colored,1,1.0,1911.869,1937.665,2071.616,0.3250,0.3250,ok,39,e,0,1.000e-13
2.312222e-17,0.000000e+00,2.312222e-17,0.000000e+00,0.000000e+00,32,mant_lo,benign,-1,1.502e-16,1.502e-16,-1,9.979e-09,9.979e-09,-1,-1,1,none,5.000e-04,5,2,0,36,3158,ln32_s1.0_seed1,0.000e+00,0.000e+00,0,0,fast,27.7728,0.0168134,29.60,40,1,0,1,1,ln32_s1.0_seed1_L2_mant_lo_b5_S36_t2,colored,1,1.0,1956.808,2057.920,1939.040,0.0766,0.0766,ok,39,e,0,1.000e-13
5.882625e-16,2.360731e-16,7.553411e-14,0.000000e+00,0.000000e+00,32,mant_lo,benign,-1,1.502e-16,3.352e-15,-1,9.979e-09,9.979e-09,-1,-1,1,none,5.000e-04,28,2,0,4,24154,ln32_s1.0_seed1,0.000e+00,0.000e+00,0,0,fast,27.7728,0.0168134,29.60,40,1,0,1,1,ln32_s1.0_seed1_L2_mant_lo_b28_S4_t0,colored,1,1.0,1997.221,1894.631,1897.531,0.0173,0.6519,ok,5,e,0,1.000e-13
3.915389e-16,1.011644e-16,2.935535e-14,0.000000e+00,0.000000e+00,32,mant_lo,benign,-1,1.502e-16,3.352e-15,-1,9.979e-09,9.979e-09,-1,-1,1,none,5.000e-04,28,2,0,4,5685,ln32_s1.0_seed1,0.000e+00,0.000e+00,0,0,fast,27.7728,0.0168134,29.60,40,1,0,1,1,ln32_s1.0_seed1_L2_mant_lo_b28_S4_t1,colored,1,1.0,1953.125,1944.905,1915.278,0.0371,0.6226,ok,5,e,0,1.000e-13
1.874340e-16,2.590701e-18,1.874340e-16,0.000000e+00,0.000000e+00,32,mant_lo,benign,-1,1.502e-16,1.502e-16,-1,9.979e-09,9.979e-09,-1,-1,1,none,5.000e-04,28,2,0,4,3158,ln32_s1.0_seed1,0.000e+00,0.000e+00,0,0,fast,27.7728,0.0168134,29.60,40,1,0,1,1,ln32_s1.0_seed1_L2_mant_lo_b28_S4_t2,colored,1,1.0,1982.410,2045.926,2018.239,0.4610,0.4610,ok,39,e,0,1.000e-13
4.088461e-14,1.214067e-14,4.514795e-12,0.000000e+00,0.000000e+00,32,mant_lo,transient,-1,1.502e-16,3.172e-14,-1,9.979e-09,9.979e-09,-1,-1,1,none,5.000e-04,28,2,0,20,24154,ln32_s1.0_seed1,0.000e+00,0.000e+00,0,0,fast,27.7728,0.0168134,29.60,40,1,0,1,1,ln32_s1.0_seed1_L2_mant_lo_b28_S20_t0,colored,1,1.0,1939.343,1898.053,1929.484,0.0040,0.4152,ok,20,e,0,1.000e-13
3.062329e-15,5.440735e-16,1.929714e-13,0.000000e+00,0.000000e+00,32,mant_lo,transient,-1,1.502e-16,3.964e-15,-1,9.979e-09,9.979e-09,-1,-1,1,none,5.000e-04,28,2,0,20,5685,ln32_s1.0_seed1,0.000e+00,0.000e+00,0,0,fast,27.7728,0.0168134,29.60,40,1,0,1,1,ln32_s1.0_seed1_L2_mant_lo_b28_S20_t1,colored,1,1.0,1947.887,1996.387,1994.596,0.0100,0.4995,ok,20,e,0,1.000e-13
2.129828e-16,4.189296e-17,1.542201e-14,0.000000e+00,0.000000e+00,32,mant_lo,benign,-1,1.502e-16,1.502e-16,-1,9.979e-09,9.979e-09,-1,-1,1,none,5.000e-04,28,2,0,20,3158,ln32_s1.0_seed1,0.000e+00,0.000e+00,0,0,fast,27.7728,0.0168134,29.60,40,1,0,1,1,ln32_s1.0_seed1_L2_mant_lo_b28_S20_t2,colored,1,1.0,1922.539,1882.259,1897.630,0.0024,0.4865,ok,20,e,0,1.000e-13
4.790687e-13,0.000000e+00,4.790687e-13,0.000000e+00,0.000000e+00,32,mant_lo,persistent,-1,1.502e-16,4.454e-14,-1,9.979e-09,9.979e-09,-1,-1,1,none,5.000e-04,28,2,0,36,24154,ln32_s1.0_seed1,0.000e+00,0.000e+00,0,0,fast,27.7728,0.0168134,29.60,40,1,0,1,1,ln32_s1.0_seed1_L2_mant_lo_b28_S36_t0,colored,1,1.0,1945.388,1921.564,1901.400,0.0606,0.0606,ok,39,e,0,1.000e-13
3.308967e-14,0.000000e+00,3.308967e-14,0.000000e+00,0.000000e+00,32,mant_lo,benign,-1,1.502e-16,5.665e-15,-1,9.979e-09,9.979e-09,-1,-1,1,none,5.000e-04,28,2,0,36,5685,ln32_s1.0_seed1,0.000e+00,0.000e+00,0,0,fast,27.7728,0.0168134,29.60,40,1,0,1,1,ln32_s1.0_seed1_L2_mant_lo_b28_S36_t1,colored,1,1.0,1951.660,2025.824,2001.058,0.1015,0.1015,ok,39,e,0,1.000e-13
8.034802e-15,0.000000e+00,8.034802e-15,0.000000e+00,0.000000e+00,32,mant_lo,benign,-1,1.502e-16,2.615e-16,-1,9.979e-09,9.979e-09,-1,-1,1,none,5.000e-04,28,2,0,36,3158,ln32_s1.0_seed1,0.000e+00,0.000e+00,0,0,fast,27.7728,0.0168134,29.60,40,1,0,1,1,ln32_s1.0_seed1_L2_mant_lo_b28_S36_t2,colored,1,1.0,1897.946,1921.243,1883.200,0.0272,0.0272,ok,39,e,0,1.000e-13
2.300228e-12,9.666747e-13,3.093874e-10,0.000000e+00,0.000000e+00,32,mant_hi,persistent,-1,1.502e-16,1.352e-11,-1,9.979e-09,9.979e-09,-1,-1,1,none,5.000e-04,40,2,0,4,24154,ln32_s1.0_seed1,0.000e+00,0.000e+00,0,0,fast,27.7728,0.0168134,29.60,40,1,0,1,1,ln32_s1.0_seed1_L2_mant_hi_b40_S4_t0,colored,1,1.0,2030.958,2069.823,2011.031,0.0173,0.6905,ok,5,e,0,1.000e-13
1.419849e-12,4.134337e-13,1.202368e-10,0.000000e+00,0.000000e+00,32,mant_hi,persistent,-1,1.502e-16,1.352e-11,-1,9.979e-09,9.979e-09,-1,-1,1,none,5.000e-04,40,2,0,4,5685,ln32_s1.0_seed1,0.000e+00,0.000e+00,0,0,fast,27.7728,0.0168134,29.60,40,1,0,1,1,ln32_s1.0_seed1_L2_mant_hi_b40_S4_t1,colored,1,1.0,1940.245,1939.822,1903.003,0.0356,0.6956,ok,5,e,0,1.000e-13
1.819080e-16,6.131389e-18,1.355952e-15,0.000000e+00,0.000000e+00,32,mant_hi,benign,-1,1.502e-16,1.124e-16,-1,9.979e-09,9.979e-09,-1,-1,1,none,5.000e-04,40,2,0,4,3158,ln32_s1.0_seed1,0.000e+00,0.000e+00,0,0,fast,27.7728,0.0168134,29.60,40,1,0,1,1,ln32_s1.0_seed1_L2_mant_hi_b40_S4_t2,colored,1,1.0,1945.909,1905.588,1940.418,0.0034,0.4732,ok,5,e,0,1.000e-13
1.674038e-10,4.972799e-11,1.849260e-08,0.000000e+00,0.000000e+00,32,mant_hi,persistent,20,1.502e-16,1.299e-10,-1,9.979e-09,2.731e-08,-1,-1,1,D1,5.000e-04,40,2,0,20,24154,ln32_s1.0_seed1,0.000e+00,0.000e+00,0,0,fast,27.7728,0.0168134,29.60,40,1,0,1,1,ln32_s1.0_seed1_L2_mant_hi_b40_S20_t0,colored,1,1.0,2017.149,1923.762,1930.890,0.0040,0.4153,ok,20,e,0,1.000e-13
1.252239e-11,2.228480e-12,7.904099e-10,0.000000e+00,0.000000e+00,32,mant_hi,persistent,-1,1.502e-16,1.624e-11,-1,9.979e-09,9.979e-09,-1,-1,1,none,5.000e-04,40,2,0,20,5685,ln32_s1.0_seed1,0.000e+00,0.000e+00,0,0,fast,27.7728,0.0168134,29.60,40,1,0,1,1,ln32_s1.0_seed1_L2_mant_hi_b40_S20_t1,colored,1,1.0,1895.957,1906.673,1886.185,0.0100,0.4519,ok,20,e,0,1.000e-13
4.068592e-13,1.701166e-13,6.316853e-11,0.000000e+00,0.000000e+00,32,mant_hi,persistent,-1,1.502e-16,2.537e-13,-1,9.979e-09,9.979e-09,-1,-1,1,none,5.000e-04,40,2,0,20,3158,ln32_s1.0_seed1,0.000e+00,0.000e+00,0,0,fast,27.7728,0.0168134,29.60,40,1,0,1,1,ln32_s1.0_seed1_L2_mant_hi_b40_S20_t2,colored,1,1.0,1944.331,2033.629,2026.711,0.0024,0.0938,ok,20,e,0,1.000e-13
1.962266e-09,0.000000e+00,1.962266e-09,0.000000e+00,0.000000e+00,32,mant_hi,persistent,36,1.502e-16,1.828e-10,-1,9.979e-09,3.846e-08,-1,-1,1,D1,5.000e-04,40,2,0,36,24154,ln32_s1.0_seed1,0.000e+00,0.000e+00,0,0,fast,27.7728,0.0168134,29.60,40,1,0,1,1,ln32_s1.0_seed1_L2_mant_hi_b40_S36_t0,colored,1,1.0,1977.624,1939.624,1936.728,0.0606,0.0606,ok,39,e,0,1.000e-13
1.355372e-10,0.000000e+00,1.355372e-10,0.000000e+00,0.000000e+00,32,mant_hi,persistent,-1,1.502e-16,2.285e-11,-1,9.979e-09,1.044e-08,-1,-1,1,none,5.000e-04,40,2,0,36,5685,ln32_s1.0_seed1,0.000e+00,0.000e+00,0,0,fast,27.7728,0.0168134,29.60,40,1,0,1,1,ln32_s1.0_seed1_L2_mant_hi_b40_S36_t1,colored,1,1.0,1886.479,1914.446,1944.634,0.0931,0.0931,ok,39,e,0,1.000e-13
3.290263e-11,0.000000e+00,3.290263e-11,0.000000e+00,0.000000e+00,32,mant_hi,persistent,-1,1.502e-16,1.428e-12,-1,9.979e-09,9.979e-09,-1,-1,1,none,5.000e-04,40,2,0,36,3158,ln32_s1.0_seed1,0.000e+00,0.000e+00,0,0,fast,27.7728,0.0168134,29.60,40,1,0,1,1,ln32_s1.0_seed1_L2_mant_hi_b40_S36_t2,colored,1,1.0,1878.333,1859.945,1922.225,0.0072,0.0072,ok,39,e,0,1.000e-13
2.875470e-13,1.208345e-13,3.867342e-11,0.000000e+00,0.000000e+00,32,mant_hi,persistent,-1,1.502e-16,1.690e-12,-1,9.979e-09,9.979e-09,-1,-1,1,none,5.000e-04,37,2,0,4,24154,ln32_s1.0_seed1,0.000e+00,0.000e+00,0,0,fast,27.7728,0.0168134,29.60,40,1,0,1,1,ln32_s1.0_seed1_L2_mant_hi_b37_S4_t0,colored,1,1.0,2019.990,2018.896,1962.615,0.0173,0.6906,ok,5,e,0,1.000e-13
1.774750e-13,5.167915e-14,1.502960e-11,0.000000e+00,0.000000e+00,32,mant_hi,persistent,-1,1.502e-16,1.690e-12,-1,9.979e-09,9.979e-09,-1,-1,1,none,5.000e-04,37,2,0,4,5685,ln32_s1.0_seed1,0.000e+00,0.000e+00,0,0,fast,27.7728,0.0168134,29.60,40,1,0,1,1,ln32_s1.0_seed1_L2_mant_hi_b37_S4_t1,colored,1,1.0,1960.847,1937.169,1918.463,0.0356,0.6953,ok,5,e,0,1.000e-13
1.897872e-16,3.049070e-18,1.897872e-16,0.000000e+00,0.000000e+00,32,mant_hi,benign,-1,1.502e-16,1.502e-16,-1,9.979e-09,9.979e-09,-1,-1,1,none,5.000e-04,37,2,0,4,3158,ln32_s1.0_seed1,0.000e+00,0.000e+00,0,0,fast,27.7728,0.0168134,29.60,40,1,0,1,1,ln32_s1.0_seed1_L2_mant_hi_b37_S4_t2,colored,1,1.0,1915.676,1977.656,1901.591,0.4678,0.4678,ok,39,e,0,1.000e-13
2.092548e-11,6.215999e-12,2.311575e-09,0.000000e+00,0.000000e+00,32,mant_hi,persistent,-1,1.502e-16,1.624e-11,-1,9.979e-09,9.979e-09,-1,-1,1,none,5.000e-04,37,2,0,20,24154,ln32_s1.0_seed1,0.000e+00,0.000e+00,0,0,fast,27.7728,0.0168134,29.60,40,1,0,1,1,ln32_s1.0_seed1_L2_mant_hi_b37_S20_t0,colored,1,1.0,1923.175,1950.590,1919.384,0.0040,0.4153,ok,20,e,0,1.000e-13
1.565310e-12,2.785600e-13,9.880124e-11,0.000000e+00,0.000000e+00,32,mant_hi,persistent,-1,1.502e-16,2.030e-12,-1,9.979e-09,9.979e-09,-1,-1,1,none,5.000e-04,37,2,0,20,5685,ln32_s1.0_seed1,0.000e+00,0.000e+00,0,0,fast,27.7728,0.0168134,29.60,40,1,0,1,1,ln32_s1.0_seed1_L2_mant_hi_b37_S20_t1,colored,1,1.0,1935.744,1900.851,1879.009,0.0100,0.4517,ok,20,e,0,1.000e-13
5.085793e-14,2.126457e-14,7.896066e-12,0.000000e+00,0.000000e+00,32,mant_hi,transient,-1,1.502e-16,3.172e-14,-1,9.979e-09,9.979e-09,-1,-1,1,none,5.000e-04,37,2,0,20,3158,ln32_s1.0_seed1,0.000e+00,0.000e+00,0,0,fast,27.7728,0.0168134,29.60,40,1,0,1,1,ln32_s1.0_seed1_L2_mant_hi_b37_S20_t2,colored,1,1.0,1921.674,1977.848,1995.159,0.0024,0.1004,ok,20,e,0,1.000e-13
2.452832e-10,0.000000e+00,2.452832e-10,0.000000e+00,0.000000e+00,32,mant_hi,persistent,-1,1.502e-16,2.285e-11,-1,9.979e-09,1.041e-08,-1,-1,1,none,5.000e-04,37,2,0,36,24154,ln32_s1.0_seed1,0.000e+00,0.000e+00,0,0,fast,27.7728,0.0168134,29.60,40,1,0,1,1,ln32_s1.0_seed1_L2_mant_hi_b37_S36_t0,colored,1,1.0,2015.706,2005.902,1900.926,0.0606,0.0606,ok,39,e,0,1.000e-13
1.694215e-11,0.000000e+00,1.694215e-11,0.000000e+00,0.000000e+00,32,mant_hi,persistent,-1,1.502e-16,2.856e-12,-1,9.979e-09,9.979e-09,-1,-1,1,none,5.000e-04,37,2,0,36,5685,ln32_s1.0_seed1,0.000e+00,0.000e+00,0,0,fast,27.7728,0.0168134,29.60,40,1,0,1,1,ln32_s1.0_seed1_L2_mant_hi_b37_S36_t1,colored,1,1.0,1913.336,1884.374,1889.766,0.0931,0.0931,ok,39,e,0,1.000e-13
4.112829e-12,0.000000e+00,4.112829e-12,0.000000e+00,0.000000e+00,32,mant_hi,persistent,-1,1.502e-16,1.786e-13,-1,9.979e-09,9.979e-09,-1,-1,1,none,5.000e-04,37,2,0,36,3158,ln32_s1.0_seed1,0.000e+00,0.000e+00,0,0,fast,27.7728,0.0168134,29.60,40,1,0,1,1,ln32_s1.0_seed1_L2_mant_hi_b37_S36_t2,colored,1,1.0,1912.417,1947.425,1859.787,0.0072,0.0072,ok,39,e,0,1.000e-13
4.218449e-06,1.772786e-06,5.673858e-04,0.000000e+00,0.000000e+00,32,exp,persistent,4,1.502e-16,2.479e-05,4,9.979e-09,4.080e-03,4,-1,1,D1+D2+D3,5.000e-04,55,2,0,4,24154,ln32_s1.0_seed1,0.000e+00,0.000e+00,0,0,fast,27.7728,0.0168134,29.60,40,1,0,1,1,ln32_s1.0_seed1_L2_exp_b55_S4_t0,colored,1,1.0,1993.747,1874.725,1895.834,0.0173,0.6905,ok,5,e,0,1.000e-13
1.554751e-06,4.527089e-07,1.316590e-04,0.000000e+00,0.000000e+00,32,exp,persistent,4,1.502e-16,1.480e-05,4,9.979e-09,2.436e-03,-1,-1,1,D1+D2,5.000e-04,55,2,0,4,5685,ln32_s1.0_seed1,0.000e+00,0.000e+00,0,0,fast,27.7728,0.0168134,29.60,40,1,0,1,1,ln32_s1.0_seed1_L2_exp_b55_S4_t1,colored,1,1.0,1944.641,2031.953,2030.230,0.0356,0.6956,ok,5,e,0,1.000e-13
8.041419e-12,8.121090e-12,2.761773e-09,0.000000e+00,0.000000e+00,32,exp,persistent,-1,1.502e-16,5.252e-11,-1,9.979e-09,1.168e-08,-1,-1,1,none,5.000e-04,55,2,0,4,3158,ln32_s1.0_seed1,0.000e+00,0.000e+00,0,0,fast,27.7728,0.0168134,29.60,40,1,0,1,1,ln32_s1.0_seed1_L2_exp_b55_S4_t2,colored,1,1.0,1921.874,1915.143,1988.154,0.0028,0.2711,ok,5,e,0,1.000e-13
9.989676e-07,2.967476e-07,1.103530e-04,0.000000e+00,0.000000e+00,32,exp,persistent,20,1.502e-16,7.752e-07,20,9.979e-09,1.542e-04,-1,-1,1,D1+D2,5.000e-04,55,2,0,20,24154,ln32_s1.0_seed1,0.000e+00,0.000e+00,0,0,fast,27.7728,0.0168134,29.60,40,1,0,1,1,ln32_s1.0_seed1_L2_exp_b55_S20_t0,colored,1,1.0,1983.427,1933.207,1920.305,0.0040,0.4153,ok,20,e,0,1.000e-13
2.299480e-05,4.092146e-06,1.451425e-03,0.000000e+00,0.000000e+00,32,exp,persistent,20,1.502e-16,2.982e-05,20,9.979e-09,5.931e-03,36,-1,1,D1+D2+D3,5.000e-04,55,2,0,20,5685,ln32_s1.0_seed1,0.000e+00,0.000e+00,0,0,fast,27.7728,0.0168134,29.60,40,1,0,1,1,ln32_s1.0_seed1_L2_exp_b55_S20_t1,colored,1,1.0,2010.648,2047.377,2067.682,0.0100,0.4519,ok,20,e,0,1.000e-13
4.330458e-07,1.810656e-07,6.723418e-05,0.000000e+00,0.000000e+00,32,exp,persistent,20,1.502e-16,2.701e-07,20,9.979e-09,5.372e-05,20,-1,1,D1+D2+D3,5.000e-04,55,2,0,20,3158,ln32_s1.0_seed1,0.000e+00,0.000e+00,0,0,fast,27.7728,0.0168134,29.60,40,1,0,1,1,ln32_s1.0_seed1_L2_exp_b55_S20_t2,colored,1,1.0,2037.641,2023.830,1910.346,0.0024,0.0939,ok,20,e,0,1.000e-13
1.498203e-05,0.000000e+00,1.498203e-05,0.000000e+00,0.000000e+00,32,exp,persistent,36,1.502e-16,1.396e-06,36,9.979e-09,2.847e-04,-1,-1,1,D1+D2,5.000e-04,55,2,0,36,24154,ln32_s1.0_seed1,0.000e+00,0.000e+00,0,0,fast,27.7728,0.0168134,29.60,40,1,0,1,1,ln32_s1.0_seed1_L2_exp_b55_S36_t0,colored,1,1.0,1861.731,1899.804,1870.618,0.0606,0.0606,ok,39,e,0,1.000e-13
1.552765e-04,0.000000e+00,1.552765e-04,0.000000e+00,0.000000e+00,32,exp,persistent,36,1.502e-16,2.618e-05,36,9.979e-09,5.341e-03,-1,-1,1,D1+D2,5.000e-04,55,2,0,36,5685,ln32_s1.0_seed1,0.000e+00,0.000e+00,0,0,fast,27.7728,0.0168134,29.60,40,1,0,1,1,ln32_s1.0_seed1_L2_exp_b55_S36_t1,colored,1,1.0,1982.104,1886.773,1920.511,0.0931,0.0931,ok,39,e,0,1.000e-13
6.386583e-05,0.000000e+00,6.386583e-05,0.000000e+00,0.000000e+00,32,exp,persistent,36,1.502e-16,2.772e-06,36,9.979e-09,5.656e-04,36,-1,1,D1+D2+D3,5.000e-04,55,2,0,36,3158,ln32_s1.0_seed1,0.000e+00,0.000e+00,0,0,fast,27.7728,0.0168134,29.60,40,1,0,1,1,ln32_s1.0_seed1_L2_exp_b55_S36_t2,colored,1,1.0,1891.034,1929.109,1894.488,0.0072,0.0072,ok,39,e,0,1.000e-13
1.550900e-08,6.517595e-09,2.085977e-06,0.000000e+00,0.000000e+00,32,exp,persistent,4,1.502e-16,9.115e-08,4,9.979e-09,1.500e-05,-1,-1,1,D1+D2,5.000e-04,54,2,0,4,24154,ln32_s1.0_seed1,0.000e+00,0.000e+00,0,0,fast,27.7728,0.0168134,29.60,40,1,0,1,1,ln32_s1.0_seed1_L2_exp_b54_S4_t0,colored,1,1.0,1929.378,1895.569,1892.501,0.0173,0.6905,ok,5,e,0,1.000e-13
5.715995e-09,1.664371e-09,4.840403e-07,0.000000e+00,0.000000e+00,32,exp,persistent,4,1.502e-16,5.442e-08,4,9.979e-09,8.956e-06,-1,-1,1,D1+D2,5.000e-04,54,2,0,4,5685,ln32_s1.0_seed1,0.000e+00,0.000e+00,0,0,fast,27.7728,0.0168134,29.60,40,1,0,1,1,ln32_s1.0_seed1_L2_exp_b54_S4_t1,colored,1,1.0,1973.349,2024.112,2009.557,0.0356,0.6956,ok,5,e,0,1.000e-13
4.730269e-13,4.777112e-13,1.624573e-10,0.000000e+00,0.000000e+00,32,exp,persistent,-1,1.502e-16,3.089e-12,-1,9.979e-09,9.979e-09,-1,-1,1,none,5.000e-04,54,2,0,4,3158,ln32_s1.0_seed1,0.000e+00,0.000e+00,0,0,fast,27.7728,0.0168134,29.60,40,1,0,1,1,ln32_s1.0_seed1_L2_exp_b54_S4_t2,colored,1,1.0,2006.175,2103.415,2000.996,0.0028,0.2721,ok,5,e,0,1.000e-13
1.504328e-05,4.468669e-06,1.661786e-03,0.000000e+00,0.000000e+00,32,exp,persistent,20,1.502e-16,1.167e-05,20,9.979e-09,2.322e-03,20,-1,1,D1+D2+D3,5.000e-04,54,2,0,20,24154,ln32_s1.0_seed1,0.000e+00,0.000e+00,0,0,fast,27.7728,0.0168134,29.60,40,1,0,1,1,ln32_s1.0_seed1_L2_exp_b54_S20_t0,colored,1,1.0,1935.925,1953.897,1948.605,0.0040,0.4153,ok,20,e,0,1.000e-13
8.453969e-08,1.504465e-08,5.336123e-06,0.000000e+00,0.000000e+00,32,exp,persistent,20,1.502e-16,1.096e-07,20,9.979e-09,2.181e-05,-1,-1,1,D1+D2,5.000e-04,54,2,0,20,5685,ln32_s1.0_seed1,0.000e+00,0.000e+00,0,0,fast,27.7728,0.0168134,29.60,40,1,0,1,1,ln32_s1.0_seed1_L2_exp_b54_S20_t1,colored,1,1.0,1979.115,1969.795,1945.865,0.0100,0.4519,ok,20,e,0,1.000e-13
2.547328e-08,1.065092e-08,3.954952e-06,0.000000e+00,0.000000e+00,32,exp,persistent,20,1.502e-16,1.589e-08,20,9.979e-09,3.160e-06,-1,-1,1,D1+D2,5.000e-04,54,2,0,20,3158,ln32_s1.0_seed1,0.000e+00,0.000e+00,0,0,fast,27.7728,0.0168134,29.60,40,1,0,1,1,ln32_s1.0_seed1_L2_exp_b54_S20_t2,colored,1,1.0,1937.472,1883.393,2036.876,0.0024,0.0939,ok,20,e,0,1.000e-13
2.256118e-04,0.000000e+00,2.256118e-04,0.000000e+00,0.000000e+00,32,exp,persistent,36,1.502e-16,2.102e-05,36,9.979e-09,4.288e-03,36,-1,1,D1+D2+D3,5.000e-04,54,2,0,36,24154,ln32_s1.0_seed1,0.000e+00,0.000e+00,0,0,fast,27.7728,0.0168134,29.60,40,1,0,1,1,ln32_s1.0_seed1_L2_exp_b54_S36_t0,colored,1,1.0,1937.083,1942.470,1903.605,0.0606,0.0606,ok,39,e,0,1.000e-13
5.708696e-07,0.000000e+00,5.708696e-07,0.000000e+00,0.000000e+00,32,exp,persistent,36,1.502e-16,9.623e-08,36,9.979e-09,1.964e-05,-1,-1,1,D1+D2,5.000e-04,54,2,0,36,5685,ln32_s1.0_seed1,0.000e+00,0.000e+00,0,0,fast,27.7728,0.0168134,29.60,40,1,0,1,1,ln32_s1.0_seed1_L2_exp_b54_S36_t1,colored,1,1.0,2025.945,1882.080,1940.616,0.0931,0.0931,ok,39,e,0,1.000e-13
3.756813e-06,0.000000e+00,3.756813e-06,0.000000e+00,0.000000e+00,32,exp,persistent,36,1.502e-16,1.630e-07,36,9.979e-09,3.327e-05,36,-1,1,D1+D2+D3,5.000e-04,54,2,0,36,3158,ln32_s1.0_seed1,0.000e+00,0.000e+00,0,0,fast,27.7728,0.0168134,29.60,40,1,0,1,1,ln32_s1.0_seed1_L2_exp_b54_S36_t2,colored,1,1.0,1998.986,1955.315,1938.921,0.0072,0.0072,ok,39,e,0,1.000e-13
3.308587e-08,1.390420e-08,4.450085e-06,0.000000e+00,0.000000e+00,32,sign,persistent,4,1.502e-16,1.944e-07,4,9.979e-09,3.200e-05,-1,-1,1,D1+D2,5.000e-04,63,2,0,4,24154,ln32_s1.0_seed1,0.000e+00,0.000e+00,0,0,fast,27.7728,0.0168134,29.60,40,1,0,1,1,ln32_s1.0_seed1_L2_sign_b63_S4_t0,colored,1,1.0,1925.672,1908.821,1936.383,0.0173,0.6905,ok,5,e,0,1.000e-13
1.219412e-08,3.550658e-09,1.032619e-06,0.000000e+00,0.000000e+00,32,sign,persistent,4,1.502e-16,1.161e-07,4,9.979e-09,1.911e-05,-1,-1,1,D1+D2,5.000e-04,63,2,0,4,5685,ln32_s1.0_seed1,0.000e+00,0.000e+00,0,0,fast,27.7728,0.0168134,29.60,40,1,0,1,1,ln32_s1.0_seed1_L2_sign_b63_S4_t1,colored,1,1.0,1874.795,1904.313,1955.306,0.0356,0.6956,ok,5,e,0,1.000e-13
6.306772e-14,6.369482e-14,2.166097e-11,0.000000e+00,0.000000e+00,32,sign,transient,-1,1.502e-16,4.120e-13,-1,9.979e-09,9.979e-09,-1,-1,1,none,5.000e-04,63,2,0,4,3158,ln32_s1.0_seed1,0.000e+00,0.000e+00,0,0,fast,27.7728,0.0168134,29.60,40,1,0,1,1,ln32_s1.0_seed1_L2_sign_b63_S4_t2,colored,1,1.0,2006.363,2020.866,2029.945,0.0028,0.2717,ok,5,e,0,1.000e-13
2.005770e-06,5.958225e-07,2.215715e-04,0.000000e+00,0.000000e+00,32,sign,persistent,20,1.502e-16,1.557e-06,20,9.979e-09,3.096e-04,-1,-1,1,D1+D2,5.000e-04,63,2,0,20,24154,ln32_s1.0_seed1,0.000e+00,0.000e+00,0,0,fast,27.7728,0.0168134,29.60,40,1,0,1,1,ln32_s1.0_seed1_L2_sign_b63_S20_t0,colored,1,1.0,1835.113,1883.274,1878.268,0.0040,0.4153,ok,20,e,0,1.000e-13
1.803513e-07,3.209526e-08,1.138373e-05,0.000000e+00,0.000000e+00,32,sign,persistent,20,1.502e-16,2.339e-07,20,9.979e-09,4.652e-05,-1,-1,1,D1+D2,5.000e-04,63,2,0,20,5685,ln32_s1.0_seed1,0.000e+00,0.000e+00,0,0,fast,27.7728,0.0168134,29.60,40,1,0,1,1,ln32_s1.0_seed1_L2_sign_b63_S20_t1,colored,1,1.0,1902.358,1899.680,1868.879,0.0100,0.4519,ok,20,e,0,1.000e-13
3.396438e-09,1.420122e-09,5.273269e-07,0.000000e+00,0.000000e+00,32,sign,persistent,20,1.502e-16,2.118e-09,-1,9.979e-09,4.214e-07,-1,-1,1,D1,5.000e-04,63,2,0,20,3158,ln32_s1.0_seed1,0.000e+00,0.000e+00,0,0,fast,27.7728,0.0168134,29.60,40,1,0,1,1,ln32_s1.0_seed1_L2_sign_b63_S20_t2,colored,1,1.0,1975.718,1858.728,2008.080,0.0024,0.0939,ok,20,e,0,1.000e-13
3.008157e-05,0.000000e+00,3.008157e-05,0.000000e+00,0.000000e+00,32,sign,persistent,36,1.502e-16,2.802e-06,36,9.979e-09,5.717e-04,-1,-1,1,D1+D2,5.000e-04,63,2,0,36,24154,ln32_s1.0_seed1,0.000e+00,0.000e+00,0,0,fast,27.7728,0.0168134,29.60,40,1,0,1,1,ln32_s1.0_seed1_L2_sign_b63_S36_t0,colored,1,1.0,2038.554,1985.254,1946.846,0.0606,0.0606,ok,39,e,0,1.000e-13
1.217855e-06,0.000000e+00,1.217855e-06,0.000000e+00,0.000000e+00,32,sign,persistent,36,1.502e-16,2.053e-07,36,9.979e-09,4.189e-05,-1,-1,1,D1+D2,5.000e-04,63,2,0,36,5685,ln32_s1.0_seed1,0.000e+00,0.000e+00,0,0,fast,27.7728,0.0168134,29.60,40,1,0,1,1,ln32_s1.0_seed1_L2_sign_b63_S36_t1,colored,1,1.0,2058.222,2071.385,1994.166,0.0931,0.0931,ok,39,e,0,1.000e-13
5.009084e-07,0.000000e+00,5.009084e-07,0.000000e+00,0.000000e+00,32,sign,persistent,36,1.502e-16,2.174e-08,36,9.979e-09,4.436e-06,-1,-1,1,D1+D2,5.000e-04,63,2,0,36,3158,ln32_s1.0_seed1,0.000e+00,0.000e+00,0,0,fast,27.7728,0.0168134,29.60,40,1,0,1,1,ln32_s1.0_seed1_L2_sign_b63_S36_t2,colored,1,1.0,1961.432,1924.876,1921.671,0.0072,0.0072,ok,39,e,0,1.000e-13
3.308587e-08,1.390420e-08,4.450085e-06,0.000000e+00,0.000000e+00,32,sign,persistent,4,1.502e-16,1.944e-07,4,9.979e-09,3.200e-05,-1,-1,1,D1+D2,5.000e-04,63,2,0,4,24154,ln32_s1.0_seed1,0.000e+00,0.000e+00,0,0,fast,27.7728,0.0168134,29.60,40,1,0,1,1,ln32_s1.0_seed1_L2_sign_b63_S4_t0,colored,1,1.0,1986.262,1898.658,1874.589,0.0173,0.6905,ok,5,e,0,1.000e-13
1.219412e-08,3.550658e-09,1.032619e-06,0.000000e+00,0.000000e+00,32,sign,persistent,4,1.502e-16,1.161e-07,4,9.979e-09,1.911e-05,-1,-1,1,D1+D2,5.000e-04,63,2,0,4,5685,ln32_s1.0_seed1,0.000e+00,0.000e+00,0,0,fast,27.7728,0.0168134,29.60,40,1,0,1,1,ln32_s1.0_seed1_L2_sign_b63_S4_t1,colored,1,1.0,1911.678,2008.941,1967.010,0.0356,0.6956,ok,5,e,0,1.000e-13
6.306772e-14,6.369482e-14,2.166097e-11,0.000000e+00,0.000000e+00,32,sign,transient,-1,1.502e-16,4.120e-13,-1,9.979e-09,9.979e-09,-1,-1,1,none,5.000e-04,63,2,0,4,3158,ln32_s1.0_seed1,0.000e+00,0.000e+00,0,0,fast,27.7728,0.0168134,29.60,40,1,0,1,1,ln32_s1.0_seed1_L2_sign_b63_S4_t2,colored,1,1.0,1913.435,1913.609,1886.673,0.0028,0.2717,ok,5,e,0,1.000e-13
2.005770e-06,5.958225e-07,2.215715e-04,0.000000e+00,0.000000e+00,32,sign,persistent,20,1.502e-16,1.557e-06,20,9.979e-09,3.096e-04,-1,-1,1,D1+D2,5.000e-04,63,2,0,20,24154,ln32_s1.0_seed1,0.000e+00,0.000e+00,0,0,fast,27.7728,0.0168134,29.60,40,1,0,1,1,ln32_s1.0_seed1_L2_sign_b63_S20_t0,colored,1,1.0,2055.626,1991.087,1992.651,0.0040,0.4153,ok,20,e,0,1.000e-13
1.803513e-07,3.209526e-08,1.138373e-05,0.000000e+00,0.000000e+00,32,sign,persistent,20,1.502e-16,2.339e-07,20,9.979e-09,4.652e-05,-1,-1,1,D1+D2,5.000e-04,63,2,0,20,5685,ln32_s1.0_seed1,0.000e+00,0.000e+00,0,0,fast,27.7728,0.0168134,29.60,40,1,0,1,1,ln32_s1.0_seed1_L2_sign_b63_S20_t1,colored,1,1.0,1884.973,1899.600,1994.914,0.0100,0.4519,ok,20,e,0,1.000e-13
3.396438e-09,1.420122e-09,5.273269e-07,0.000000e+00,0.000000e+00,32,sign,persistent,20,1.502e-16,2.118e-09,-1,9.979e-09,4.214e-07,-1,-1,1,D1,5.000e-04,63,2,0,20,3158,ln32_s1.0_seed1,0.000e+00,0.000e+00,0,0,fast,27.7728,0.0168134,29.60,40,1,0,1,1,ln32_s1.0_seed1_L2_sign_b63_S20_t2,colored,1,1.0,1948.780,2050.809,2091.344,0.0024,0.0939,ok,20,e,0,1.000e-13
3.008157e-05,0.000000e+00,3.008157e-05,0.000000e+00,0.000000e+00,32,sign,persistent,36,1.502e-16,2.802e-06,36,9.979e-09,5.717e-04,-1,-1,1,D1+D2,5.000e-04,63,2,0,36,24154,ln32_s1.0_seed1,0.000e+00,0.000e+00,0,0,fast,27.7728,0.0168134,29.60,40,1,0,1,1,ln32_s1.0_seed1_L2_sign_b63_S36_t0,colored,1,1.0,1900.660,1934.739,1916.381,0.0606,0.0606,ok,39,e,0,1.000e-13
1.217855e-06,0.000000e+00,1.217855e-06,0.000000e+00,0.000000e+00,32,sign,persistent,36,1.502e-16,2.053e-07,36,9.979e-09,4.189e-05,-1,-1,1,D1+D2,5.000e-04,63,2,0,36,5685,ln32_s1.0_seed1,0.000e+00,0.000e+00,0,0,fast,27.7728,0.0168134,29.60,40,1,0,1,1,ln32_s1.0_seed1_L2_sign_b63_S36_t1,colored,1,1.0,1984.616,1976.310,1929.143,0.0931,0.0931,ok,39,e,0,1.000e-13
5.009084e-07,0.000000e+00,5.009084e-07,0.000000e+00,0.000000e+00,32,sign,persistent,36,1.502e-16,2.174e-08,36,9.979e-09,4.436e-06,-1,-1,1,D1+D2,5.000e-04,63,2,0,36,3158,ln32_s1.0_seed1,0.000e+00,0.000e+00,0,0,fast,27.7728,0.0168134,29.60,40,1,0,1,1,ln32_s1.0_seed1_L2_sign_b63_S36_t2,colored,1,1.0,1873.089,1988.288,2032.271,0.0072,0.0072,ok,39,e,0,1.000e-13
1.973212e-16,3.482312e-18,2.393446e-16,0.000000e+00,0.000000e+00,32,mant_lo,benign,-1,1.107e-16,3.173e-12,-1,9.979e-09,9.979e-09,-1,-1,1,none,5.000e-04,4,3,0,4,573,ln32_s1.0_seed1,0.000e+00,0.000e+00,0,0,fast,27.7728,0.0168134,29.60,40,2,0,1,1,ln32_s1.0_seed1_L3_mant_lo_b4_S4_t0,colored,1,1.0,5927.969,5928.597,5927.486,0.0964,0.4102,ok,5,e,0,1.000e-13
1.907987e-16,2.700916e-18,1.907987e-16,0.000000e+00,0.000000e+00,32,mant_lo,benign,-1,1.107e-16,1.232e-13,-1,9.979e-09,9.979e-09,-1,-1,1,none,5.000e-04,4,3,0,4,879,ln32_s1.0_seed1,0.000e+00,0.000e+00,0,0,fast,27.7728,0.0168134,29.60,40,2,0,1,1,ln32_s1.0_seed1_L3_mant_lo_b4_S4_t1,colored,1,1.0,5904.351,5963.227,5941.715,0.4666,0.4666,ok,39,e,0,1.000e-13
1.959628e-16,3.256098e-18,1.983477e-16,0.000000e+00,0.000000e+00,32,mant_lo,benign,-1,1.107e-16,2.315e-12,-1,9.979e-09,9.979e-09,-1,-1,1,none,5.000e-04,4,3,0,4,514,ln32_s1.0_seed1,0.000e+00,0.000e+00,0,0,fast,27.7728,0.0168134,29.60,40,2,0,1,1,ln32_s1.0_seed1_L3_mant_lo_b4_S4_t2,colored,1,1.0,5952.165,5910.519,5939.673,0.0859,0.4152,ok,5,e,0,1.000e-13
2.171943e-16,1.931857e-18,2.251266e-16,0.000000e+00,0.000000e+00,32,mant_lo,benign,-1,1.107e-16,2.141e-12,-1,9.979e-09,9.979e-09,-1,-1,1,none,5.000e-04,4,3,0,20,573,ln32_s1.0_seed1,0.000e+00,0.000e+00,0,0,fast,27.7728,0.0168134,29.60,40,2,0,1,1,ln32_s1.0_seed1_L3_mant_lo_b4_S20_t0,colored,1,1.0,5891.756,5914.458,5910.091,0.2507,0.3503,ok,25,e,0,1.000e-13
1.888237e-16,1.395340e-18,1.888237e-16,0.000000e+00,0.000000e+00,32,mant_lo,benign,-1,1.107e-16,6.654e-13,-1,9.979e-09,9.979e-09,-1,-1,1,none,5.000e-04,4,3,0,20,879,ln32_s1.0_seed1,0.000e+00,0.000e+00,0,0,fast,27.7728,0.0168134,29.60,40,2,0,1,1,ln32_s1.0_seed1_L3_mant_lo_b4_S20_t1,colored,1,1.0,5918.368,5919.966,5958.581,0.4597,0.4597,ok,39,e,0,1.000e-13
2.083873e-16,1.731750e-18,2.097951e-16,0.000000e+00,0.000000e+00,32,mant_lo,benign,-1,1.107e-16,1.563e-12,-1,9.979e-09,9.979e-09,-1,-1,1,none,5.000e-04,4,3,0,20,514,ln32_s1.0_seed1,0.000e+00,0.000e+00,0,0,fast,27.7728,0.0168134,29.60,40,2,0,1,1,ln32_s1.0_seed1_L3_mant_lo_b4_S20_t2,colored,1,1.0,5900.967,5938.256,5928.582,0.2893,0.3463,ok,30,e,0,1.000e-13
2.670831e-16,0.000000e+00,2.670831e-16,0.000000e+00,0.000000e+00,32,mant_lo,benign,-1,1.107e-16,3.192e-12,-1,9.979e-09,9.979e-09,-1,-1,1,none,5.000e-04,4,3,0,36,573,ln32_s1.0_seed1,0.000e+00,0.000e+00,0,0,fast,27.7728,0.0168134,29.60,40,2,0,1,1,ln32_s1.0_seed1_L3_mant_lo_b4_S36_t0,colored,1,1.0,5914.720,5951.700,5907.204,0.2447,0.2447,ok,39,e,0,1.000e-13
1.560817e-16,0.000000e+00,1.560817e-16,0.000000e+00,0.000000e+00,32,mant_lo,benign,-1,1.107e-16,9.919e-13,-1,9.979e-09,9.979e-09,-1,-1,1,none,5.000e-04,4,3,0,36,879,ln32_s1.0_seed1,0.000e+00,0.000e+00,0,0,fast,27.7728,0.0168134,29.60,40,2,0,1,1,ln32_s1.0_seed1_L3_mant_lo_b4_S36_t1,colored,1,1.0,5949.384,5910.132,5949.048,0.3464,0.3464,ok,39,e,0,1.000e-13
2.242737e-16,0.000000e+00,2.242737e-16,0.000000e+00,0.000000e+00,32,mant_lo,benign,-1,1.107e-16,2.330e-12,-1,9.979e-09,9.979e-09,-1,-1,1,none,5.000e-04,4,3,0,36,514,ln32_s1.0_seed1,0.000e+00,0.000e+00,0,0,fast,27.7728,0.0168134,29.60,40,2,0,1,1,ln32_s1.0_seed1_L3_mant_lo_b4_S36_t2,colored,1,1.0,5925.356,5943.605,5928.116,0.3205,0.3205,ok,39,e,0,1.000e-13
4.605974e-13,1.398798e-14,1.601996e-12,0.000000e+00,0.000000e+00,32,mant_lo,persistent,4,1.107e-16,2.599e-08,-1,9.979e-09,9.979e-09,-1,-1,1,D1,5.000e-04,17,3,0,4,573,ln32_s1.0_seed1,0.000e+00,0.000e+00,0,0,fast,27.7728,0.0168134,29.60,40,2,0,1,1,ln32_s1.0_seed1_L3_mant_lo_b17_S4_t0,colored,1,1.0,5977.696,5981.886,5943.819,0.0105,0.0956,ok,5,e,0,1.000e-13
1.642481e-14,5.020495e-16,5.790087e-14,0.000000e+00,0.000000e+00,32,mant_lo,benign,4,1.107e-16,1.010e-09,-1,9.979e-09,9.979e-09,-1,-1,1,D1,5.000e-04,17,3,0,4,879,ln32_s1.0_seed1,0.000e+00,0.000e+00,0,0,fast,27.7728,0.0168134,29.60,40,2,0,1,1,ln32_s1.0_seed1_L3_mant_lo_b17_S4_t1,colored,1,1.0,5876.686,5937.632,5929.734,0.0044,0.0512,ok,5,e,0,1.000e-13
3.536245e-13,1.063407e-14,1.207972e-12,0.000000e+00,0.000000e+00,32,mant_lo,persistent,4,1.107e-16,1.897e-08,-1,9.979e-09,9.979e-09,-1,-1,1,D1,5.000e-04,17,3,0,4,514,ln32_s1.0_seed1,0.000e+00,0.000e+00,0,0,fast,27.7728,0.0168134,29.60,40,2,0,1,1,ln32_s1.0_seed1_L3_mant_lo_b17_S4_t2,colored,1,1.0,5908.210,5953.023,5892.059,0.0155,0.1264,ok,5,e,0,1.000e-13
8.557238e-13,1.000575e-14,1.221791e-12,0.000000e+00,0.000000e+00,32,mant_lo,persistent,20,1.107e-16,1.754e-08,-1,9.979e-09,9.979e-09,-1,-1,1,D1,5.000e-04,17,3,0,20,573,ln32_s1.0_seed1,0.000e+00,0.000e+00,0,0,fast,27.7728,0.0168134,29.60,40,2,0,1,1,ln32_s1.0_seed1_L3_mant_lo_b17_S20_t0,colored,1,1.0,5965.304,5921.444,5981.345,0.0052,0.0680,ok,20,e,0,1.000e-13
2.447141e-13,2.890820e-15,3.588047e-13,0.000000e+00,0.000000e+00,32,mant_lo,persistent,20,1.107e-16,5.451e-09,-1,9.979e-09,9.979e-09,-1,-1,1,D1,5.000e-04,17,3,0,20,879,ln32_s1.0_seed1,0.000e+00,0.000e+00,0,0,fast,27.7728,0.0168134,29.60,40,2,0,1,1,ln32_s1.0_seed1_L3_mant_lo_b17_S20_t1,colored,1,1.0,5923.832,5937.132,5933.015,0.0024,0.0373,ok,20,e,0,1.000e-13
6.541453e-13,7.577258e-15,9.170759e-13,0.000000e+00,0.000000e+00,32,mant_lo,persistent,20,1.107e-16,1.280e-08,-1,9.979e-09,9.979e-09,-1,-1,1,D1,5.000e-04,17,3,0,20,514,ln32_s1.0_seed1,0.000e+00,0.000e+00,0,0,fast,27.7728,0.0168134,29.60,40,2,0,1,1,ln32_s1.0_seed1_L3_mant_lo_b17_S20_t2,colored,1,1.0,5892.187,5897.302,5952.037,0.0082,0.0944,ok,20,e,0,1.000e-13
1.622336e-12,0.000000e+00,1.622336e-12,0.000000e+00,0.000000e+00,32,mant_lo,persistent,36,1.107e-16,2.615e-08,-1,9.979e-09,9.979e-09,-1,-1,1,D1,5.000e-04,17,3,0,36,573,ln32_s1.0_seed1,0.000e+00,0.000e+00,0,0,fast,27.7728,0.0168134,29.60,40,2,0,1,1,ln32_s1.0_seed1_L3_mant_lo_b17_S36_t0,colored,1,1.0,5928.855,5955.773,5949.930,0.0196,0.0196,ok,39,e,0,1.000e-13
4.667170e-13,0.000000e+00,4.667170e-13,0.000000e+00,0.000000e+00,32,mant_lo,persistent,36,1.107e-16,8.126e-09,-1,9.979e-09,9.979e-09,-1,-1,1,D1,5.000e-04,17,3,0,36,879,ln32_s1.0_seed1,0.000e+00,0.000e+00,0,0,fast,27.7728,0.0168134,29.60,40,2,0,1,1,ln32_s1.0_seed1_L3_mant_lo_b17_S36_t1,colored,1,1.0,5975.552,5944.794,5913.730,0.0092,0.0092,ok,39,e,0,1.000e-13
1.226947e-12,0.000000e+00,1.226947e-12,0.000000e+00,0.000000e+00,32,mant_lo,persistent,36,1.107e-16,1.908e-08,-1,9.979e-09,9.979e-09,-1,-1,1,D1,5.000e-04,17,3,0,36,514,ln32_s1.0_seed1,0.000e+00,0.000e+00,0,0,fast,27.7728,0.0168134,29.60,40,2,0,1,1,ln32_s1.0_seed1_L3_mant_lo_b17_S36_t2,colored,1,1.0,5909.222,5949.582,5922.717,0.0276,0.0276,ok,39,e,0,1.000e-13
1.513469e-08,4.595994e-10,5.263326e-08,0.000000e+00,0.000000e+00,32,mant_hi,persistent,4,1.107e-16,8.415e-04,-1,9.979e-09,9.979e-09,-1,-1,1,D1,5.000e-04,32,3,0,4,573,ln32_s1.0_seed1,0.000e+00,0.000e+00,0,0,fast,27.7728,0.0168134,29.60,40,2,0,1,1,ln32_s1.0_seed1_L3_mant_hi_b32_S4_t0,colored,1,1.0,5918.987,5927.787,5980.807,0.0106,0.0957,ok,5,e,0,1.000e-13
5.382255e-10,1.645107e-11,1.897282e-09,0.000000e+00,0.000000e+00,32,mant_hi,persistent,4,1.107e-16,3.308e-05,-1,9.979e-09,9.979e-09,-1,-1,1,D1,5.000e-04,32,3,0,4,879,ln32_s1.0_seed1,0.000e+00,0.000e+00,0,0,fast,27.7728,0.0168134,29.60,40,2,0,1,1,ln32_s1.0_seed1_L3_mant_hi_b32_S4_t1,colored,1,1.0,5895.732,5932.397,5905.908,0.0044,0.0518,ok,5,e,0,1.000e-13
1.161192e-08,3.491601e-10,3.965972e-08,0.000000e+00,0.000000e+00,32,mant_hi,persistent,4,1.107e-16,6.179e-04,-1,9.979e-09,9.979e-09,-1,-1,1,D1,5.000e-04,32,3,0,4,514,ln32_s1.0_seed1,0.000e+00,0.000e+00,0,0,fast,27.7728,0.0168134,29.60,40,2,0,1,1,ln32_s1.0_seed1_L3_mant_hi_b32_S4_t2,colored,1,1.0,5915.182,5919.650,5914.118,0.0154,0.1264,ok,5,e,0,1.000e-13
2.808556e-08,3.283996e-10,4.009989e-08,0.000000e+00,0.000000e+00,32,mant_hi,persistent,20,1.107e-16,5.706e-04,-1,9.979e-09,9.979e-09,-1,-1,1,D1,5.000e-04,32,3,0,20,573,ln32_s1.0_seed1,0.000e+00,0.000e+00,0,0,fast,27.7728,0.0168134,29.60,40,2,0,1,1,ln32_s1.0_seed1_L3_mant_hi_b32_S20_t0,colored,1,1.0,5945.307,5950.870,5928.493,0.0051,0.0684,ok,20,e,0,1.000e-13
8.019275e-09,9.473218e-11,1.175795e-08,0.000000e+00,0.000000e+00,32,mant_hi,persistent,20,1.107e-16,1.785e-04,-1,9.979e-09,9.979e-09,-1,-1,1,D1,5.000e-04,32,3,0,20,879,ln32_s1.0_seed1,0.000e+00,0.000e+00,0,0,fast,27.7728,0.0168134,29.60,40,2,0,1,1,ln32_s1.0_seed1_L3_mant_hi_b32_S20_t1,colored,1,1.0,5914.522,5929.141,5911.774,0.0024,0.0375,ok,20,e,0,1.000e-13
2.146423e-08,2.486387e-10,3.009365e-08,0.000000e+00,0.000000e+00,32,mant_hi,persistent,20,1.107e-16,4.175e-04,-1,9.979e-09,9.979e-09,-1,-1,1,D1,5.000e-04,32,3,0,20,514,ln32_s1.0_seed1,0.000e+00,0.000e+00,0,0,fast,27.7728,0.0168134,29.60,40,2,0,1,1,ln32_s1.0_seed1_L3_mant_hi_b32_S20_t2,colored,1,1.0,5953.822,5887.707,5950.779,0.0085,0.0943,ok,20,e,0,1.000e-13
5.557719e-08,0.000000e+00,5.557719e-08,0.000000e+00,0.000000e+00,32,mant_hi,persistent,36,1.107e-16,1.512e-03,-1,9.979e-09,9.979e-09,-1,-1,1,D1,5.000e-04,32,3,0,36,573,ln32_s1.0_seed1,0.000e+00,0.000e+00,0,1,fast,27.7728,0.0168134,29.60,40,2,0,1,1,ln32_s1.0_seed1_L3_mant_hi_b32_S36_t0,colored,1,1.0,5920.573,5940.353,5954.925,0.0343,0.0343,ok,39,e,0,1.000e-13
1.529534e-08,0.000000e+00,1.529534e-08,0.000000e+00,0.000000e+00,32,mant_hi,persistent,36,1.107e-16,2.659e-04,-1,9.979e-09,9.979e-09,-1,-1,1,D1,5.000e-04,32,3,0,36,879,ln32_s1.0_seed1,0.000e+00,0.000e+00,0,0,fast,27.7728,0.0168134,29.60,40,2,0,1,1,ln32_s1.0_seed1_L3_mant_hi_b32_S36_t1,colored,1,1.0,5917.610,5949.526,5929.585,0.0092,0.0092,ok,39,e,0,1.000e-13
4.197783e-08,0.000000e+00,4.197783e-08,0.000000e+00,0.000000e+00,32,mant_hi,persistent,36,1.107e-16,1.129e-03,-1,9.979e-09,9.979e-09,-1,-1,1,D1,5.000e-04,32,3,0,36,514,ln32_s1.0_seed1,0.000e+00,0.000e+00,0,1,fast,27.7728,0.0168134,29.60,40,2,0,1,1,ln32_s1.0_seed1_L3_mant_hi_b32_S36_t2,colored,1,1.0,5924.881,5935.212,5962.401,0.0527,0.0527,ok,39,e,0,1.000e-13
1.872118e+12,5.683305e+10,6.501984e+12,0.000000e+00,0.000000e+00,32,mant_hi,persistent,4,1.107e-16,6.045e-03,4,9.979e-09,3.588e+11,4,-1,1,D1+D2+D3,5.000e-04,46,3,0,4,573,ln32_s1.0_seed1,0.000e+00,0.000e+00,0,469,fast,27.7728,0.0168134,29.60,40,2,0,1,1,ln32_s1.0_seed1_L3_mant_hi_b46_S4_t0,colored,1,1.0,5965.631,5939.387,7933.472,0.0113,0.0959,ok,5,e,0,1.000e-13
1.827796e+03,5.581089e+01,6.420956e+03,0.000000e+00,0.000000e+00,32,mant_hi,persistent,4,1.107e-16,6.434e-03,4,9.979e-09,7.137e+00,4,-1,1,D1+D2+D3,5.000e-04,46,3,0,4,879,ln32_s1.0_seed1,0.000e+00,0.000e+00,0,469,fast,27.7728,0.0168134,29.60,40,2,0,1,1,ln32_s1.0_seed1_L3_mant_hi_b46_S4_t1,colored,1,1.0,5960.919,5903.307,7684.843,0.0045,0.0517,ok,5,e,0,1.000e-13
4.752191e+06,1.428195e+05,1.620605e+07,0.000000e+00,0.000000e+00,32,mant_hi,persistent,4,1.107e-16,5.873e-03,4,9.979e-09,1.751e+06,4,-1,1,D1+D2+D3,5.000e-04,46,3,0,4,514,ln32_s1.0_seed1,0.000e+00,0.000e+00,0,469,fast,27.7728,0.0168134,29.60,40,2,0,1,1,ln32_s1.0_seed1_L3_mant_hi_b46_S4_t2,colored,1,1.0,5908.049,5919.429,7950.098,0.0161,0.1262,ok,5,e,0,1.000e-13
5.190944e+01,6.033035e-01,7.265136e+01,0.000000e+00,0.000000e+00,32,mant_hi,persistent,20,1.107e-16,6.046e-03,20,9.979e-09,7.236e-01,20,-1,1,D1+D2+D3,5.000e-04,46,3,0,20,573,ln32_s1.0_seed1,0.000e+00,0.000e+00,0,471,fast,27.7728,0.0168134,29.60,40,2,0,1,1,ln32_s1.0_seed1_L3_mant_hi_b46_S20_t0,colored,1,1.0,5910.936,5932.869,8189.239,0.0061,0.0684,ok,20,e,0,1.000e-13
7.538504e+09,8.843449e+07,1.080699e+10,0.000000e+00,0.000000e+00,32,mant_hi,persistent,20,1.107e-16,6.434e-03,20,9.979e-09,3.477e+07,20,-1,1,D1+D2+D3,5.000e-04,46,3,0,20,879,ln32_s1.0_seed1,0.000e+00,0.000e+00,0,471,fast,27.7728,0.0168134,29.60,40,2,0,1,1,ln32_s1.0_seed1_L3_mant_hi_b46_S20_t1,colored,1,1.0,5906.081,5934.630,8043.150,0.0025,0.0375,ok,20,e,0,1.000e-13
4.496594e+06,5.178459e+04,6.182044e+06,0.000000e+00,0.000000e+00,32,mant_hi,persistent,20,1.107e-16,5.872e-03,20,9.979e-09,3.272e+05,20,-1,1,D1+D2+D3,5.000e-04,46,3,0,20,514,ln32_s1.0_seed1,0.000e+00,0.000e+00,0,471,fast,27.7728,0.0168134,29.60,40,2,0,1,1,ln32_s1.0_seed1_L3_mant_hi_b46_S20_t2,colored,1,1.0,5927.545,5936.484,8192.655,0.0165,0.0962,ok,20,e,0,1.000e-13
4.398135e+06,0.000000e+00,4.398135e+06,0.000000e+00,0.000000e+00,32,mant_hi,persistent,36,1.107e-16,6.045e-03,36,9.979e-09,7.738e+04,36,-1,1,D1+D2+D3,5.000e-04,46,3,0,36,573,ln32_s1.0_seed1,0.000e+00,0.000e+00,0,472,fast,27.7728,0.0168134,29.60,40,2,0,1,1,ln32_s1.0_seed1_L3_mant_hi_b46_S36_t0,colored,1,1.0,5933.462,5934.618,8207.323,0.0196,0.0196,ok,39,e,0,1.000e-13
1.543160e+03,0.000000e+00,1.543160e+03,0.000000e+00,0.000000e+00,32,mant_hi,persistent,36,1.107e-16,6.434e-03,36,9.979e-09,2.144e+00,36,-1,1,D1+D2+D3,5.000e-04,46,3,0,36,879,ln32_s1.0_seed1,0.000e+00,0.000e+00,0,472,fast,27.7728,0.0168134,29.60,40,2,0,1,1,ln32_s1.0_seed1_L3_mant_hi_b46_S36_t1,colored,1,1.0,5983.235,5928.939,8187.861,0.0092,0.0092,ok,39,e,0,1.000e-13
7.359024e+12,0.000000e+00,7.359024e+12,0.000000e+00,0.000000e+00,32,mant_hi,persistent,36,1.107e-16,5.874e-03,36,9.979e-09,7.452e+11,36,-1,1,D1+D2+D3,5.000e-04,46,3,0,36,514,ln32_s1.0_seed1,0.000e+00,0.000e+00,0,472,fast,27.7728,0.0168134,29.60,40,2,0,1,1,ln32_s1.0_seed1_L3_mant_hi_b46_S36_t2,colored,1,1.0,5961.559,5951.651,8218.027,0.0314,0.0314,ok,39,e,0,1.000e-13
5.919230e+03,1.796836e+02,2.055789e+04,0.000000e+00,0.000000e+00,32,exp,persistent,4,1.107e-16,6.045e-03,4,9.979e-09,2.574e+02,4,-1,1,D1+D2+D3,5.000e-04,52,3,0,4,573,ln32_s1.0_seed1,0.000e+00,0.000e+00,0,469,fast,27.7728,0.0168134,29.60,40,2,0,1,1,ln32_s1.0_seed1_L3_exp_b52_S4_t0,colored,1,1.0,5927.464,5903.036,7906.443,0.0106,0.0955,ok,5,e,0,1.000e-13
1.069201e+11,3.264738e+09,3.756025e+11,0.000000e+00,0.000000e+00,32,exp,persistent,4,1.107e-16,6.434e-03,4,9.979e-09,1.355e+09,4,-1,1,D1+D2+D3,5.000e-04,52,3,0,4,879,ln32_s1.0_seed1,0.000e+00,0.000e+00,0,469,fast,27.7728,0.0168134,29.60,40,2,0,1,1,ln32_s1.0_seed1_L3_exp_b52_S4_t1,colored,1,1.0,5935.504,5885.133,7704.939,0.0045,0.0517,ok,5,e,0,1.000e-13
5.622439e+09,1.690256e+08,1.917451e+10,0.000000e+00,0.000000e+00,32,exp,persistent,4,1.107e-16,5.874e-03,4,9.979e-09,1.545e+09,4,-1,1,D1+D2+D3,5.000e-04,52,3,0,4,514,ln32_s1.0_seed1,0.000e+00,0.000e+00,0,469,fast,27.7728,0.0168134,29.60,40,2,0,1,1,ln32_s1.0_seed1_L3_exp_b52_S4_t2,colored,1,1.0,5918.519,5943.161,7942.148,0.0241,0.1275,ok,5,e,0,1.000e-13
1.133447e+06,1.316655e+04,1.584376e+06,0.000000e+00,0.000000e+00,32,exp,persistent,20,1.107e-16,6.056e-03,20,9.979e-09,2.226e+05,20,-1,1,D1+D2+D3,5.000e-04,52,3,0,20,573,ln32_s1.0_seed1,0.000e+00,0.000e+00,0,471,fast,27.7728,0.0168134,29.60,40,2,0,1,1,ln32_s1.0_seed1_L3_exp_b52_S20_t0,colored,1,1.0,5940.525,5943.628,8249.178,0.0454,0.0641,ok,20,e,0,1.000e-13
8.444362e+03,9.906111e+01,1.210561e+04,0.000000e+00,0.000000e+00,32,exp,persistent,20,1.107e-16,6.434e-03,20,9.979e-09,5.169e+00,20,-1,1,D1+D2+D3,5.000e-04,52,3,0,20,879,ln32_s1.0_seed1,0.000e+00,0.000e+00,0,471,fast,27.7728,0.0168134,29.60,40,2,0,1,1,ln32_s1.0_seed1_L3_exp_b52_S20_t1,colored,1,1.0,5938.653,5954.971,8054.227,0.0025,0.0375,ok,20,e,0,1.000e-13
3.574501e+13,4.116166e+11,4.911818e+13,0.000000e+00,0.000000e+00,32,exp,persistent,20,1.107e-16,5.874e-03,20,9.979e-09,4.403e+12,20,-1,1,D1+D2+D3,5.000e-04,52,3,0,20,514,ln32_s1.0_seed1,0.000e+00,0.000e+00,0,471,fast,27.7728,0.0168134,29.60,40,2,0,1,1,ln32_s1.0_seed1_L3_exp_b52_S20_t2,colored,1,1.0,5892.093,5951.873,8172.429,0.0221,0.0985,ok,20,e,0,1.000e-13
2.341523e+15,0.000000e+00,2.341523e+15,0.000000e+00,0.000000e+00,32,exp,persistent,36,1.107e-16,6.047e-03,36,9.979e-09,2.971e+14,36,-1,1,D1+D2+D3,5.000e-04,52,3,0,36,573,ln32_s1.0_seed1,0.000e+00,0.000e+00,0,472,fast,27.7728,0.0168134,29.60,40,2,0,1,1,ln32_s1.0_seed1_L3_exp_b52_S36_t0,colored,1,1.0,5909.874,5946.094,8258.130,0.0316,0.0316,ok,39,e,0,1.000e-13
6.675451e+14,0.000000e+00,6.675451e+14,0.000000e+00,0.000000e+00,32,exp,persistent,36,1.107e-16,6.434e-03,36,9.979e-09,6.747e+12,36,-1,1,D1+D2+D3,5.000e-04,52,3,0,36,879,ln32_s1.0_seed1,0.000e+00,0.000e+00,0,472,fast,27.7728,0.0168134,29.60,40,2,0,1,1,ln32_s1.0_seed1_L3_exp_b52_S36_t1,colored,1,1.0,5900.782,5947.682,8208.795,0.0092,0.0092,ok,39,e,0,1.000e-13
1.049594e+15,0.000000e+00,1.049594e+15,0.000000e+00,0.000000e+00,32,exp,persistent,36,1.107e-16,5.870e-03,36,9.979e-09,1.188e+14,36,-1,1,D1+D2+D3,5.000e-04,52,3,0,36,514,ln32_s1.0_seed1,0.000e+00,0.000e+00,0,472,fast,27.7728,0.0168134,29.60,40,2,0,1,1,ln32_s1.0_seed1_L3_exp_b52_S36_t2,colored,1,1.0,5934.756,5953.687,8229.616,0.0333,0.0333,ok,39,e,0,1.000e-13
5.257181e+14,1.595296e+13,1.824133e+15,0.000000e+00,0.000000e+00,32,exp,persistent,4,1.107e-16,6.051e-03,4,9.979e-09,1.471e+14,4,-1,1,D1+D2+D3,5.000e-04,54,3,0,4,573,ln32_s1.0_seed1,0.000e+00,0.000e+00,0,469,fast,27.7728,0.0168134,29.60,40,2,0,1,1,ln32_s1.0_seed1_L3_exp_b54_S4_t0,colored,1,1.0,5959.584,5918.289,7933.213,0.0200,0.0973,ok,5,e,0,1.000e-13
5.497000e+07,1.678463e+06,1.931026e+08,0.000000e+00,0.000000e+00,32,exp,persistent,4,1.107e-16,6.434e-03,4,9.979e-09,2.013e+06,4,-1,1,D1+D2+D3,5.000e-04,54,3,0,4,879,ln32_s1.0_seed1,0.000e+00,0.000e+00,0,469,fast,27.7728,0.0168134,29.60,40,2,0,1,1,ln32_s1.0_seed1_L3_exp_b54_S4_t1,colored,1,1.0,5925.220,5934.341,7752.093,0.0045,0.0517,ok,5,e,0,1.000e-13
8.260170e+12,2.483043e+11,2.817634e+13,0.000000e+00,0.000000e+00,32,exp,persistent,4,1.107e-16,5.871e-03,4,9.979e-09,2.154e+12,4,-1,1,D1+D2+D3,5.000e-04,54,3,0,4,514,ln32_s1.0_seed1,0.000e+00,0.000e+00,0,469,fast,27.7728,0.0168134,29.60,40,2,0,1,1,ln32_s1.0_seed1_L3_exp_b54_S4_t2,colored,1,1.0,5927.417,5897.745,7947.409,0.0178,0.1266,ok,5,e,0,1.000e-13
2.210880e+15,2.567305e+13,3.088011e+15,0.000000e+00,0.000000e+00,32,exp,persistent,20,1.107e-16,6.060e-03,20,9.979e-09,5.968e+14,20,-1,1,D1+D2+D3,5.000e-04,54,3,0,20,573,ln32_s1.0_seed1,0.000e+00,0.000e+00,0,471,fast,27.7728,0.0168134,29.60,40,2,0,1,1,ln32_s1.0_seed1_L3_exp_b54_S20_t0,colored,1,1.0,5954.668,5948.195,8252.553,0.0621,0.0654,ok,20,e,0,1.000e-13
2.373609e+14,2.784466e+12,3.402618e+14,0.000000e+00,0.000000e+00,32,exp,persistent,20,1.107e-16,6.434e-03,20,9.979e-09,4.734e+12,20,-1,1,D1+D2+D3,5.000e-04,54,3,0,20,879,ln32_s1.0_seed1,0.000e+00,0.000e+00,0,471,fast,27.7728,0.0168134,29.60,40,2,0,1,1,ln32_s1.0_seed1_L3_exp_b54_S20_t1,colored,1,1.0,5945.508,5952.239,8143.377,0.0025,0.0375,ok,20,e,0,1.000e-13
1.138125e+05,1.310854e+03,1.564399e+05,0.000000e+00,0.000000e+00,32,exp,persistent,20,1.107e-16,5.871e-03,20,9.979e-09,1.394e+04,20,-1,1,D1+D2+D3,5.000e-04,54,3,0,20,514,ln32_s1.0_seed1,0.000e+00,0.000e+00,0,471,fast,27.7728,0.0168134,29.60,40,2,0,1,1,ln32_s1.0_seed1_L3_exp_b54_S20_t2,colored,1,1.0,5912.124,5965.402,8213.011,0.0283,0.0998,ok,20,e,0,1.000e-13
4.529690e+14,0.000000e+00,4.529690e+14,0.000000e+00,0.000000e+00,32,exp,persistent,36,1.107e-16,9.887e-03,36,9.979e-09,1.673e+15,36,-1,1,D1+D2+D3,5.000e-04,54,3,0,36,573,ln32_s1.0_seed1,0.000e+00,0.000e+00,0,107,fast,27.7728,0.0168134,29.60,40,2,0,1,1,ln32_s1.0_seed1_L3_exp_b54_S36_t0,colored,1,1.0,5922.154,5969.941,6502.600,0.1451,0.1451,ok,39,e,0,1.000e-13
7.440319e+06,0.000000e+00,7.440319e+06,0.000000e+00,0.000000e+00,32,exp,persistent,36,1.107e-16,6.434e-03,36,9.979e-09,6.890e+04,36,-1,1,D1+D2+D3,5.000e-04,54,3,0,36,879,ln32_s1.0_seed1,0.000e+00,0.000e+00,0,472,fast,27.7728,0.0168134,29.60,40,2,0,1,1,ln32_s1.0_seed1_L3_exp_b54_S36_t1,colored,1,1.0,5928.439,5914.838,8259.884,0.0092,0.0092,ok,39,e,0,1.000e-13
1.925619e+15,0.000000e+00,1.925619e+15,0.000000e+00,0.000000e+00,32,exp,persistent,36,1.107e-16,8.912e-03,36,9.979e-09,9.134e+15,36,-1,1,D1+D2+D3,5.000e-04,54,3,0,36,514,ln32_s1.0_seed1,0.000e+00,0.000e+00,0,450,fast,27.7728,0.0168134,29.60,40,2,0,1,1,ln32_s1.0_seed1_L3_exp_b54_S36_t2,colored,1,1.0,5910.360,5931.185,8178.383,0.1432,0.1432,ok,39,e,0,1.000e-13
2.525275e+09,7.659396e+07,8.753654e+09,0.000000e+00,0.000000e+00,32,sign,persistent,4,1.107e-16,6.061e-03,4,9.979e-09,1.551e+09,4,-1,1,D1+D2+D3,5.000e-04,63,3,0,4,573,ln32_s1.0_seed1,0.000e+00,0.000e+00,0,469,fast,27.7728,0.0168134,29.60,40,2,0,1,1,ln32_s1.0_seed1_L3_sign_b63_S4_t0,colored,1,1.0,5899.849,5947.566,7945.128,0.0325,0.0939,ok,5,e,0,1.000e-13
3.956196e+04,1.208005e+03,1.389791e+05,0.000000e+00,0.000000e+00,32,sign,persistent,4,1.107e-16,6.434e-03,4,9.979e-09,1.721e+02,4,-1,1,D1+D2+D3,5.000e-04,63,3,0,4,879,ln32_s1.0_seed1,0.000e+00,0.000e+00,0,469,fast,27.7728,0.0168134,29.60,40,2,0,1,1,ln32_s1.0_seed1_L3_sign_b63_S4_t1,colored,1,1.0,5930.690,5926.162,7663.184,0.0045,0.0517,ok,5,e,0,1.000e-13
3.492243e+07,1.049681e+06,1.190993e+08,0.000000e+00,0.000000e+00,32,sign,persistent,4,1.107e-16,5.872e-03,4,9.979e-09,1.007e+07,4,-1,1,D1+D2+D3,5.000e-04,63,3,0,4,514,ln32_s1.0_seed1,0.000e+00,0.000e+00,0,469,fast,27.7728,0.0168134,29.60,40,2,0,1,1,ln32_s1.0_seed1_L3_sign_b63_S4_t2,colored,1,1.0,5952.717,5916.770,7948.139,0.0184,0.1265,ok,5,e,0,1.000e-13
4.668264e+11,5.421683e+09,6.522519e+11,0.000000e+00,0.000000e+00,32,sign,persistent,20,1.107e-16,6.059e-03,20,9.979e-09,1.106e+11,20,-1,1,D1+D2+D3,5.000e-04,63,3,0,20,573,ln32_s1.0_seed1,0.000e+00,0.000e+00,0,471,fast,27.7728,0.0168134,29.60,40,2,0,1,1,ln32_s1.0_seed1_L3_sign_b63_S20_t0,colored,1,1.0,5961.637,5942.575,8261.608,0.0619,0.0699,ok,20,e,0,1.000e-13
1.610465e+14,1.889232e+12,2.308662e+14,0.000000e+00,0.000000e+00,32,sign,persistent,20,1.107e-16,6.434e-03,20,9.979e-09,2.403e+12,20,-1,1,D1+D2+D3,5.000e-04,63,3,0,20,879,ln32_s1.0_seed1,0.000e+00,0.000e+00,0,471,fast,27.7728,0.0168134,29.60,40,2,0,1,1,ln32_s1.0_seed1_L3_sign_b63_S20_t1,colored,1,1.0,5938.882,5943.555,8077.875,0.0025,0.0375,ok,20,e,0,1.000e-13
2.972578e+04,3.425433e+02,4.088544e+04,0.000000e+00,0.000000e+00,32,sign,persistent,20,1.107e-16,5.863e-03,20,9.979e-09,5.847e+03,20,-1,1,D1+D2+D3,5.000e-04,63,3,0,20,514,ln32_s1.0_seed1,0.000e+00,0.000e+00,0,471,fast,27.7728,0.0168134,29.60,40,2,0,1,1,ln32_s1.0_seed1_L3_sign_b63_S20_t2,colored,1,1.0,5904.839,5910.213,8217.483,0.0629,0.1059,ok,20,e,0,1.000e-13
1.363994e+02,0.000000e+00,1.363994e+02,0.000000e+00,0.000000e+00,32,sign,persistent,36,1.107e-16,6.046e-03,36,9.979e-09,1.618e+00,36,-1,1,D1+D2+D3,5.000e-04,63,3,0,36,573,ln32_s1.0_seed1,0.000e+00,0.000e+00,0,472,fast,27.7728,0.0168134,29.60,40,2,0,1,1,ln32_s1.0_seed1_L3_sign_b63_S36_t0,colored,1,1.0,5944.600,5924.440,8257.938,0.0196,0.0196,ok,39,e,0,1.000e-13
6.445786e+04,0.000000e+00,6.445786e+04,0.000000e+00,0.000000e+00,32,sign,persistent,36,1.107e-16,6.434e-03,36,9.979e-09,3.095e+02,36,-1,1,D1+D2+D3,5.000e-04,63,3,0,36,879,ln32_s1.0_seed1,0.000e+00,0.000e+00,0,472,fast,27.7728,0.0168134,29.60,40,2,0,1,1,ln32_s1.0_seed1_L3_sign_b63_S36_t1,colored,1,1.0,5929.984,5908.269,8223.922,0.0092,0.0092,ok,39,e,0,1.000e-13
9.093681e+01,0.000000e+00,9.093681e+01,0.000000e+00,0.000000e+00,32,sign,persistent,36,1.107e-16,5.868e-03,36,9.979e-09,1.771e+00,36,-1,1,D1+D2+D3,5.000e-04,63,3,0,36,514,ln32_s1.0_seed1,0.000e+00,0.000e+00,0,472,fast,27.7728,0.0168134,29.60,40,2,0,1,1,ln32_s1.0_seed1_L3_sign_b63_S36_t2,colored,1,1.0,5938.205,5974.062,8278.323,0.0285,0.0285,ok,39,e,0,1.000e-13
2.525275e+09,7.659396e+07,8.753654e+09,0.000000e+00,0.000000e+00,32,sign,persistent,4,1.107e-16,6.061e-03,4,9.979e-09,1.551e+09,4,-1,1,D1+D2+D3,5.000e-04,63,3,0,4,573,ln32_s1.0_seed1,0.000e+00,0.000e+00,0,469,fast,27.7728,0.0168134,29.60,40,2,0,1,1,ln32_s1.0_seed1_L3_sign_b63_S4_t0,colored,1,1.0,5946.740,5932.231,7964.763,0.0325,0.0939,ok,5,e,0,1.000e-13
3.956196e+04,1.208005e+03,1.389791e+05,0.000000e+00,0.000000e+00,32,sign,persistent,4,1.107e-16,6.434e-03,4,9.979e-09,1.721e+02,4,-1,1,D1+D2+D3,5.000e-04,63,3,0,4,879,ln32_s1.0_seed1,0.000e+00,0.000e+00,0,469,fast,27.7728,0.0168134,29.60,40,2,0,1,1,ln32_s1.0_seed1_L3_sign_b63_S4_t1,colored,1,1.0,5941.729,5964.562,7692.438,0.0045,0.0517,ok,5,e,0,1.000e-13
3.492243e+07,1.049681e+06,1.190993e+08,0.000000e+00,0.000000e+00,32,sign,persistent,4,1.107e-16,5.872e-03,4,9.979e-09,1.007e+07,4,-1,1,D1+D2+D3,5.000e-04,63,3,0,4,514,ln32_s1.0_seed1,0.000e+00,0.000e+00,0,469,fast,27.7728,0.0168134,29.60,40,2,0,1,1,ln32_s1.0_seed1_L3_sign_b63_S4_t2,colored,1,1.0,5928.934,5952.530,7898.923,0.0184,0.1265,ok,5,e,0,1.000e-13
4.668264e+11,5.421683e+09,6.522519e+11,0.000000e+00,0.000000e+00,32,sign,persistent,20,1.107e-16,6.059e-03,20,9.979e-09,1.106e+11,20,-1,1,D1+D2+D3,5.000e-04,63,3,0,20,573,ln32_s1.0_seed1,0.000e+00,0.000e+00,0,471,fast,27.7728,0.0168134,29.60,40,2,0,1,1,ln32_s1.0_seed1_L3_sign_b63_S20_t0,colored,1,1.0,5967.082,5919.026,8200.106,0.0619,0.0699,ok,20,e,0,1.000e-13
1.610465e+14,1.889232e+12,2.308662e+14,0.000000e+00,0.000000e+00,32,sign,persistent,20,1.107e-16,6.434e-03,20,9.979e-09,2.403e+12,20,-1,1,D1+D2+D3,5.000e-04,63,3,0,20,879,ln32_s1.0_seed1,0.000e+00,0.000e+00,0,471,fast,27.7728,0.0168134,29.60,40,2,0,1,1,ln32_s1.0_seed1_L3_sign_b63_S20_t1,colored,1,1.0,5938.960,5950.409,8071.931,0.0025,0.0375,ok,20,e,0,1.000e-13
2.972578e+04,3.425433e+02,4.088544e+04,0.000000e+00,0.000000e+00,32,sign,persistent,20,1.107e-16,5.863e-03,20,9.979e-09,5.847e+03,20,-1,1,D1+D2+D3,5.000e-04,63,3,0,20,514,ln32_s1.0_seed1,0.000e+00,0.000e+00,0,471,fast,27.7728,0.0168134,29.60,40,2,0,1,1,ln32_s1.0_seed1_L3_sign_b63_S20_t2,colored,1,1.0,5946.494,5927.509,8229.280,0.0629,0.1059,ok,20,e,0,1.000e-13
1.363994e+02,0.000000e+00,1.363994e+02,0.000000e+00,0.000000e+00,32,sign,persistent,36,1.107e-16,6.046e-03,36,9.979e-09,1.618e+00,36,-1,1,D1+D2+D3,5.000e-04,63,3,0,36,573,ln32_s1.0_seed1,0.000e+00,0.000e+00,0,472,fast,27.7728,0.0168134,29.60,40,2,0,1,1,ln32_s1.0_seed1_L3_sign_b63_S36_t0,colored,1,1.0,5970.956,5906.023,8220.950,0.0196,0.0196,ok,39,e,0,1.000e-13
6.445786e+04,0.000000e+00,6.445786e+04,0.000000e+00,0.000000e+00,32,sign,persistent,36,1.107e-16,6.434e-03,36,9.979e-09,3.095e+02,36,-1,1,D1+D2+D3,5.000e-04,63,3,0,36,879,ln32_s1.0_seed1,0.000e+00,0.000e+00,0,472,fast,27.7728,0.0168134,29.60,40,2,0,1,1,ln32_s1.0_seed1_L3_sign_b63_S36_t1,colored,1,1.0,5928.882,5939.235,8207.586,0.0092,0.0092,ok,39,e,0,1.000e-13
9.093681e+01,0.000000e+00,9.093681e+01,0.000000e+00,0.000000e+00,32,sign,persistent,36,1.107e-16,5.868e-03,36,9.979e-09,1.771e+00,36,-1,1,D1+D2+D3,5.000e-04,63,3,0,36,514,ln32_s1.0_seed1,0.000e+00,0.000e+00,0,472,fast,27.7728,0.0168134,29.60,40,2,0,1,1,ln32_s1.0_seed1_L3_sign_b63_S36_t2,colored,1,1.0,5924.576,5926.636,8226.144,0.0285,0.0285,ok,39,e,0,1.000e-13
2.418592e-16,3.415979e-18,2.418592e-16,0.000000e+00,0.000000e+00,32,mant_lo,benign,-1,1.061e-16,1.061e-16,-1,9.867e-09,9.867e-09,-1,-1,1,none,5.000e-04,12,1,0,4,32929,ln32_s1.0_seed2,0.000e+00,0.000e+00,0,0,fast,53.2253,0.0233658,28.12,40,1,0,1,1,ln32_s1.0_seed2_L1_mant_lo_b12_S4_t0,colored,2,1.0,1821.113,1789.170,1798.931,0.3655,0.3655,ok,39,e,0,1.000e-13
2.282322e-16,3.310894e-18,2.437249e-16,0.000000e+00,0.000000e+00,32,mant_lo,benign,-1,1.061e-16,1.061e-16,-1,9.867e-09,9.867e-09,-1,-1,1,none,5.000e-04,12,1,0,4,23789,ln32_s1.0_seed2,0.000e+00,0.000e+00,0,0,fast,53.2253,0.0233658,28.12,40,1,0,1,1,ln32_s1.0_seed2_L1_mant_lo_b12_S4_t1,colored,2,1.0,1994.957,1943.950,1834.540,0.2477,0.3667,ok,20,e,0,1.000e-13
2.327983e-16,3.467949e-18,2.352170e-16,0.000000e+00,0.000000e+00,32,mant_lo,benign,-1,1.061e-16,1.061e-16,-1,9.867e-09,9.867e-09,-1,-1,1,none,5.000e-04,12,1,0,4,5793,ln32_s1.0_seed2,0.000e+00,0.000e+00,0,0,fast,53.2253,0.0233658,28.12,40,1,0,1,1,ln32_s1.0_seed2_L1_mant_lo_b12_S4_t2,colored,2,1.0,1784.770,1757.812,1892.105,0.2783,0.3672,ok,25,e,0,1.000e-13
2.411803e-16,1.655076e-18,2.411803e-16,0.000000e+00,0.000000e+00,32,mant_lo,benign,-1,1.061e-16,1.061e-16,-1,9.867e-09,9.867e-09,-1,-1,1,none,5.000e-04,12,1,0,20,32929,ln32_s1.0_seed2,0.000e+00,0.000e+00,0,0,fast,53.2253,0.0233658,28.12,40,1,0,1,1,ln32_s1.0_seed2_L1_mant_lo_b12_S20_t0,colored,2,1.0,1949.598,1968.122,1867.936,0.3611,0.3611,ok,39,e,0,1.000e-13
2.345770e-16,1.640663e-18,2.345770e-16,0.000000e+00,0.000000e+00,32,mant_lo,benign,-1,1.061e-16,1.061e-16,-1,9.867e-09,9.867e-09,-1,-1,1,none,5.000e-04,12,1,0,20,23789,ln32_s1.0_seed2,0.000e+00,0.000e+00,0,0,fast,53.2253,0.0233658,28.12,40,1,0,1,1,ln32_s1.0_seed2_L1_mant_lo_b12_S20_t1,colored,2,1.0,1860.592,1790.173,1863.924,0.3638,0.3638,ok,39,e,0,1.000e-13
2.290808e-16,1.771444e-18,2.383346e-16,0.000000e+00,0.000000e+00,32,mant_lo,benign,-1,1.061e-16,1.241e-16,-1,9.867e-09,9.867e-09,-1,-1,1,none,5.000e-04,12,1,0,20,5793,ln32_s1.0_seed2,0.000e+00,0.000e+00,0,0,fast,53.2253,0.0233658,28.12,40,1,0,1,1,ln32_s1.0_seed2_L1_mant_lo_b12_S20_t2,colored,2,1.0,1956.944,1817.724,1839.448,0.2800,0.3694,ok,25,e,0,1.000e-13
1.601871e-16,0.000000e+00,1.601871e-16,0.000000e+00,0.000000e+00,32,mant_lo,benign,-1,1.061e-16,1.061e-16,-1,9.867e-09,9.867e-09,-1,-1,1,none,5.000e-04,12,1,0,36,32929,ln32_s1.0_seed2,0.000e+00,0.000e+00,0,0,fast,53.2253,0.0233658,28.12,40,1,0,1,1,ln32_s1.0_seed2_L1_mant_lo_b12_S36_t0,colored,2,1.0,1793.320,1826.369,1853.632,0.2441,0.2441,ok,39,e,0,1.000e-13
1.926089e-16,0.000000e+00,1.926089e-16,0.000000e+00,0.000000e+00,32,mant_lo,benign,-1,1.061e-16,1.194e-16,-1,9.867e-09,9.867e-09,-1,-1,1,none,5.000e-04,12,1,0,36,23789,ln32_s1.0_seed2,0.000e+00,0.000e+00,0,0,fast,53.2253,0.0233658,28.12,40,1,0,1,1,ln32_s1.0_seed2_L1_mant_lo_b12_S36_t1,colored,2,1.0,1917.853,1779.142,1839.562,0.3284,0.3284,ok,39,e,0,1.000e-13
2.099847e-16,0.000000e+00,2.099847e-16,0.000000e+00,0.000000e+00,32,mant_lo,benign,-1,1.061e-16,1.061e-16,-1,9.867e-09,9.867e-09,-1,-1,1,none,5.000e-04,12,1,0,36,5793,ln32_s1.0_seed2,0.000e+00,0.000e+00,0,0,fast,53.2253,0.0233658,28.12,40,1,0,1,1,ln32_s1.0_seed2_L1_mant_lo_b12_S36_t2,colored,2,1.0,1966.609,1862.231,1872.248,0.3440,0.3440,ok,39,e,0,1.000e-13
2.211014e-16,3.340218e-18,2.341373e-16,0.000000e+00,0.000000e+00,32,mant_lo,benign,-1,1.061e-16,1.891e-16,-1,9.867e-09,9.867e-09,-1,-1,1,none,5.000e-04,5,1,0,4,32929,ln32_s1.0_seed2,0.000e+00,0.000e+00,0,0,fast,53.2253,0.0233658,28.12,40,1,0,1,1,ln32_s1.0_seed2_L1_mant_lo_b5_S4_t0,colored,2,1.0,1864.733,1833.669,1846.838,0.2933,0.3674,ok,20,e,0,1.000e-13
2.240338e-16,3.301106e-18,2.464214e-16,0.000000e+00,0.000000e+00,32,mant_lo,benign,-1,1.061e-16,7.162e-17,-1,9.867e-09,9.867e-09,-1,-1,1,none,5.000e-04,5,1,0,4,23789,ln32_s1.0_seed2,0.000e+00,0.000e+00,0,0,fast,53.2253,0.0233658,28.12,40,1,0,1,1,ln32_s1.0_seed2_L1_mant_lo_b5_S4_t1,colored,2,1.0,1805.713,1816.651,1813.578,0.2846,0.3640,ok,25,e,0,1.000e-13
2.247712e-16,3.506049e-18,2.387311e-16,0.000000e+00,0.000000e+00,32,mant_lo,benign,-1,1.061e-16,9.758e-17,-1,9.867e-09,9.867e-09,-1,-1,1,none,5.000e-04,5,1,0,4,5793,ln32_s1.0_seed2,0.000e+00,0.000e+00,0,0,fast,53.2253,0.0233658,28.12,40,1,0,1,1,ln32_s1.0_seed2_L1_mant_lo_b5_S4_t2,colored,2,1.0,1874.252,1936.731,1936.847,0.2448,0.3680,ok,20,e,0,1.000e-13
2.497442e-16,1.542604e-18,2.497442e-16,0.000000e+00,0.000000e+00,32,mant_lo,benign,-1,1.061e-16,1.061e-16,-1,9.867e-09,9.867e-09,-1,-1,1,none,5.000e-04,5,1,0,20,32929,ln32_s1.0_seed2,0.000e+00,0.000e+00,0,0,fast,53.2253,0.0233658,28.12,40,1,0,1,1,ln32_s1.0_seed2_L1_mant_lo_b5_S20_t0,colored,2,1.0,1858.328,2003.079,1926.876,0.3050,0.3050,ok,39,e,0,1.000e-13
2.440886e-16,1.483969e-18,2.440886e-16,0.000000e+00,0.000000e+00,32,mant_lo,benign,-1,1.061e-16,1.061e-16,-1,9.867e-09,9.867e-09,-1,-1,1,none,5.000e-04,5,1,0,20,23789,ln32_s1.0_seed2,0.000e+00,0.000e+00,0,0,fast,53.2253,0.0233658,28.12,40,1,0,1,1,ln32_s1.0_seed2_L1_mant_lo_b5_S20_t1,colored,2,1.0,1768.609,1799.092,1953.033,0.3637,0.3637,ok,39,e,0,1.000e-13
2.336482e-16,1.630323e-18,2.350854e-16,0.000000e+00,0.000000e+00,32,mant_lo,benign,-1,1.061e-16,1.891e-16,-1,9.867e-09,9.867e-09,-1,-1,1,none,5.000e-04,5,1,0,20,5793,ln32_s1.0_seed2,0.000e+00,0.000e+00,0,0,fast,53.2253,0.0233658,28.12,40,1,0,1,1,ln32_s1.0_seed2_L1_mant_lo_b5_S20_t2,colored,2,1.0,1841.474,1776.463,1811.052,0.3199,0.3663,ok,30,e,0,1.000e-13
1.827904e-16,0.000000e+00,1.827904e-16,0.000000e+00,0.000000e+00,32,mant_lo,benign,-1,1.061e-16,1.061e-16,-1,9.867e-09,9.867e-09,-1,-1,1,none,5.000e-04,5,1,0,36,32929,ln32_s1.0_seed2,0.000e+00,0.000e+00,0,0,fast,53.2253,0.0233658,28.12,40,1,0,1,1,ln32_s1.0_seed2_L1_mant_lo_b5_S36_t0,colored,2,1.0,1874.838,1852.004,1885.683,0.2845,0.2845,ok,39,e,0,1.000e-13
6.320505e-17,0.000000e+00,6.320505e-17,0.000000e+00,0.000000e+00,32,mant_lo,benign,-1,1.061e-16,1.061e-16,-1,9.867e-09,9.867e-09,-1,-1,1,none,5.000e-04,5,1,0,36,23789,ln32_s1.0_seed2,0.000e+00,0.000e+00,0,0,fast,53.2253,0.0233658,28.12,40,1,0,1,1,ln32_s1.0_seed2_L1_mant_lo_b5_S36_t1,colored,2,1.0,1815.807,1852.814,1806.698,0.1555,0.1555,ok,39,e,0,1.000e-13
1.844765e-16,0.000000e+00,1.844765e-16,0.000000e+00,0.000000e+00,32,mant_lo,benign,-1,1.061e-16,1.061e-16,-1,9.867e-09,9.867e-09,-1,-1,1,none,5.000e-04,5,1,0,36,5793,ln32_s1.0_seed2,0.000e+00,0.000e+00,0,0,fast,53.2253,0.0233658,28.12,40,1,0,1,1,ln32_s1.0_seed2_L1_mant_lo_b5_S36_t2,colored,2,1.0,1981.156,1955.564,1903.163,0.2992,0.2992,ok,39,e,0,1.000e-13
2.392135e-16,2.349831e-17,7.209380e-15,0.000000e+00,0.000000e+00,32,mant_hi,benign,-1,1.061e-16,1.299e-16,-1,9.867e-09,9.867e-09,-1,-1,1,none,5.000e-04,35,1,0,4,32929,ln32_s1.0_seed2,0.000e+00,0.000e+00,0,0,fast,53.2253,0.0233658,28.12,40,1,0,1,1,ln32_s1.0_seed2_L1_mant_hi_b35_S4_t0,colored,2,1.0,1800.587,1836.582,1949.486,0.0115,0.3987,ok,5,e,0,1.000e-13
3.760240e-15,2.624843e-15,8.542676e-13,0.000000e+00,0.000000e+00,32,mant_hi,transient,-1,1.061e-16,1.920e-16,-1,9.867e-09,9.867e-09,-1,-1,1,none,5.000e-04,35,1,0,4,23789,ln32_s1.0_seed2,0.000e+00,0.000e+00,0,0,fast,53.2253,0.0233658,28.12,40,1,0,1,1,ln32_s1.0_seed2_L1_mant_hi_b35_S4_t1,colored,2,1.0,1830.209,1860.707,1818.043,0.0313,0.5208,ok,5,e,0,1.000e-13
5.132300e-13,1.515217e-13,4.217937e-11,0.000000e+00,0.000000e+00,32,mant_hi,persistent,-1,1.061e-16,1.028e-16,-1,9.867e-09,9.867e-09,-1,-1,1,none,5.000e-04,35,1,0,4,5793,ln32_s1.0_seed2,0.000e+00,0.000e+00,0,0,fast,53.2253,0.0233658,28.12,40,1,0,1,1,ln32_s1.0_seed2_L1_mant_hi_b35_S4_t2,colored,2,1.0,1829.210,1864.607,1785.492,0.0025,0.2504,ok,5,e,0,1.000e-13
1.649722e-14,4.449317e-15,1.553340e-12,0.000000e+00,0.000000e+00,32,mant_hi,transient,-1,1.061e-16,1.104e-16,-1,9.867e-09,9.867e-09,-1,-1,1,none,5.000e-04,35,1,0,20,32929,ln32_s1.0_seed2,0.000e+00,0.000e+00,0,0,fast,53.2253,0.0233658,28.12,40,1,0,1,1,ln32_s1.0_seed2_L1_mant_hi_b35_S20_t0,colored,2,1.0,1987.445,1885.567,1872.626,0.0032,0.1134,ok,20,e,0,1.000e-13
1.316357e-12,2.955151e-13,1.030602e-10,0.000000e+00,0.000000e+00,32,mant_hi,persistent,-1,1.061e-16,1.061e-16,-1,9.867e-09,9.867e-09,-1,-1,1,none,5.000e-04,35,1,0,20,23789,ln32_s1.0_seed2,0.000e+00,0.000e+00,0,0,fast,53.2253,0.0233658,28.12,40,1,0,1,1,ln32_s1.0_seed2_L1_mant_hi_b35_S20_t1,colored,2,1.0,1850.983,1834.429,1871.513,0.0137,0.3181,ok,20,e,0,1.000e-13
2.029280e-11,1.423082e-12,4.080688e-10,0.000000e+00,0.000000e+00,32,mant_hi,persistent,-1,1.061e-16,1.115e-16,-1,9.867e-09,9.867e-09,-1,-1,1,none,5.000e-04,35,1,0,20,5793,ln32_s1.0_seed2,0.000e+00,0.000e+00,0,0,fast,53.2253,0.0233658,28.12,40,1,0,1,1,ln32_s1.0_seed2_L1_mant_hi_b35_S20_t2,colored,2,1.0,1849.861,1868.311,1826.365,0.0014,0.1064,ok,20,e,0,1.000e-13
1.635336e-12,0.000000e+00,1.635336e-12,0.000000e+00,0.000000e+00,32,mant_hi,persistent,-1,1.061e-16,1.061e-16,-1,9.867e-09,9.867e-09,-1,-1,1,none,5.000e-04,35,1,0,36,32929,ln32_s1.0_seed2,0.000e+00,0.000e+00,0,0,fast,53.2253,0.0233658,28.12,40,1,0,1,1,ln32_s1.0_seed2_L1_mant_hi_b35_S36_t0,colored,2,1.0,1928.768,1970.061,1890.831,0.0172,0.0172,ok,39,e,0,1.000e-13
2.507477e-11,0.000000e+00,2.507477e-11,0.000000e+00,0.000000e+00,32,mant_hi,persistent,-1,1.061e-16,1.061e-16,-1,9.867e-09,9.867e-09,-1,-1,1,none,5.000e-04,35,1,0,36,23789,ln32_s1.0_seed2,0.000e+00,0.000e+00,0,0,fast,53.2253,0.0233658,28.12,40,1,0,1,1,ln32_s1.0_seed2_L1_mant_hi_b35_S36_t1,colored,2,1.0,1987.405,1880.420,1850.855,0.0632,0.0632,ok,39,e,0,1.000e-13
4.037815e-10,0.000000e+00,4.037815e-10,0.000000e+00,0.000000e+00,32,mant_hi,persistent,-1,1.061e-16,1.061e-16,-1,9.867e-09,9.867e-09,-1,-1,1,none,5.000e-04,35,1,0,36,5793,ln32_s1.0_seed2,0.000e+00,0.000e+00,0,0,fast,53.2253,0.0233658,28.12,40,1,0,1,1,ln32_s1.0_seed2_L1_mant_hi_b35_S36_t2,colored,2,1.0,1866.199,1903.770,1891.442,0.0058,0.0058,ok,39,e,0,1.000e-13
1.679561e-13,1.763794e-13,5.904900e-11,0.000000e+00,0.000000e+00,32,mant_hi,persistent,-1,1.061e-16,1.920e-16,-1,9.867e-09,9.867e-09,-1,-1,1,none,5.000e-04,48,1,0,4,32929,ln32_s1.0_seed2,0.000e+00,0.000e+00,0,0,fast,53.2253,0.0233658,28.12,40,1,0,1,1,ln32_s1.0_seed2_L1_mant_hi_b48_S4_t0,colored,2,1.0,1825.561,1934.226,1862.079,0.0079,0.1580,ok,5,e,0,1.000e-13
3.068011e-11,2.150207e-11,6.998160e-09,0.000000e+00,0.000000e+00,32,mant_hi,persistent,-1,1.061e-16,1.262e-16,-1,9.867e-09,9.867e-09,-1,-1,1,none,5.000e-04,48,1,0,4,23789,ln32_s1.0_seed2,0.000e+00,0.000e+00,0,0,fast,53.2253,0.0233658,28.12,40,1,0,1,1,ln32_s1.0_seed2_L1_mant_hi_b48_S4_t1,colored,2,1.0,1955.237,1921.946,1852.991,0.0313,0.5141,ok,5,e,0,1.000e-13
4.204350e-09,1.241266e-09,3.455334e-07,0.000000e+00,0.000000e+00,32,mant_hi,persistent,-1,1.061e-16,9.758e-17,-1,9.867e-09,9.867e-09,-1,-1,1,none,5.000e-04,48,1,0,4,5793,ln32_s1.0_seed2,0.000e+00,0.000e+00,0,0,fast,53.2253,0.0233658,28.12,40,1,0,1,1,ln32_s1.0_seed2_L1_mant_hi_b48_S4_t2,colored,2,1.0,1841.097,1888.789,1804.445,0.0025,0.2499,ok,5,e,0,1.000e-13
1.351323e-10,3.644876e-11,1.272496e-08,0.000000e+00,0.000000e+00,32,mant_hi,persistent,-1,1.061e-16,1.920e-16,-1,9.867e-09,9.867e-09,-1,-1,1,none,5.000e-04,48,1,0,20,32929,ln32_s1.0_seed2,0.000e+00,0.000e+00,0,0,fast,53.2253,0.0233658,28.12,40,1,0,1,1,ln32_s1.0_seed2_L1_mant_hi_b48_S20_t0,colored,2,1.0,1846.208,1877.645,1798.170,0.0032,0.0852,ok,20,e,0,1.000e-13
1.078360e-08,2.420859e-09,8.442690e-07,0.000000e+00,0.000000e+00,32,mant_hi,persistent,-1,1.061e-16,1.061e-16,-1,9.867e-09,9.867e-09,-1,-1,1,none,5.000e-04,48,1,0,20,23789,ln32_s1.0_seed2,0.000e+00,0.000e+00,0,0,fast,53.2253,0.0233658,28.12,40,1,0,1,1,ln32_s1.0_seed2_L1_mant_hi_b48_S20_t1,colored,2,1.0,1884.167,1800.988,1796.192,0.0137,0.3182,ok,20,e,0,1.000e-13
1.662386e-07,1.165788e-08,3.342899e-06,0.000000e+00,0.000000e+00,32,mant_hi,persistent,-1,1.061e-16,1.061e-16,-1,9.867e-09,9.867e-09,-1,-1,1,none,5.000e-04,48,1,0,20,5793,ln32_s1.0_seed2,0.000e+00,0.000e+00,0,0,fast,53.2253,0.0233658,28.12,40,1,0,1,1,ln32_s1.0_seed2_L1_mant_hi_b48_S20_t2,colored,2,1.0,1827.566,1907.808,1950.942,0.0014,0.1064,ok,20,e,0,1.000e-13
1.339667e-08,0.000000e+00,1.339667e-08,0.000000e+00,0.000000e+00,32,mant_hi,persistent,-1,1.061e-16,1.061e-16,-1,9.867e-09,9.867e-09,-1,-1,1,none,5.000e-04,48,1,0,36,32929,ln32_s1.0_seed2,0.000e+00,0.000e+00,0,0,fast,53.2253,0.0233658,28.12,40,1,0,1,1,ln32_s1.0_seed2_L1_mant_hi_b48_S36_t0,colored,2,1.0,1873.140,1806.290,1827.983,0.0172,0.0172,ok,39,e,0,1.000e-13
2.054125e-07,0.000000e+00,2.054125e-07,0.000000e+00,0.000000e+00,32,mant_hi,persistent,-1,1.061e-16,1.836e-16,-1,9.867e-09,9.867e-09,-1,-1,1,none,5.000e-04,48,1,0,36,23789,ln32_s1.0_seed2,0.000e+00,0.000e+00,0,0,fast,53.2253,0.0233658,28.12,40,1,0,1,1,ln32_s1.0_seed2_L1_mant_hi_b48_S36_t1,colored,2,1.0,1825.811,1777.408,1804.424,0.0632,0.0632,ok,39,e,0,1.000e-13
3.307778e-06,0.000000e+00,3.307778e-06,0.000000e+00,0.000000e+00,32,mant_hi,persistent,-1,1.061e-16,1.061e-16,-1,9.867e-09,9.867e-09,-1,-1,1,none,5.000e-04,48,1,0,36,5793,ln32_s1.0_seed2,0.000e+00,0.000e+00,0,0,fast,53.2253,0.0233658,28.12,40,1,0,1,1,ln32_s1.0_seed2_L1_mant_hi_b48_S36_t2,colored,2,1.0,1804.399,1919.442,1940.093,0.0058,0.0058,ok,39,e,0,1.000e-13
-nan,0.000000e+00,0.000000e+00,0.000000e+00,0.000000e+00,32,exp,detected,4,1.061e-16,1.000e+300,4,9.867e-09,1.000e+300,-1,-1,1,D1+D2,5.000e-04,62,1,0,4,32929,ln32_s1.0_seed2,0.000e+00,0.000e+00,0,473,fast,53.2253,0.0233658,28.12,40,1,0,1,1,ln32_s1.0_seed2_L1_exp_b62_S4_t0,colored,2,1.0,1824.920,1909.114,49314.547,0.0000,0.0000,ok,-1,e,0,1.000e-13
-nan,0.000000e+00,0.000000e+00,0.000000e+00,0.000000e+00,32,exp,detected,4,1.061e-16,1.000e+300,4,9.867e-09,1.000e+300,-1,-1,1,D1+D2,5.000e-04,62,1,0,4,23789,ln32_s1.0_seed2,0.000e+00,0.000e+00,0,473,fast,53.2253,0.0233658,28.12,40,1,0,1,1,ln32_s1.0_seed2_L1_exp_b62_S4_t1,colored,2,1.0,1937.510,1857.120,48926.953,0.0000,0.0000,ok,-1,e,0,1.000e-13
-nan,0.000000e+00,0.000000e+00,0.000000e+00,0.000000e+00,32,exp,detected,4,1.061e-16,1.000e+300,4,9.867e-09,1.000e+300,-1,-1,1,D1+D2,5.000e-04,62,1,0,4,5793,ln32_s1.0_seed2,0.000e+00,0.000e+00,0,473,fast,53.2253,0.0233658,28.12,40,1,0,1,1,ln32_s1.0_seed2_L1_exp_b62_S4_t2,colored,2,1.0,1932.185,1886.661,48781.620,0.0000,0.0000,ok,-1,e,0,1.000e-13
-nan,0.000000e+00,0.000000e+00,0.000000e+00,0.000000e+00,32,exp,detected,20,1.061e-16,1.000e+300,20,9.867e-09,1.000e+300,-1,-1,1,D1+D2,5.000e-04,62,1,0,20,32929,ln32_s1.0_seed2,0.000e+00,0.000e+00,0,473,fast,53.2253,0.0233658,28.12,40,1,0,1,1,ln32_s1.0_seed2_L1_exp_b62_S20_t0,colored,2,1.0,1809.534,1821.847,26465.611,0.0000,0.0000,ok,-1,e,0,1.000e-13
-nan,0.000000e+00,0.000000e+00,0.000000e+00,0.000000e+00,32,exp,detected,20,1.061e-16,1.000e+300,20,9.867e-09,1.000e+300,-1,-1,1,D1+D2,5.000e-04,62,1,0,20,23789,ln32_s1.0_seed2,0.000e+00,0.000e+00,0,473,fast,53.2253,0.0233658,28.12,40,1,0,1,1,ln32_s1.0_seed2_L1_exp_b62_S20_t1,colored,2,1.0,1895.735,1916.899,27302.567,0.0000,0.0000,ok,-1,e,0,1.000e-13
-nan,0.000000e+00,0.000000e+00,0.000000e+00,0.000000e+00,32,exp,detected,20,1.061e-16,1.000e+300,20,9.867e-09,1.000e+300,-1,-1,1,D1+D2,5.000e-04,62,1,0,20,5793,ln32_s1.0_seed2,0.000e+00,0.000e+00,0,473,fast,53.2253,0.0233658,28.12,40,1,0,1,1,ln32_s1.0_seed2_L1_exp_b62_S20_t2,colored,2,1.0,1807.312,1834.539,26299.077,0.0000,0.0000,ok,-1,e,0,1.000e-13
-nan,0.000000e+00,0.000000e+00,0.000000e+00,0.000000e+00,32,exp,detected,36,1.061e-16,1.000e+300,36,9.867e-09,1.000e+300,-1,-1,1,D1+D2,5.000e-04,62,1,0,36,32929,ln32_s1.0_seed2,0.000e+00,0.000e+00,0,473,fast,53.2253,0.0233658,28.12,40,1,0,1,1,ln32_s1.0_seed2_L1_exp_b62_S36_t0,colored,2,1.0,1831.000,1823.951,5096.038,0.0000,0.0000,ok,-1,e,0,1.000e-13
-nan,0.000000e+00,0.000000e+00,0.000000e+00,0.000000e+00,32,exp,detected,36,1.061e-16,1.000e+300,36,9.867e-09,1.000e+300,-1,-1,1,D1+D2,5.000e-04,62,1,0,36,23789,ln32_s1.0_seed2,0.000e+00,0.000e+00,0,473,fast,53.2253,0.0233658,28.12,40,1,0,1,1,ln32_s1.0_seed2_L1_exp_b62_S36_t1,colored,2,1.0,1955.604,1960.030,5643.313,0.0000,0.0000,ok,-1,e,0,1.000e-13
-nan,0.000000e+00,0.000000e+00,0.000000e+00,0.000000e+00,32,exp,detected,36,1.061e-16,1.000e+300,36,9.867e-09,1.000e+300,-1,-1,1,D1+D2,5.000e-04,62,1,0,36,5793,ln32_s1.0_seed2,0.000e+00,0.000e+00,0,473,fast,53.2253,0.0233658,28.12,40,1,0,1,1,ln32_s1.0_seed2_L1_exp_b62_S36_t2,colored,2,1.0,1834.061,1808.788,5325.150,0.0000,0.0000,ok,-1,e,0,1.000e-13
3.415369e-12,3.586649e-12,1.200753e-09,0.000000e+00,0.000000e+00,32,exp,persistent,-1,1.061e-16,9.758e-17,-1,9.867e-09,9.867e-09,-1,-1,1,none,5.000e-04,60,1,0,4,32929,ln32_s1.0_seed2,0.000e+00,0.000e+00,0,0,fast,53.2253,0.0233658,28.12,40,1,0,1,1,ln32_s1.0_seed2_L1_exp_b60_S4_t0,colored,2,1.0,1913.662,1870.074,2009.514,0.0079,0.1576,ok,5,e,0,1.000e-13
5.583015e-10,3.912839e-10,1.273490e-07,0.000000e+00,0.000000e+00,32,exp,persistent,-1,1.061e-16,1.546e-16,-1,9.867e-09,9.867e-09,-1,-1,1,none,5.000e-04,60,1,0,4,23789,ln32_s1.0_seed2,0.000e+00,0.000e+00,0,0,fast,53.2253,0.0233658,28.12,40,1,0,1,1,ln32_s1.0_seed2_L1_exp_b60_S4_t1,colored,2,1.0,1799.687,1970.625,1938.605,0.0313,0.5141,ok,5,e,0,1.000e-13
1.209856e-07,3.571904e-08,9.943173e-06,0.000000e+00,0.000000e+00,32,exp,persistent,-1,1.061e-16,1.069e-16,-1,9.867e-09,9.867e-09,-1,-1,1,none,5.000e-04,60,1,0,4,5793,ln32_s1.0_seed2,0.000e+00,0.000e+00,0,0,fast,53.2253,0.0233658,28.12,40,1,0,1,1,ln32_s1.0_seed2_L1_exp_b60_S4_t2,colored,2,1.0,1927.739,1899.644,1835.075,0.0025,0.2499,ok,5,e,0,1.000e-13
4.080838e-09,1.100710e-09,3.842791e-07,0.000000e+00,0.000000e+00,32,exp,persistent,-1,1.061e-16,1.262e-16,-1,9.867e-09,9.867e-09,-1,-1,1,none,5.000e-04,60,1,0,20,32929,ln32_s1.0_seed2,0.000e+00,0.000e+00,0,0,fast,53.2253,0.0233658,28.12,40,1,0,1,1,ln32_s1.0_seed2_L1_exp_b60_S20_t0,colored,2,1.0,1854.996,1944.520,1941.824,0.0032,0.0852,ok,20,e,0,1.000e-13
1.781308e-07,3.998939e-08,1.394621e-05,0.000000e+00,0.000000e+00,32,exp,persistent,-1,1.061e-16,1.061e-16,-1,9.867e-09,9.867e-09,-1,-1,1,none,5.000e-04,60,1,0,20,23789,ln32_s1.0_seed2,0.000e+00,0.000e+00,0,0,fast,53.2253,0.0233658,28.12,40,1,0,1,1,ln32_s1.0_seed2_L1_exp_b60_S20_t1,colored,2,1.0,1859.946,1900.546,1840.527,0.0137,0.3182,ok,20,e,0,1.000e-13
5.103364e-06,3.578857e-07,1.026238e-04,0.000000e+00,0.000000e+00,32,exp,persistent,-1,1.061e-16,1.920e-16,-1,9.867e-09,9.867e-09,-1,-1,1,none,5.000e-04,60,1,0,20,5793,ln32_s1.0_seed2,0.000e+00,0.000e+00,0,0,fast,53.2253,0.0233658,28.12,40,1,0,1,1,ln32_s1.0_seed2_L1_exp_b60_S20_t2,colored,2,1.0,1960.549,1935.772,1859.622,0.0014,0.1064,ok,20,e,0,1.000e-13
3.337114e-07,0.000000e+00,3.337114e-07,0.000000e+00,0.000000e+00,32,exp,persistent,-1,1.061e-16,1.920e-16,-1,9.867e-09,9.867e-09,-1,-1,1,none,5.000e-04,60,1,0,36,32929,ln32_s1.0_seed2,0.000e+00,0.000e+00,0,0,fast,53.2253,0.0233658,28.12,40,1,0,1,1,ln32_s1.0_seed2_L1_exp_b60_S36_t0,colored,2,1.0,1818.813,1876.006,1879.838,0.0172,0.0172,ok,39,e,0,1.000e-13
5.797119e-06,0.000000e+00,5.797119e-06,0.000000e+00,0.000000e+00,32,exp,persistent,-1,1.061e-16,1.061e-16,-1,9.867e-09,9.867e-09,-1,-1,1,none,5.000e-04,60,1,0,36,23789,ln32_s1.0_seed2,0.000e+00,0.000e+00,0,0,fast,53.2253,0.0233658,28.12,40,1,0,1,1,ln32_s1.0_seed2_L1_exp_b60_S36_t1,colored,2,1.0,1798.820,1795.909,1832.482,0.0632,0.0632,ok,39,e,0,1.000e-13
1.039149e-04,0.000000e+00,1.039149e-04,0.000000e+00,0.000000e+00,32,exp,persistent,-1,1.061e-16,1.863e-16,-1,9.867e-09,9.867e-09,-1,-1,1,none,5.000e-04,60,1,0,36,5793,ln32_s1.0_seed2,0.000e+00,0.000e+00,0,0,fast,53.2253,0.0233658,28.12,40,1,0,1,1,ln32_s1.0_seed2_L1_exp_b60_S36_t2,colored,2,1.0,1924.531,1877.529,1802.529,0.0058,0.0058,ok,39,e,0,1.000e-13
6.830738e-12,7.173298e-12,2.401506e-09,0.000000e+00,0.000000e+00,32,sign,persistent,-1,1.061e-16,9.758e-17,-1,9.867e-09,9.867e-09,-1,-1,1,none,5.000e-04,63,1,0,4,32929,ln32_s1.0_seed2,0.000e+00,0.000e+00,0,0,fast,53.2253,0.0233658,28.12,40,1,0,1,1,ln32_s1.0_seed2_L1_sign_b63_S4_t0,colored,2,1.0,1949.169,1929.115,1845.470,0.0079,0.1576,ok,5,e,0,1.000e-13
1.116603e-09,7.825677e-10,2.546980e-07,0.000000e+00,0.000000e+00,32,sign,persistent,-1,1.061e-16,9.178e-17,-1,9.867e-09,9.867e-09,-1,-1,1,none,5.000e-04,63,1,0,4,23789,ln32_s1.0_seed2,0.000e+00,0.000e+00,0,0,fast,53.2253,0.0233658,28.12,40,1,0,1,1,ln32_s1.0_seed2_L1_sign_b63_S4_t1,colored,2,1.0,1832.434,1839.530,1872.615,0.0313,0.5141,ok,5,e,0,1.000e-13
2.419712e-07,7.143808e-08,1.988635e-05,0.000000e+00,0.000000e+00,32,sign,persistent,-1,1.061e-16,1.196e-16,-1,9.867e-09,9.867e-09,-1,-1,1,none,5.000e-04,63,1,0,4,5793,ln32_s1.0_seed2,0.000e+00,0.000e+00,0,0,fast,53.2253,0.0233658,28.12,40,1,0,1,1,ln32_s1.0_seed2_L1_sign_b63_S4_t2,colored,2,1.0,1824.209,1796.458,1785.257,0.0025,0.2499,ok,5,e,0,1.000e-13
8.161676e-09,2.201421e-09,7.685583e-07,0.000000e+00,0.000000e+00,32,sign,persistent,-1,1.061e-16,1.091e-16,-1,9.867e-09,9.867e-09,-1,-1,1,none,5.000e-04,63,1,0,20,32929,ln32_s1.0_seed2,0.000e+00,0.000e+00,0,0,fast,53.2253,0.0233658,28.12,40,1,0,1,1,ln32_s1.0_seed2_L1_sign_b63_S20_t0,colored,2,1.0,1896.344,1816.923,1791.788,0.0032,0.0852,ok,20,e,0,1.000e-13
3.562615e-07,7.997878e-08,2.789241e-05,0.000000e+00,0.000000e+00,32,sign,persistent,-1,1.061e-16,1.061e-16,-1,9.867e-09,9.867e-09,-1,-1,1,none,5.000e-04,63,1,0,20,23789,ln32_s1.0_seed2,0.000e+00,0.000e+00,0,0,fast,53.2253,0.0233658,28.12,40,1,0,1,1,ln32_s1.0_seed2_L1_sign_b63_S20_t1,colored,2,1.0,1818.467,1919.769,1904.479,0.0137,0.3182,ok,20,e,0,1.000e-13
1.020673e-05,7.157713e-07,2.052475e-04,0.000000e+00,0.000000e+00,32,sign,persistent,-1,1.061e-16,1.061e-16,-1,9.867e-09,9.867e-09,-1,-1,1,none,5.000e-04,63,1,0,20,5793,ln32_s1.0_seed2,0.000e+00,0.000e+00,0,0,fast,53.2253,0.0233658,28.12,40,1,0,1,1,ln32_s1.0_seed2_L1_sign_b63_S20_t2,colored,2,1.0,1960.955,1941.930,1816.829,0.0014,0.1064,ok,20,e,0,1.000e-13
6.674228e-07,0.000000e+00,6.674228e-07,0.000000e+00,0.000000e+00,32,sign,persistent,-1,1.061e-16,1.920e-16,-1,9.867e-09,9.867e-09,-1,-1,1,none,5.000e-04,63,1,0,36,32929,ln32_s1.0_seed2,0.000e+00,0.000e+00,0,0,fast,53.2253,0.0233658,28.12,40,1,0,1,1,ln32_s1.0_seed2_L1_sign_b63_S36_t0,colored,2,1.0,1914.202,1997.181,1866.932,0.0172,0.0172,ok,39,e,0,1.000e-13
1.159424e-05,0.000000e+00,1.159424e-05,0.000000e+00,0.000000e+00,32,sign,persistent,-1,1.061e-16,1.241e-16,-1,9.867e-09,9.867e-09,-1,-1,1,none,5.000e-04,63,1,0,36,23789,ln32_s1.0_seed2,0.000e+00,0.000e+00,0,0,fast,53.2253,0.0233658,28.12,40,1,0,1,1,ln32_s1.0_seed2_L1_sign_b63_S36_t1,colored,2,1.0,1823.049,1853.033,1871.470,0.0632,0.0632,ok,39,e,0,1.000e-13
2.078298e-04,0.000000e+00,2.078298e-04,0.000000e+00,0.000000e+00,32,sign,persistent,-1,1.061e-16,1.891e-16,-1,9.867e-09,9.867e-09,-1,-1,1,none,5.000e-04,63,1,0,36,5793,ln32_s1.0_seed2,0.000e+00,0.000e+00,0,0,fast,53.2253,0.0233658,28.12,40,1,0,1,1,ln32_s1.0_seed2_L1_sign_b63_S36_t2,colored,2,1.0,1816.691,1816.510,1845.827,0.0058,0.0058,ok,39,e,0,1.000e-13
6.830738e-12,7.173298e-12,2.401506e-09,0.000000e+00,0.000000e+00,32,sign,persistent,-1,1.061e-16,9.758e-17,-1,9.867e-09,9.867e-09,-1,-1,1,none,5.000e-04,63,1,0,4,32929,ln32_s1.0_seed2,0.000e+00,0.000e+00,0,0,fast,53.2253,0.0233658,28.12,40,1,0,1,1,ln32_s1.0_seed2_L1_sign_b63_S4_t0,colored,2,1.0,1903.375,1858.578,1816.714,0.0079,0.1576,ok,5,e,0,1.000e-13
1.116603e-09,7.825677e-10,2.546980e-07,0.000000e+00,0.000000e+00,32,sign,persistent,-1,1.061e-16,9.178e-17,-1,9.867e-09,9.867e-09,-1,-1,1,none,5.000e-04,63,1,0,4,23789,ln32_s1.0_seed2,0.000e+00,0.000e+00,0,0,fast,53.2253,0.0233658,28.12,40,1,0,1,1,ln32_s1.0_seed2_L1_sign_b63_S4_t1,colored,2,1.0,1806.651,1804.234,1806.920,0.0313,0.5141,ok,5,e,0,1.000e-13
2.419712e-07,7.143808e-08,1.988635e-05,0.000000e+00,0.000000e+00,32,sign,persistent,-1,1.061e-16,1.196e-16,-1,9.867e-09,9.867e-09,-1,-1,1,none,5.000e-04,63,1,0,4,5793,ln32_s1.0_seed2,0.000e+00,0.000e+00,0,0,fast,53.2253,0.0233658,28.12,40,1,0,1,1,ln32_s1.0_seed2_L1_sign_b63_S4_t2,colored,2,1.0,1805.838,1922.596,1944.600,0.0025,0.2499,ok,5,e,0,1.000e-13
8.161676e-09,2.201421e-09,7.685583e-07,0.000000e+00,0.000000e+00,32,sign,persistent,-1,1.061e-16,1.091e-16,-1,9.867e-09,9.867e-09,-1,-1,1,none,5.000e-04,63,1,0,20,32929,ln32_s1.0_seed2,0.000e+00,0.000e+00,0,0,fast,53.2253,0.0233658,28.12,40,1,0,1,1,ln32_s1.0_seed2_L1_sign_b63_S20_t0,colored,2,1.0,1804.860,1946.404,1959.432,0.0032,0.0852,ok,20,e,0,1.000e-13
3.562615e-07,7.997878e-08,2.789241e-05,0.000000e+00,0.000000e+00,32,sign,persistent,-1,1.061e-16,1.061e-16,-1,9.867e-09,9.867e-09,-1,-1,1,none,5.000e-04,63,1,0,20,23789,ln32_s1.0_seed2,0.000e+00,0.000e+00,0,0,fast,53.2253,0.0233658,28.12,40,1,0,1,1,ln32_s1.0_seed2_L1_sign_b63_S20_t1,colored,2,1.0,1950.687,1833.019,1839.977,0.0137,0.3182,ok,20,e,0,1.000e-13
1.020673e-05,7.157713e-07,2.052475e-04,0.000000e+00,0.000000e+00,32,sign,persistent,-1,1.061e-16,1.061e-16,-1,9.867e-09,9.867e-09,-1,-1,1,none,5.000e-04,63,1,0,20,5793,ln32_s1.0_seed2,0.000e+00,0.000e+00,0,0,fast,53.2253,0.0233658,28.12,40,1,0,1,1,ln32_s1.0_seed2_L1_sign_b63_S20_t2,colored,2,1.0,1891.598,1849.006,1837.300,0.0014,0.1064,ok,20,e,0,1.000e-13
6.674228e-07,0.000000e+00,6.674228e-07,0.000000e+00,0.000000e+00,32,sign,persistent,-1,1.061e-16,1.920e-16,-1,9.867e-09,9.867e-09,-1,-1,1,none,5.000e-04,63,1,0,36,32929,ln32_s1.0_seed2,0.000e+00,0.000e+00,0,0,fast,53.2253,0.0233658,28.12,40,1,0,1,1,ln32_s1.0_seed2_L1_sign_b63_S36_t0,colored,2,1.0,1936.343,1837.432,1885.436,0.0172,0.0172,ok,39,e,0,1.000e-13
1.159424e-05,0.000000e+00,1.159424e-05,0.000000e+00,0.000000e+00,32,sign,persistent,-1,1.061e-16,1.241e-16,-1,9.867e-09,9.867e-09,-1,-1,1,none,5.000e-04,63,1,0,36,23789,ln32_s1.0_seed2,0.000e+00,0.000e+00,0,0,fast,53.2253,0.0233658,28.12,40,1,0,1,1,ln32_s1.0_seed2_L1_sign_b63_S36_t1,colored,2,1.0,1781.696,1758.734,1897.130,0.0632,0.0632,ok,39,e,0,1.000e-13
2.078298e-04,0.000000e+00,2.078298e-04,0.000000e+00,0.000000e+00,32,sign,persistent,-1,1.061e-16,1.891e-16,-1,9.867e-09,9.867e-09,-1,-1,1,none,5.000e-04,63,1,0,36,5793,ln32_s1.0_seed2,0.000e+00,0.000e+00,0,0,fast,53.2253,0.0233658,28.12,40,1,0,1,1,ln32_s1.0_seed2_L1_sign_b63_S36_t2,colored,2,1.0,1826.417,1812.566,1803.721,0.0058,0.0058,ok,39,e,0,1.000e-13
2.293023e-16,3.433741e-18,2.410644e-16,0.000000e+00,0.000000e+00,32,mant_lo,benign,-1,1.061e-16,1.836e-16,-1,9.867e-09,9.867e-09,-1,-1,1,none,5.000e-04,16,2,0,4,27076,ln32_s1.0_seed2,0.000e+00,0.000e+00,0,0,fast,53.2253,0.0233658,28.12,40,1,0,1,1,ln32_s1.0_seed2_L2_mant_lo_b16_S4_t0,colored,2,1.0,1957.425,1972.579,1911.485,0.3139,0.3637,ok,30,e,0,1.000e-13
2.324341e-16,3.412582e-18,2.373782e-16,0.000000e+00,0.000000e+00,32,mant_lo,benign,-1,1.061e-16,1.299e-16,-1,9.867e-09,9.867e-09,-1,-1,1,none,5.000e-04,16,2,0,4,28496,ln32_s1.0_seed2,0.000e+00,0.000e+00,0,0,fast,53.2253,0.0233658,28.12,40,1,0,1,1,ln32_s1.0_seed2_L2_mant_lo_b16_S4_t1,colored,2,1.0,1805.845,1863.649,1849.745,0.3129,0.3666,ok,30,e,0,1.000e-13
2.246053e-16,3.555226e-18,2.379756e-16,0.000000e+00,0.000000e+00,32,mant_lo,benign,-1,1.061e-16,1.196e-16,-1,9.867e-09,9.867e-09,-1,-1,1,none,5.000e-04,16,2,0,4,15593,ln32_s1.0_seed2,0.000e+00,0.000e+00,0,0,fast,53.2253,0.0233658,28.12,40,1,0,1,1,ln32_s1.0_seed2_L2_mant_lo_b16_S4_t2,colored,2,1.0,1843.084,1790.915,1810.302,0.2846,0.3699,ok,25,e,0,1.000e-13
2.394751e-16,1.780506e-18,2.446328e-16,0.000000e+00,0.000000e+00,32,mant_lo,benign,-1,1.061e-16,1.299e-16,-1,9.867e-09,9.867e-09,-1,-1,1,none,5.000e-04,16,2,0,20,27076,ln32_s1.0_seed2,0.000e+00,0.000e+00,0,0,fast,53.2253,0.0233658,28.12,40,1,0,1,1,ln32_s1.0_seed2_L2_mant_lo_b16_S20_t0,colored,2,1.0,1824.771,1914.748,1976.422,0.3141,0.3666,ok,30,e,0,1.000e-13
2.446797e-16,2.440436e-18,3.421732e-16,0.000000e+00,0.000000e+00,32,mant_lo,benign,-1,1.061e-16,1.061e-16,-1,9.867e-09,9.867e-09,-1,-1,1,none,5.000e-04,16,2,0,20,28496,ln32_s1.0_seed2,0.000e+00,0.000e+00,0,0,fast,53.2253,0.0233658,28.12,40,1,0,1,1,ln32_s1.0_seed2_L2_mant_lo_b16_S20_t1,colored,2,1.0,1960.624,1824.193,1812.953,0.0370,0.3627,ok,20,e,0,1.000e-13
2.360705e-16,1.758186e-18,2.429459e-16,0.000000e+00,0.000000e+00,32,mant_lo,benign,-1,1.061e-16,1.061e-16,-1,9.867e-09,9.867e-09,-1,-1,1,none,5.000e-04,16,2,0,20,15593,ln32_s1.0_seed2,0.000e+00,0.000e+00,0,0,fast,53.2253,0.0233658,28.12,40,1,0,1,1,ln32_s1.0_seed2_L2_mant_lo_b16_S20_t2,colored,2,1.0,1830.900,1794.899,1826.093,0.2727,0.3662,ok,25,e,0,1.000e-13
1.970848e-16,0.000000e+00,1.970848e-16,0.000000e+00,0.000000e+00,32,mant_lo,benign,-1,1.061e-16,1.061e-16,-1,9.867e-09,9.867e-09,-1,-1,1,none,5.000e-04,16,2,0,36,27076,ln32_s1.0_seed2,0.000e+00,0.000e+00,0,0,fast,53.2253,0.0233658,28.12,40,1,0,1,1,ln32_s1.0_seed2_L2_mant_lo_b16_S36_t0,colored,2,1.0,1823.409,1762.334,1807.384,0.3419,0.3419,ok,39,e,0,1.000e-13
2.188794e-16,0.000000e+00,2.188794e-16,0.000000e+00,0.000000e+00,32,mant_lo,benign,-1,1.061e-16,1.891e-16,-1,9.867e-09,9.867e-09,-1,-1,1,none,5.000e-04,16,2,0,36,28496,ln32_s1.0_seed2,0.000e+00,0.000e+00,0,0,fast,53.2253,0.0233658,28.12,40,1,0,1,1,ln32_s1.0_seed2_L2_mant_lo_b16_S36_t1,colored,2,1.0,1808.080,1945.103,1965.171,0.3610,0.3610,ok,39,e,0,1.000e-13
2.168785e-16,0.000000e+00,2.168785e-16,0.000000e+00,0.000000e+00,32,mant_lo,benign,-1,1.061e-16,1.891e-16,-1,9.867e-09,9.867e-09,-1,-1,1,none,5.000e-04,16,2,0,36,15593,ln32_s1.0_seed2,0.000e+00,0.000e+00,0,0,fast,53.2253,0.0233658,28.12,40,1,0,1,1,ln32_s1.0_seed2_L2_mant_lo_b16_S36_t2,colored,2,1.0,1902.338,1862.777,1838.090,0.3489,0.3489,ok,39,e,0,1.000e-13
2.245485e-16,3.804965e-18,2.441807e-16,0.000000e+00,0.000000e+00,32,mant_lo,benign,-1,1.061e-16,1.171e-16,-1,9.867e-09,9.867e-09,-1,-1,1,none,5.000e-04,22,2,0,4,27076,ln32_s1.0_seed2,0.000e+00,0.000e+00,0,0,fast,53.2253,0.0233658,28.12,40,1,0,1,1,ln32_s1.0_seed2_L2_mant_lo_b22_S4_t0,colored,2,1.0,1843.101,1892.812,1771.458,0.3198,0.3693,ok,30,e,0,1.000e-13
2.397248e-16,4.277086e-18,3.672829e-16,0.000000e+00,0.000000e+00,32,mant_lo,benign,-1,1.061e-16,1.299e-16,-1,9.867e-09,9.867e-09,-1,-1,1,none,5.000e-04,22,2,0,4,28496,ln32_s1.0_seed2,0.000e+00,0.000e+00,0,0,fast,53.2253,0.0233658,28.12,40,1,0,1,1,ln32_s1.0_seed2_L2_mant_lo_b22_S4_t1,colored,2,1.0,1945.169,1830.037,1820.441,0.0496,0.3674,ok,5,e,0,1.000e-13
2.415826e-16,1.124503e-17,2.468180e-15,0.000000e+00,0.000000e+00,32,mant_lo,benign,-1,1.061e-16,1.443e-16,-1,9.867e-09,9.867e-09,-1,-1,1,none,5.000e-04,22,2,0,4,15593,ln32_s1.0_seed2,0.000e+00,0.000e+00,0,0,fast,53.2253,0.0233658,28.12,40,1,0,1,1,ln32_s1.0_seed2_L2_mant_lo_b22_S4_t2,colored,2,1.0,1822.872,1913.694,1981.115,0.0600,0.4588,ok,5,e,0,1.000e-13
2.528567e-16,7.938973e-18,2.374444e-15,0.000000e+00,0.000000e+00,32,mant_lo,benign,-1,1.061e-16,1.061e-16,-1,9.867e-09,9.867e-09,-1,-1,1,none,5.000e-04,22,2,0,20,27076,ln32_s1.0_seed2,0.000e+00,0.000e+00,0,0,fast,53.2253,0.0233658,28.12,40,1,0,1,1,ln32_s1.0_seed2_L2_mant_lo_b22_S20_t0,colored,2,1.0,1825.100,1827.944,1847.340,0.0172,0.4180,ok,20,e,0,1.000e-13
2.617993e-16,5.804901e-17,2.166229e-14,0.000000e+00,0.000000e+00,32,mant_lo,benign,-1,1.061e-16,1.640e-16,-1,9.867e-09,9.867e-09,-1,-1,1,none,5.000e-04,22,2,0,20,28496,ln32_s1.0_seed2,0.000e+00,0.000e+00,0,0,fast,53.2253,0.0233658,28.12,40,1,0,1,1,ln32_s1.0_seed2_L2_mant_lo_b22_S20_t1,colored,2,1.0,1962.174,1969.883,1911.330,0.0047,0.4549,ok,20,e,0,1.000e-13
2.415114e-16,6.919884e-18,2.035455e-15,0.000000e+00,0.000000e+00,32,mant_lo,benign,-1,1.061e-16,1.061e-16,-1,9.867e-09,9.867e-09,-1,-1,1,none,5.000e-04,22,2,0,20,15593,ln32_s1.0_seed2,0.000e+00,0.000e+00,0,0,fast,53.2253,0.0233658,28.12,40,1,0,1,1,ln32_s1.0_seed2_L2_mant_lo_b22_S20_t2,colored,2,1.0,1889.751,1824.468,1865.872,0.0166,0.4035,ok,20,e,0,1.000e-13
1.058975e-15,0.000000e+00,1.058975e-15,0.000000e+00,0.000000e+00,32,mant_lo,benign,-1,1.061e-16,1.138e-16,-1,9.867e-09,9.867e-09,-1,-1,1,none,5.000e-04,22,2,0,36,27076,ln32_s1.0_seed2,0.000e+00,0.000e+00,0,0,fast,53.2253,0.0233658,28.12,40,1,0,1,1,ln32_s1.0_seed2_L2_mant_lo_b22_S36_t0,colored,2,1.0,1931.972,1832.878,1845.741,0.3331,0.3331,ok,39,e,0,1.000e-13
2.274243e-15,0.000000e+00,2.274243e-15,0.000000e+00,0.000000e+00,32,mant_lo,benign,-1,1.061e-16,2.276e-16,-1,9.867e-09,9.867e-09,-1,-1,1,none,5.000e-04,22,2,0,36,28496,ln32_s1.0_seed2,0.000e+00,0.000e+00,0,0,fast,53.2253,0.0233658,28.12,40,1,0,1,1,ln32_s1.0_seed2_L2_mant_lo_b22_S36_t1,colored,2,1.0,1854.933,1801.930,1842.114,0.1803,0.1803,ok,39,e,0,1.000e-13
2.771776e-15,0.000000e+00,2.771776e-15,0.000000e+00,0.000000e+00,32,mant_lo,benign,-1,1.061e-16,2.276e-16,-1,9.867e-09,9.867e-09,-1,-1,1,none,5.000e-04,22,2,0,36,15593,ln32_s1.0_seed2,0.000e+00,0.000e+00,0,0,fast,53.2253,0.0233658,28.12,40,1,0,1,1,ln32_s1.0_seed2_L2_mant_lo_b22_S36_t2,colored,2,1.0,1857.813,1870.233,1830.202,0.2183,0.2183,ok,39,e,0,1.000e-13
4.182850e-12,8.452731e-13,2.212078e-10,0.000000e+00,0.000000e+00,32,mant_hi,persistent,-1,1.061e-16,1.892e-11,-1,9.867e-09,9.867e-09,-1,-1,1,none,5.000e-04,43,2,0,4,27076,ln32_s1.0_seed2,0.000e+00,0.000e+00,0,0,fast,53.2253,0.0233658,28.12,40,1,0,1,1,ln32_s1.0_seed2_L2_mant_hi_b43_S4_t0,colored,2,1.0,1816.551,1845.604,1936.551,0.0332,0.5258,ok,5,e,0,1.000e-13
2.967035e-12,2.266101e-12,7.571143e-10,0.000000e+00,0.000000e+00,32,mant_hi,persistent,-1,1.061e-16,3.784e-11,-1,9.867e-09,1.108e-08,-1,-1,1,none,5.000e-04,43,2,0,4,28496,ln32_s1.0_seed2,0.000e+00,0.000e+00,0,0,fast,53.2253,0.0233658,28.12,40,1,0,1,1,ln32_s1.0_seed2_L2_mant_hi_b43_S4_t1,colored,2,1.0,1847.602,1854.219,1836.913,0.0247,0.6577,ok,5,e,0,1.000e-13
1.597488e-10,2.025831e-11,5.159285e-09,0.000000e+00,0.000000e+00,32,mant_hi,persistent,4,1.061e-16,3.027e-10,-1,9.867e-09,6.785e-08,-1,-1,1,D1,5.000e-04,43,2,0,4,15593,ln32_s1.0_seed2,0.000e+00,0.000e+00,0,0,fast,53.2253,0.0233658,28.12,40,1,0,1,1,ln32_s1.0_seed2_L2_mant_hi_b43_S4_t2,colored,2,1.0,1876.690,1825.104,1894.285,0.0249,0.5582,ok,5,e,0,1.000e-13
1.432149e-10,1.487141e-11,4.977733e-09,0.000000e+00,0.000000e+00,32,mant_hi,persistent,-1,1.061e-16,8.599e-11,-1,9.867e-09,2.428e-08,-1,-1,1,none,5.000e-04,43,2,0,20,27076,ln32_s1.0_seed2,0.000e+00,0.000e+00,0,0,fast,53.2253,0.0233658,28.12,40,1,0,1,1,ln32_s1.0_seed2_L2_mant_hi_b43_S20_t0,colored,2,1.0,1878.487,1829.454,1954.348,0.0115,0.3036,ok,20,e,0,1.000e-13
2.520622e-10,1.207703e-10,4.542887e-08,0.000000e+00,0.000000e+00,32,mant_hi,persistent,20,1.061e-16,3.440e-10,-1,9.867e-09,9.211e-08,-1,-1,1,D1,5.000e-04,43,2,0,20,28496,ln32_s1.0_seed2,0.000e+00,0.000e+00,0,0,fast,53.2253,0.0233658,28.12,40,1,0,1,1,ln32_s1.0_seed2_L2_mant_hi_b43_S20_t1,colored,2,1.0,1910.752,1838.586,1812.199,0.0047,0.4088,ok,20,e,0,1.000e-13
1.285889e-10,1.242471e-11,4.265678e-09,0.000000e+00,0.000000e+00,32,mant_hi,persistent,-1,1.061e-16,4.299e-11,-1,9.867e-09,1.411e-08,-1,-1,1,none,5.000e-04,43,2,0,20,15593,ln32_s1.0_seed2,0.000e+00,0.000e+00,0,0,fast,53.2253,0.0233658,28.12,40,1,0,1,1,ln32_s1.0_seed2_L2_mant_hi_b43_S20_t2,colored,2,1.0,1936.248,1831.817,1878.377,0.0064,0.3363,ok,20,e,0,1.000e-13
2.172946e-09,0.000000e+00,2.172946e-09,0.000000e+00,0.000000e+00,32,mant_hi,persistent,36,1.061e-16,2.387e-10,-1,9.867e-09,6.568e-08,-1,-1,1,D1,5.000e-04,43,2,0,36,27076,ln32_s1.0_seed2,0.000e+00,0.000e+00,0,0,fast,53.2253,0.0233658,28.12,40,1,0,1,1,ln32_s1.0_seed2_L2_mant_hi_b43_S36_t0,colored,2,1.0,1871.227,1952.721,1910.007,0.0673,0.0673,ok,39,e,0,1.000e-13
4.743400e-09,0.000000e+00,4.743400e-09,0.000000e+00,0.000000e+00,32,mant_hi,persistent,36,1.061e-16,4.774e-10,-1,9.867e-09,1.306e-07,-1,-1,1,D1,5.000e-04,43,2,0,36,28496,ln32_s1.0_seed2,0.000e+00,0.000e+00,0,0,fast,53.2253,0.0233658,28.12,40,1,0,1,1,ln32_s1.0_seed2_L2_mant_hi_b43_S36_t1,colored,2,1.0,1824.802,1830.650,1791.556,0.0743,0.0743,ok,39,e,0,1.000e-13
5.794848e-09,0.000000e+00,5.794848e-09,0.000000e+00,0.000000e+00,32,mant_hi,persistent,36,1.061e-16,4.774e-10,-1,9.867e-09,1.306e-07,-1,-1,1,D1,5.000e-04,43,2,0,36,15593,ln32_s1.0_seed2,0.000e+00,0.000e+00,0,0,fast,53.2253,0.0233658,28.12,40,1,0,1,1,ln32_s1.0_seed2_L2_mant_hi_b43_S36_t2,colored,2,1.0,1884.073,1804.089,2000.489,0.0640,0.0640,ok,39,e,0,1.000e-13
5.228515e-13,1.056591e-13,2.765098e-11,0.000000e+00,0.000000e+00,32,mant_hi,persistent,-1,1.061e-16,2.365e-12,-1,9.867e-09,9.867e-09,-1,-1,1,none,5.000e-04,40,2,0,4,27076,ln32_s1.0_seed2,0.000e+00,0.000e+00,0,0,fast,53.2253,0.0233658,28.12,40,1,0,1,1,ln32_s1.0_seed2_L2_mant_hi_b40_S4_t0,colored,2,1.0,1913.761,1846.581,1993.797,0.0332,0.5256,ok,5,e,0,1.000e-13
3.708638e-13,2.832625e-13,9.463929e-11,0.000000e+00,0.000000e+00,32,mant_hi,persistent,-1,1.061e-16,4.730e-12,-1,9.867e-09,9.867e-09,-1,-1,1,none,5.000e-04,40,2,0,4,28496,ln32_s1.0_seed2,0.000e+00,0.000e+00,0,0,fast,53.2253,0.0233658,28.12,40,1,0,1,1,ln32_s1.0_seed2_L2_mant_hi_b40_S4_t1,colored,2,1.0,1949.798,1851.428,1843.848,0.0247,0.6574,ok,5,e,0,1.000e-13
1.996861e-11,2.532289e-12,6.449106e-10,0.000000e+00,0.000000e+00,32,mant_hi,persistent,-1,1.061e-16,3.784e-11,-1,9.867e-09,1.099e-08,-1,-1,1,none,5.000e-04,40,2,0,4,15593,ln32_s1.0_seed2,0.000e+00,0.000e+00,0,0,fast,53.2253,0.0233658,28.12,40,1,0,1,1,ln32_s1.0_seed2_L2_mant_hi_b40_S4_t2,colored,2,1.0,1903.879,1948.407,1935.619,0.0249,0.5582,ok,5,e,0,1.000e-13
1.790187e-11,1.858926e-12,6.222167e-10,0.000000e+00,0.000000e+00,32,mant_hi,persistent,-1,1.061e-16,1.075e-11,-1,9.867e-09,9.867e-09,-1,-1,1,none,5.000e-04,40,2,0,20,27076,ln32_s1.0_seed2,0.000e+00,0.000e+00,0,0,fast,53.2253,0.0233658,28.12,40,1,0,1,1,ln32_s1.0_seed2_L2_mant_hi_b40_S20_t0,colored,2,1.0,1880.784,1886.735,1867.631,0.0115,0.3035,ok,20,e,0,1.000e-13
3.150777e-11,1.509629e-11,5.678609e-09,0.000000e+00,0.000000e+00,32,mant_hi,persistent,-1,1.061e-16,4.299e-11,-1,9.867e-09,1.401e-08,-1,-1,1,none,5.000e-04,40,2,0,20,28496,ln32_s1.0_seed2,0.000e+00,0.000e+00,0,0,fast,53.2253,0.0233658,28.12,40,1,0,1,1,ln32_s1.0_seed2_L2_mant_hi_b40_S20_t1,colored,2,1.0,1881.897,1848.493,1816.175,0.0047,0.4088,ok,20,e,0,1.000e-13
1.607360e-11,1.553089e-12,5.332097e-10,0.000000e+00,0.000000e+00,32,mant_hi,persistent,-1,1.061e-16,5.374e-12,-1,9.867e-09,9.867e-09,-1,-1,1,none,5.000e-04,40,2,0,20,15593,ln32_s1.0_seed2,0.000e+00,0.000e+00,0,0,fast,53.2253,0.0233658,28.12,40,1,0,1,1,ln32_s1.0_seed2_L2_mant_hi_b40_S20_t2,colored,2,1.0,1787.545,1837.448,1829.105,0.0064,0.3363,ok,20,e,0,1.000e-13
2.716183e-10,0.000000e+00,2.716183e-10,0.000000e+00,0.000000e+00,32,mant_hi,persistent,-1,1.061e-16,2.984e-11,-1,9.867e-09,1.182e-08,-1,-1,1,none,5.000e-04,40,2,0,36,27076,ln32_s1.0_seed2,0.000e+00,0.000e+00,0,0,fast,53.2253,0.0233658,28.12,40,1,0,1,1,ln32_s1.0_seed2_L2_mant_hi_b40_S36_t0,colored,2,1.0,1899.119,1860.942,1845.249,0.0673,0.0673,ok,39,e,0,1.000e-13
5.929250e-10,0.000000e+00,5.929250e-10,0.000000e+00,0.000000e+00,32,mant_hi,persistent,-1,1.061e-16,5.967e-11,-1,9.867e-09,1.841e-08,-1,-1,1,none,5.000e-04,40,2,0,36,28496,ln32_s1.0_seed2,0.000e+00,0.000e+00,0,0,fast,53.2253,0.0233658,28.12,40,1,0,1,1,ln32_s1.0_seed2_L2_mant_hi_b40_S36_t1,colored,2,1.0,1837.637,1789.104,1803.574,0.0743,0.0743,ok,39,e,0,1.000e-13
7.243560e-10,0.000000e+00,7.243560e-10,0.000000e+00,0.000000e+00,32,mant_hi,persistent,-1,1.061e-16,5.967e-11,-1,9.867e-09,1.849e-08,-1,-1,1,none,5.000e-04,40,2,0,36,15593,ln32_s1.0_seed2,0.000e+00,0.000e+00,0,0,fast,53.2253,0.0233658,28.12,40,1,0,1,1,ln32_s1.0_seed2_L2_mant_hi_b40_S36_t2,colored,2,1.0,1937.355,1899.973,1934.295,0.0640,0.0640,ok,39,e,0,1.000e-13
1.684940e-09,3.404933e-10,8.910704e-08,0.000000e+00,0.000000e+00,32,exp,persistent,4,1.061e-16,7.621e-09,4,9.867e-09,1.695e-06,-1,-1,1,D1+D2,5.000e-04,53,2,0,4,27076,ln32_s1.0_seed2,0.000e+00,0.000e+00,0,0,fast,53.2253,0.0233658,28.12,40,1,0,1,1,ln32_s1.0_seed2_L2_exp_b53_S4_t0,colored,2,1.0,1824.780,1851.270,1853.076,0.0332,0.5258,ok,5,e,0,1.000e-13
1.625554e-09,1.241535e-09,4.148024e-07,0.000000e+00,0.000000e+00,32,exp,persistent,4,1.061e-16,2.073e-08,4,9.867e-09,4.612e-06,-1,-1,1,D1+D2,5.000e-04,53,2,0,4,28496,ln32_s1.0_seed2,0.000e+00,0.000e+00,0,0,fast,53.2253,0.0233658,28.12,40,1,0,1,1,ln32_s1.0_seed2_L2_exp_b53_S4_t1,colored,2,1.0,1872.772,1824.245,1857.187,0.0247,0.6577,ok,5,e,0,1.000e-13
8.781677e-08,1.113635e-08,2.836151e-06,0.000000e+00,0.000000e+00,32,exp,persistent,4,1.061e-16,1.664e-07,4,9.867e-09,3.702e-05,-1,-1,1,D1+D2,5.000e-04,53,2,0,4,15593,ln32_s1.0_seed2,0.000e+00,0.000e+00,0,0,fast,53.2253,0.0233658,28.12,40,1,0,1,1,ln32_s1.0_seed2_L2_exp_b53_S4_t2,colored,2,1.0,1820.833,1879.939,1817.863,0.0249,0.5582,ok,5,e,0,1.000e-13
1.019472e-07,1.058617e-08,3.543385e-06,0.000000e+00,0.000000e+00,32,exp,persistent,20,1.061e-16,6.121e-08,20,9.867e-09,1.633e-05,-1,-1,1,D1+D2,5.000e-04,53,2,0,20,27076,ln32_s1.0_seed2,0.000e+00,0.000e+00,0,0,fast,53.2253,0.0233658,28.12,40,1,0,1,1,ln32_s1.0_seed2_L2_exp_b53_S20_t0,colored,2,1.0,1795.129,1878.176,1920.767,0.0115,0.3036,ok,20,e,0,1.000e-13
5.122867e-07,2.454513e-07,9.232881e-05,0.000000e+00,0.000000e+00,32,exp,persistent,20,1.061e-16,6.991e-07,20,9.867e-09,1.865e-04,-1,-1,1,D1+D2,5.000e-04,53,2,0,20,28496,ln32_s1.0_seed2,0.000e+00,0.000e+00,0,0,fast,53.2253,0.0233658,28.12,40,1,0,1,1,ln32_s1.0_seed2_L2_exp_b53_S20_t1,colored,2,1.0,2004.262,1893.050,1862.472,0.0047,0.4087,ok,20,e,0,1.000e-13
3.424452e-07,3.308828e-08,1.135994e-05,0.000000e+00,0.000000e+00,32,exp,persistent,20,1.061e-16,1.145e-07,20,9.867e-09,3.054e-05,-1,-1,1,D1+D2,5.000e-04,53,2,0,20,15593,ln32_s1.0_seed2,0.000e+00,0.000e+00,0,0,fast,53.2253,0.0233658,28.12,40,1,0,1,1,ln32_s1.0_seed2_L2_exp_b53_S20_t2,colored,2,1.0,1866.260,1908.216,1856.474,0.0064,0.3363,ok,20,e,0,1.000e-13
4.889464e-06,0.000000e+00,4.889464e-06,0.000000e+00,0.000000e+00,32,exp,persistent,36,1.061e-16,5.371e-07,36,9.867e-09,1.466e-04,-1,-1,1,D1+D2,5.000e-04,53,2,0,36,27076,ln32_s1.0_seed2,0.000e+00,0.000e+00,0,0,fast,53.2253,0.0233658,28.12,40,1,0,1,1,ln32_s1.0_seed2_L2_exp_b53_S36_t0,colored,2,1.0,1860.912,1863.854,1828.484,0.0673,0.0673,ok,39,e,0,1.000e-13
1.189751e-05,0.000000e+00,1.189751e-05,0.000000e+00,0.000000e+00,32,exp,persistent,36,1.061e-16,1.197e-06,36,9.867e-09,3.268e-04,-1,-1,1,D1+D2,5.000e-04,53,2,0,36,28496,ln32_s1.0_seed2,0.000e+00,0.000e+00,0,0,fast,53.2253,0.0233658,28.12,40,1,0,1,1,ln32_s1.0_seed2_L2_exp_b53_S36_t1,colored,2,1.0,1811.601,1819.927,1901.964,0.0743,0.0743,ok,39,e,0,1.000e-13
1.424141e-05,0.000000e+00,1.424141e-05,0.000000e+00,0.000000e+00,32,exp,persistent,36,1.061e-16,1.173e-06,36,9.867e-09,3.202e-04,-1,-1,1,D1+D2,5.000e-04,53,2,0,36,15593,ln32_s1.0_seed2,0.000e+00,0.000e+00,0,0,fast,53.2253,0.0233658,28.12,40,1,0,1,1,ln32_s1.0_seed2_L2_exp_b53_S36_t2,colored,2,1.0,1808.834,1777.843,1883.359,0.0640,0.0640,ok,39,e,0,1.000e-13
1.684940e-09,3.404933e-10,8.910704e-08,0.000000e+00,0.000000e+00,32,exp,persistent,4,1.061e-16,7.621e-09,4,9.867e-09,1.695e-06,-1,-1,1,D1+D2,5.000e-04,53,2,0,4,27076,ln32_s1.0_seed2,0.000e+00,0.000e+00,0,0,fast,53.2253,0.0233658,28.12,40,1,0,1,1,ln32_s1.0_seed2_L2_exp_b53_S4_t0,colored,2,1.0,1936.732,1938.021,1871.589,0.0332,0.5258,ok,5,e,0,1.000e-13
1.625554e-09,1.241535e-09,4.148024e-07,0.000000e+00,0.000000e+00,32,exp,persistent,4,1.061e-16,2.073e-08,4,9.867e-09,4.612e-06,-1,-1,1,D1+D2,5.000e-04,53,2,0,4,28496,ln32_s1.0_seed2,0.000e+00,0.000e+00,0,0,fast,53.2253,0.0233658,28.12,40,1,0,1,1,ln32_s1.0_seed2_L2_exp_b53_S4_t1,colored,2,1.0,1946.201,1944.167,1877.099,0.0247,0.6577,ok,5,e,0,1.000e-13
8.781677e-08,1.113635e-08,2.836151e-06,0.000000e+00,0.000000e+00,32,exp,persistent,4,1.061e-16,1.664e-07,4,9.867e-09,3.702e-05,-1,-1,1,D1+D2,5.000e-04,53,2,0,4,15593,ln32_s1.0_seed2,0.000e+00,0.000e+00,0,0,fast,53.2253,0.0233658,28.12,40,1,0,1,1,ln32_s1.0_seed2_L2_exp_b53_S4_t2,colored,2,1.0,1830.212,1860.105,1812.129,0.0249,0.5582,ok,5,e,0,1.000e-13
1.019472e-07,1.058617e-08,3.543385e-06,0.000000e+00,0.000000e+00,32,exp,persistent,20,1.061e-16,6.121e-08,20,9.867e-09,1.633e-05,-1,-1,1,D1+D2,5.000e-04,53,2,0,20,27076,ln32_s1.0_seed2,0.000e+00,0.000e+00,0,0,fast,53.2253,0.0233658,28.12,40,1,0,1,1,ln32_s1.0_seed2_L2_exp_b53_S20_t0,colored,2,1.0,1817.270,1848.108,1863.612,0.0115,0.3036,ok,20,e,0,1.000e-13
5.122867e-07,2.454513e-07,9.232881e-05,0.000000e+00,0.000000e+00,32,exp,persistent,20,1.061e-16,6.991e-07,20,9.867e-09,1.865e-04,-1,-1,1,D1+D2,5.000e-04,53,2,0,20,28496,ln32_s1.0_seed2,0.000e+00,0.000e+00,0,0,fast,53.2253,0.0233658,28.12,40,1,0,1,1,ln32_s1.0_seed2_L2_exp_b53_S20_t1,colored,2,1.0,1836.534,1808.451,1846.703,0.0047,0.4087,ok,20,e,0,1.000e-13
3.424452e-07,3.308828e-08,1.135994e-05,0.000000e+00,0.000000e+00,32,exp,persistent,20,1.061e-16,1.145e-07,20,9.867e-09,3.054e-05,-1,-1,1,D1+D2,5.000e-04,53,2,0,20,15593,ln32_s1.0_seed2,0.000e+00,0.000e+00,0,0,fast,53.2253,0.0233658,28.12,40,1,0,1,1,ln32_s1.0_seed2_L2_exp_b53_S20_t2,colored,2,1.0,1836.966,1827.342,1787.558,0.0064,0.3363,ok,20,e,0,1.000e-13
4.889464e-06,0.000000e+00,4.889464e-06,0.000000e+00,0.000000e+00,32,exp,persistent,36,1.061e-16,5.371e-07,36,9.867e-09,1.466e-04,-1,-1,1,D1+D2,5.000e-04,53,2,0,36,27076,ln32_s1.0_seed2,0.000e+00,0.000e+00,0,0,fast,53.2253,0.0233658,28.12,40,1,0,1,1,ln32_s1.0_seed2_L2_exp_b53_S36_t0,colored,2,1.0,1870.146,1962.533,1867.350,0.0673,0.0673,ok,39,e,0,1.000e-13
1.189751e-05,0.000000e+00,1.189751e-05,0.000000e+00,0.000000e+00,32,exp,persistent,36,1.061e-16,1.197e-06,36,9.867e-09,3.268e-04,-1,-1,1,D1+D2,5.000e-04,53,2,0,36,28496,ln32_s1.0_seed2,0.000e+00,0.000e+00,0,0,fast,53.2253,0.0233658,28.12,40,1,0,1,1,ln32_s1.0_seed2_L2_exp_b53_S36_t1,colored,2,1.0,1773.961,1831.268,1865.039,0.0743,0.0743,ok,39,e,0,1.000e-13
1.424141e-05,0.000000e+00,1.424141e-05,0.000000e+00,0.000000e+00,32,exp,persistent,36,1.061e-16,1.173e-06,36,9.867e-09,3.202e-04,-1,-1,1,D1+D2,5.000e-04,53,2,0,36,15593,ln32_s1.0_seed2,0.000e+00,0.000e+00,0,0,fast,53.2253,0.0233658,28.12,40,1,0,1,1,ln32_s1.0_seed2_L2_exp_b53_S36_t2,colored,2,1.0,1872.773,1871.517,1767.342,0.0640,0.0640,ok,39,e,0,1.000e-13
4.493173e-09,9.079822e-10,2.376188e-07,0.000000e+00,0.000000e+00,32,sign,persistent,4,1.061e-16,2.032e-08,4,9.867e-09,4.521e-06,-1,-1,1,D1+D2,5.000e-04,63,2,0,4,27076,ln32_s1.0_seed2,0.000e+00,0.000e+00,0,0,fast,53.2253,0.0233658,28.12,40,1,0,1,1,ln32_s1.0_seed2_L2_sign_b63_S4_t0,colored,2,1.0,1866.744,1862.963,1865.932,0.0332,0.5258,ok,5,e,0,1.000e-13
4.334812e-09,3.310760e-09,1.106140e-06,0.000000e+00,0.000000e+00,32,sign,persistent,4,1.061e-16,5.528e-08,4,9.867e-09,1.230e-05,-1,-1,1,D1+D2,5.000e-04,63,2,0,4,28496,ln32_s1.0_seed2,0.000e+00,0.000e+00,0,0,fast,53.2253,0.0233658,28.12,40,1,0,1,1,ln32_s1.0_seed2_L2_sign_b63_S4_t1,colored,2,1.0,1861.378,1822.604,1788.819,0.0247,0.6577,ok,5,e,0,1.000e-13
2.341780e-07,2.969694e-08,7.563069e-06,0.000000e+00,0.000000e+00,32,sign,persistent,4,1.061e-16,4.437e-07,4,9.867e-09,9.871e-05,-1,-1,1,D1+D2,5.000e-04,63,2,0,4,15593,ln32_s1.0_seed2,0.000e+00,0.000e+00,0,0,fast,53.2253,0.0233658,28.12,40,1,0,1,1,ln32_s1.0_seed2_L2_sign_b63_S4_t2,colored,2,1.0,1776.552,1851.037,2001.814,0.0249,0.5582,ok,5,e,0,1.000e-13
2.718591e-07,2.822979e-08,9.449027e-06,0.000000e+00,0.000000e+00,32,sign,persistent,20,1.061e-16,1.632e-07,20,9.867e-09,4.354e-05,-1,-1,1,D1+D2,5.000e-04,63,2,0,20,27076,ln32_s1.0_seed2,0.000e+00,0.000e+00,0,0,fast,53.2253,0.0233658,28.12,40,1,0,1,1,ln32_s1.0_seed2_L2_sign_b63_S20_t0,colored,2,1.0,1820.838,1812.427,1950.614,0.0115,0.3036,ok,20,e,0,1.000e-13
3.415245e-07,1.636342e-07,6.155254e-05,0.000000e+00,0.000000e+00,32,sign,persistent,20,1.061e-16,4.660e-07,20,9.867e-09,1.243e-04,-1,-1,1,D1+D2,5.000e-04,63,2,0,20,28496,ln32_s1.0_seed2,0.000e+00,0.000e+00,0,0,fast,53.2253,0.0233658,28.12,40,1,0,1,1,ln32_s1.0_seed2_L2_sign_b63_S20_t1,colored,2,1.0,1986.667,1913.834,1866.633,0.0047,0.4087,ok,20,e,0,1.000e-13
2.282968e-07,2.205885e-08,7.573290e-06,0.000000e+00,0.000000e+00,32,sign,persistent,20,1.061e-16,7.633e-08,20,9.867e-09,2.036e-05,-1,-1,1,D1+D2,5.000e-04,63,2,0,20,15593,ln32_s1.0_seed2,0.000e+00,0.000e+00,0,0,fast,53.2253,0.0233658,28.12,40,1,0,1,1,ln32_s1.0_seed2_L2_sign_b63_S20_t2,colored,2,1.0,1942.102,1899.941,1833.454,0.0064,0.3363,ok,20,e,0,1.000e-13
3.259643e-06,0.000000e+00,3.259643e-06,0.000000e+00,0.000000e+00,32,sign,persistent,36,1.061e-16,3.581e-07,36,9.867e-09,9.771e-05,-1,-1,1,D1+D2,5.000e-04,63,2,0,36,27076,ln32_s1.0_seed2,0.000e+00,0.000e+00,0,0,fast,53.2253,0.0233658,28.12,40,1,0,1,1,ln32_s1.0_seed2_L2_sign_b63_S36_t0,colored,2,1.0,1864.326,1890.132,1826.124,0.0673,0.0673,ok,39,e,0,1.000e-13
7.931673e-06,0.000000e+00,7.931673e-06,0.000000e+00,0.000000e+00,32,sign,persistent,36,1.061e-16,7.982e-07,36,9.867e-09,2.178e-04,-1,-1,1,D1+D2,5.000e-04,63,2,0,36,28496,ln32_s1.0_seed2,0.000e+00,0.000e+00,0,0,fast,53.2253,0.0233658,28.12,40,1,0,1,1,ln32_s1.0_seed2_L2_sign_b63_S36_t1,colored,2,1.0,1963.077,1949.193,1941.854,0.0743,0.0743,ok,39,e,0,1.000e-13
9.494273e-06,0.000000e+00,9.494273e-06,0.000000e+00,0.000000e+00,32,sign,persistent,36,1.061e-16,7.821e-07,36,9.867e-09,2.134e-04,-1,-1,1,D1+D2,5.000e-04,63,2,0,36,15593,ln32_s1.0_seed2,0.000e+00,0.000e+00,0,0,fast,53.2253,0.0233658,28.12,40,1,0,1,1,ln32_s1.0_seed2_L2_sign_b63_S36_t2,colored,2,1.0,1818.616,1809.660,1903.604,0.0640,0.0640,ok,39,e,0,1.000e-13
4.493173e-09,9.079822e-10,2.376188e-07,0.000000e+00,0.000000e+00,32,sign,persistent,4,1.061e-16,2.032e-08,4,9.867e-09,4.521e-06,-1,-1,1,D1+D2,5.000e-04,63,2,0,4,27076,ln32_s1.0_seed2,0.000e+00,0.000e+00,0,0,fast,53.2253,0.0233658,28.12,40,1,0,1,1,ln32_s1.0_seed2_L2_sign_b63_S4_t0,colored,2,1.0,1796.620,1793.413,1821.806,0.0332,0.5258,ok,5,e,0,1.000e-13
4.334812e-09,3.310760e-09,1.106140e-06,0.000000e+00,0.000000e+00,32,sign,persistent,4,1.061e-16,5.528e-08,4,9.867e-09,1.230e-05,-1,-1,1,D1+D2,5.000e-04,63,2,0,4,28496,ln32_s1.0_seed2,0.000e+00,0.000e+00,0,0,fast,53.2253,0.0233658,28.12,40,1,0,1,1,ln32_s1.0_seed2_L2_sign_b63_S4_t1,colored,2,1.0,1898.504,1955.418,1892.966,0.0247,0.6577,ok,5,e,0,1.000e-13
2.341780e-07,2.969694e-08,7.563069e-06,0.000000e+00,0.000000e+00,32,sign,persistent,4,1.061e-16,4.437e-07,4,9.867e-09,9.871e-05,-1,-1,1,D1+D2,5.000e-04,63,2,0,4,15593,ln32_s1.0_seed2,0.000e+00,0.000e+00,0,0,fast,53.2253,0.0233658,28.12,40,1,0,1,1,ln32_s1.0_seed2_L2_sign_b63_S4_t2,colored,2,1.0,1979.272,1949.569,1850.288,0.0249,0.5582,ok,5,e,0,1.000e-13
2.718591e-07,2.822979e-08,9.449027e-06,0.000000e+00,0.000000e+00,32,sign,persistent,20,1.061e-16,1.632e-07,20,9.867e-09,4.354e-05,-1,-1,1,D1+D2,5.000e-04,63,2,0,20,27076,ln32_s1.0_seed2,0.000e+00,0.000e+00,0,0,fast,53.2253,0.0233658,28.12,40,1,0,1,1,ln32_s1.0_seed2_L2_sign_b63_S20_t0,colored,2,1.0,1815.337,1824.553,1889.152,0.0115,0.3036,ok,20,e,0,1.000e-13
3.415245e-07,1.636342e-07,6.155254e-05,0.000000e+00,0.000000e+00,32,sign,persistent,20,1.061e-16,4.660e-07,20,9.867e-09,1.243e-04,-1,-1,1,D1+D2,5.000e-04,63,2,0,20,28496,ln32_s1.0_seed2,0.000e+00,0.000e+00,0,0,fast,53.2253,0.0233658,28.12,40,1,0,1,1,ln32_s1.0_seed2_L2_sign_b63_S20_t1,colored,2,1.0,1837.490,1862.206,1820.622,0.0047,0.4087,ok,20,e,0,1.000e-13
2.282968e-07,2.205885e-08,7.573290e-06,0.000000e+00,0.000000e+00,32,sign,persistent,20,1.061e-16,7.633e-08,20,9.867e-09,2.036e-05,-1,-1,1,D1+D2,5.000e-04,63,2,0,20,15593,ln32_s1.0_seed2,0.000e+00,0.000e+00,0,0,fast,53.2253,0.0233658,28.12,40,1,0,1,1,ln32_s1.0_seed2_L2_sign_b63_S20_t2,colored,2,1.0,1818.675,1872.707,1931.656,0.0064,0.3363,ok,20,e,0,1.000e-13
3.259643e-06,0.000000e+00,3.259643e-06,0.000000e+00,0.000000e+00,32,sign,persistent,36,1.061e-16,3.581e-07,36,9.867e-09,9.771e-05,-1,-1,1,D1+D2,5.000e-04,63,2,0,36,27076,ln32_s1.0_seed2,0.000e+00,0.000e+00,0,0,fast,53.2253,0.0233658,28.12,40,1,0,1,1,ln32_s1.0_seed2_L2_sign_b63_S36_t0,colored,2,1.0,1951.903,1886.364,1864.875,0.0673,0.0673,ok,39,e,0,1.000e-13
7.931673e-06,0.000000e+00,7.931673e-06,0.000000e+00,0.000000e+00,32,sign,persistent,36,1.061e-16,7.982e-07,36,9.867e-09,2.178e-04,-1,-1,1,D1+D2,5.000e-04,63,2,0,36,28496,ln32_s1.0_seed2,0.000e+00,0.000e+00,0,0,fast,53.2253,0.0233658,28.12,40,1,0,1,1,ln32_s1.0_seed2_L2_sign_b63_S36_t1,colored,2,1.0,1846.676,1828.792,1892.301,0.0743,0.0743,ok,39,e,0,1.000e-13
9.494273e-06,0.000000e+00,9.494273e-06,0.000000e+00,0.000000e+00,32,sign,persistent,36,1.061e-16,7.821e-07,36,9.867e-09,2.134e-04,-1,-1,1,D1+D2,5.000e-04,63,2,0,36,15593,ln32_s1.0_seed2,0.000e+00,0.000e+00,0,0,fast,53.2253,0.0233658,28.12,40,1,0,1,1,ln32_s1.0_seed2_L2_sign_b63_S36_t2,colored,2,1.0,1844.633,1840.208,1804.397,0.0640,0.0640,ok,39,e,0,1.000e-13
5.434977e-16,1.643130e-17,2.005090e-15,0.000000e+00,0.000000e+00,32,mant_lo,benign,-1,1.010e-16,3.283e-11,-1,9.867e-09,9.867e-09,-1,-1,1,none,5.000e-04,20,3,0,4,997,ln32_s1.0_seed2,0.000e+00,0.000e+00,0,0,fast,53.2253,0.0233658,28.12,40,2,0,1,1,ln32_s1.0_seed2_L3_mant_lo_b20_S4_t0,colored,2,1.0,5681.076,5628.911,5677.651,0.0024,0.1253,ok,5,e,0,1.000e-13
2.048475e-14,6.497023e-16,7.764011e-14,0.000000e+00,0.000000e+00,32,mant_lo,benign,4,1.010e-16,1.094e-09,-1,9.867e-09,9.867e-09,-1,-1,1,D1,5.000e-04,20,3,0,4,79,ln32_s1.0_seed2,0.000e+00,0.000e+00,0,0,fast,53.2253,0.0233658,28.12,40,2,0,1,1,ln32_s1.0_seed2_L3_mant_lo_b20_S4_t1,colored,2,1.0,5637.222,5668.797,5650.778,0.0020,0.0161,ok,5,e,0,1.000e-13
3.791364e-13,1.196697e-14,1.438521e-12,0.000000e+00,0.000000e+00,32,mant_lo,persistent,4,1.010e-16,2.310e-08,-1,9.867e-09,9.867e-09,-1,-1,1,D1,5.000e-04,20,3,0,4,403,ln32_s1.0_seed2,0.000e+00,0.000e+00,0,0,fast,53.2253,0.0233658,28.12,40,2,0,1,1,ln32_s1.0_seed2_L3_mant_lo_b20_S4_t2,colored,2,1.0,5667.283,5650.248,5670.901,0.0023,0.0220,ok,5,e,0,1.000e-13
1.216524e-13,1.536397e-15,2.116682e-13,0.000000e+00,0.000000e+00,32,mant_lo,persistent,20,1.010e-16,3.754e-09,-1,9.867e-09,9.867e-09,-1,-1,1,D1,5.000e-04,20,3,0,20,997,ln32_s1.0_seed2,0.000e+00,0.000e+00,0,0,fast,53.2253,0.0233658,28.12,40,2,0,1,1,ln32_s1.0_seed2_L3_mant_lo_b20_S20_t0,colored,2,1.0,5641.012,5669.354,5645.231,0.0012,0.0068,ok,20,e,0,1.000e-13
6.381159e-13,7.662448e-15,9.637827e-13,0.000000e+00,0.000000e+00,32,mant_lo,persistent,20,1.010e-16,1.563e-08,-1,9.867e-09,9.867e-09,-1,-1,1,D1,5.000e-04,20,3,0,20,79,ln32_s1.0_seed2,0.000e+00,0.000e+00,0,0,fast,53.2253,0.0233658,28.12,40,2,0,1,1,ln32_s1.0_seed2_L3_mant_lo_b20_S20_t1,colored,2,1.0,5676.170,5632.749,5666.766,0.0013,0.0121,ok,20,e,0,1.000e-13
2.940350e-12,3.564028e-14,4.641841e-12,0.000000e+00,0.000000e+00,32,mant_lo,persistent,20,1.010e-16,8.253e-08,-1,9.867e-09,9.867e-09,-1,-1,1,D1,5.000e-04,20,3,0,20,403,ln32_s1.0_seed2,0.000e+00,0.000e+00,0,0,fast,53.2253,0.0233658,28.12,40,2,0,1,1,ln32_s1.0_seed2_L3_mant_lo_b20_S20_t2,colored,2,1.0,5628.319,5664.578,5665.762,0.0016,0.0149,ok,20,e,0,1.000e-13
9.640249e-13,0.000000e+00,9.640249e-13,0.000000e+00,0.000000e+00,32,mant_lo,persistent,36,1.010e-16,2.010e-08,-1,9.867e-09,9.867e-09,-1,-1,1,D1,5.000e-04,20,3,0,36,997,ln32_s1.0_seed2,0.000e+00,0.000e+00,0,0,fast,53.2253,0.0233658,28.12,40,2,0,1,1,ln32_s1.0_seed2_L3_mant_lo_b20_S36_t0,colored,2,1.0,5640.595,5668.404,5688.947,0.0020,0.0020,ok,39,e,0,1.000e-13
1.229249e-12,0.000000e+00,1.229249e-12,0.000000e+00,0.000000e+00,32,mant_lo,persistent,36,1.010e-16,2.092e-08,-1,9.867e-09,9.867e-09,-1,-1,1,D1,5.000e-04,20,3,0,36,79,ln32_s1.0_seed2,0.000e+00,0.000e+00,0,0,fast,53.2253,0.0233658,28.12,40,2,0,1,1,ln32_s1.0_seed2_L3_mant_lo_b20_S36_t1,colored,2,1.0,5667.473,5644.505,5624.375,0.0040,0.0040,ok,39,e,0,1.000e-13
5.599768e-12,0.000000e+00,5.599768e-12,0.000000e+00,0.000000e+00,32,mant_lo,persistent,36,1.010e-16,1.104e-07,-1,9.867e-09,9.867e-09,-1,-1,1,D1,5.000e-04,20,3,0,36,403,ln32_s1.0_seed2,0.000e+00,0.000e+00,0,0,fast,53.2253,0.0233658,28.12,40,2,0,1,1,ln32_s1.0_seed2_L3_mant_lo_b20_S36_t2,colored,2,1.0,5685.284,5668.294,5632.592,0.0039,0.0039,ok,39,e,0,1.000e-13
3.294593e-16,8.955769e-18,1.002520e-15,0.000000e+00,0.000000e+00,32,mant_lo,benign,-1,1.010e-16,1.642e-11,-1,9.867e-09,9.867e-09,-1,-1,1,none,5.000e-04,19,3,0,4,997,ln32_s1.0_seed2,0.000e+00,0.000e+00,0,0,fast,53.2253,0.0233658,28.12,40,2,0,1,1,ln32_s1.0_seed2_L3_mant_lo_b19_S4_t0,colored,2,1.0,5640.714,5659.676,5657.220,0.0017,0.1827,ok,5,e,0,1.000e-13
1.024434e-14,3.248730e-16,3.882024e-14,0.000000e+00,0.000000e+00,32,mant_lo,benign,4,1.010e-16,5.468e-10,-1,9.867e-09,9.867e-09,-1,-1,1,D1,5.000e-04,19,3,0,4,79,ln32_s1.0_seed2,0.000e+00,0.000e+00,0,0,fast,53.2253,0.0233658,28.12,40,2,0,1,1,ln32_s1.0_seed2_L3_mant_lo_b19_S4_t1,colored,2,1.0,5610.137,5681.136,5646.253,0.0020,0.0181,ok,5,e,0,1.000e-13
1.895691e-13,5.983473e-15,7.192602e-13,0.000000e+00,0.000000e+00,32,mant_lo,persistent,4,1.010e-16,1.155e-08,-1,9.867e-09,9.867e-09,-1,-1,1,D1,5.000e-04,19,3,0,4,403,ln32_s1.0_seed2,0.000e+00,0.000e+00,0,0,fast,53.2253,0.0233658,28.12,40,2,0,1,1,ln32_s1.0_seed2_L3_mant_lo_b19_S4_t2,colored,2,1.0,5649.660,5631.441,5675.544,0.0023,0.0221,ok,5,e,0,1.000e-13
6.082614e-14,7.681997e-16,1.058342e-13,0.000000e+00,0.000000e+00,32,mant_lo,transient,20,1.010e-16,1.877e-09,-1,9.867e-09,9.867e-09,-1,-1,1,D1,5.000e-04,19,3,0,20,997,ln32_s1.0_seed2,0.000e+00,0.000e+00,0,0,fast,53.2253,0.0233658,28.12,40,2,0,1,1,ln32_s1.0_seed2_L3_mant_lo_b19_S20_t0,colored,2,1.0,5608.941,5677.809,5627.129,0.0012,0.0068,ok,20,e,0,1.000e-13
3.190584e-13,3.831223e-15,4.818910e-13,0.000000e+00,0.000000e+00,32,mant_lo,persistent,20,1.010e-16,7.815e-09,-1,9.867e-09,9.867e-09,-1,-1,1,D1,5.000e-04,19,3,0,20,79,ln32_s1.0_seed2,0.000e+00,0.000e+00,0,0,fast,53.2253,0.0233658,28.12,40,2,0,1,1,ln32_s1.0_seed2_L3_mant_lo_b19_S20_t1,colored,2,1.0,5667.460,5659.463,5625.217,0.0013,0.0121,ok,20,e,0,1.000e-13
1.470171e-12,1.782015e-14,2.320921e-12,0.000000e+00,0.000000e+00,32,mant_lo,persistent,20,1.010e-16,4.127e-08,-1,9.867e-09,9.867e-09,-1,-1,1,D1,5.000e-04,19,3,0,20,403,ln32_s1.0_seed2,0.000e+00,0.000e+00,0,0,fast,53.2253,0.0233658,28.12,40,2,0,1,1,ln32_s1.0_seed2_L3_mant_lo_b19_S20_t2,colored,2,1.0,5668.029,5692.122,5676.947,0.0016,0.0149,ok,20,e,0,1.000e-13
4.820124e-13,0.000000e+00,4.820124e-13,0.000000e+00,0.000000e+00,32,mant_lo,persistent,36,1.010e-16,1.005e-08,-1,9.867e-09,9.867e-09,-1,-1,1,D1,5.000e-04,19,3,0,36,997,ln32_s1.0_seed2,0.000e+00,0.000e+00,0,0,fast,53.2253,0.0233658,28.12,40,2,0,1,1,ln32_s1.0_seed2_L3_mant_lo_b19_S36_t0,colored,2,1.0,5660.747,5630.912,5656.439,0.0020,0.0020,ok,39,e,0,1.000e-13
6.146239e-13,0.000000e+00,6.146239e-13,0.000000e+00,0.000000e+00,32,mant_lo,persistent,36,1.010e-16,1.046e-08,-1,9.867e-09,9.867e-09,-1,-1,1,D1,5.000e-04,19,3,0,36,79,ln32_s1.0_seed2,0.000e+00,0.000e+00,0,0,fast,53.2253,0.0233658,28.12,40,2,0,1,1,ln32_s1.0_seed2_L3_mant_lo_b19_S36_t1,colored,2,1.0,5660.569,5646.246,5647.019,0.0040,0.0040,ok,39,e,0,1.000e-13
2.799884e-12,0.000000e+00,2.799884e-12,0.000000e+00,0.000000e+00,32,mant_lo,persistent,36,1.010e-16,5.522e-08,-1,9.867e-09,9.867e-09,-1,-1,1,D1,5.000e-04,19,3,0,36,403,ln32_s1.0_seed2,0.000e+00,0.000e+00,0,0,fast,53.2253,0.0233658,28.12,40,2,0,1,1,ln32_s1.0_seed2_L3_mant_lo_b19_S36_t2,colored,2,1.0,5688.807,5674.960,5647.779,0.0039,0.0039,ok,39,e,0,1.000e-13
9.853423e+07,3.195765e+06,3.994846e+08,0.000000e+00,0.000000e+00,32,mant_hi,persistent,4,1.010e-16,7.687e-03,4,9.867e-09,1.918e+05,4,-1,1,D1+D2+D3,5.000e-04,48,3,0,4,997,ln32_s1.0_seed2,0.000e+00,0.000e+00,0,471,fast,53.2253,0.0233658,28.12,40,2,0,1,1,ln32_s1.0_seed2_L3_mant_hi_b48_S4_t0,colored,2,1.0,5673.622,5655.925,6984.554,0.0013,0.0083,ok,5,e,0,1.000e-13
4.663188e+06,1.476594e+05,1.757841e+07,0.000000e+00,0.000000e+00,32,mant_hi,persistent,4,1.010e-16,6.155e-03,4,9.867e-09,1.231e+05,4,-1,1,D1+D2+D3,5.000e-04,48,3,0,4,79,ln32_s1.0_seed2,0.000e+00,0.000e+00,0,471,fast,53.2253,0.0233658,28.12,40,2,0,1,1,ln32_s1.0_seed2_L3_mant_hi_b48_S4_t1,colored,2,1.0,5651.710,5623.021,7092.328,0.0021,0.0156,ok,5,e,0,1.000e-13
1.661814e+02,5.231358e+00,6.250957e+02,0.000000e+00,0.000000e+00,32,mant_hi,persistent,4,1.010e-16,7.110e-03,4,9.867e-09,1.528e-01,4,-1,1,D1+D2+D3,5.000e-04,48,3,0,4,403,ln32_s1.0_seed2,0.000e+00,0.000e+00,0,471,fast,53.2253,0.0233658,28.12,40,2,0,1,1,ln32_s1.0_seed2_L3_mant_hi_b48_S4_t2,colored,2,1.0,5678.786,5595.467,7078.256,0.0023,0.0220,ok,5,e,0,1.000e-13
1.042750e+04,1.303940e+02,1.764446e+04,0.000000e+00,0.000000e+00,32,mant_hi,persistent,20,1.010e-16,7.687e-03,20,9.867e-09,2.157e+00,20,-1,1,D1+D2+D3,5.000e-04,48,3,0,20,997,ln32_s1.0_seed2,0.000e+00,0.000e+00,0,472,fast,53.2253,0.0233658,28.12,40,2,0,1,1,ln32_s1.0_seed2_L3_mant_hi_b48_S20_t0,colored,2,1.0,5627.264,5665.654,7483.233,0.0012,0.0068,ok,20,e,0,1.000e-13
1.591523e+04,1.897366e+02,2.349451e+04,0.000000e+00,0.000000e+00,32,mant_hi,persistent,20,1.010e-16,6.155e-03,20,9.867e-09,9.088e+01,20,-1,1,D1+D2+D3,5.000e-04,48,3,0,20,79,ln32_s1.0_seed2,0.000e+00,0.000e+00,0,472,fast,53.2253,0.0233658,28.12,40,2,0,1,1,ln32_s1.0_seed2_L3_mant_hi_b48_S20_t1,colored,2,1.0,5652.860,5654.853,7486.423,0.0014,0.0121,ok,20,e,0,1.000e-13
7.306188e+03,8.777318e+01,1.122479e+04,0.000000e+00,0.000000e+00,32,mant_hi,persistent,20,1.010e-16,7.110e-03,20,9.867e-09,2.562e+01,20,-1,1,D1+D2+D3,5.000e-04,48,3,0,20,403,ln32_s1.0_seed2,0.000e+00,0.000e+00,0,472,fast,53.2253,0.0233658,28.12,40,2,0,1,1,ln32_s1.0_seed2_L3_mant_hi_b48_S20_t2,colored,2,1.0,5667.928,5662.219,7525.219,0.0017,0.0150,ok,20,e,0,1.000e-13
2.955417e+04,0.000000e+00,2.955417e+04,0.000000e+00,0.000000e+00,32,mant_hi,persistent,36,1.010e-16,7.428e-03,36,9.867e-09,1.648e+02,36,-1,1,D1+D2+D3,5.000e-04,48,3,0,36,997,ln32_s1.0_seed2,0.000e+00,0.000e+00,0,473,fast,53.2253,0.0233658,28.12,40,2,0,1,1,ln32_s1.0_seed2_L3_mant_hi_b48_S36_t0,colored,2,1.0,5650.531,5664.668,7925.402,0.0019,0.0019,ok,39,e,0,1.000e-13
2.610718e+03,0.000000e+00,2.610718e+03,0.000000e+00,0.000000e+00,32,mant_hi,persistent,36,1.010e-16,6.155e-03,36,9.867e-09,8.183e-01,36,-1,1,D1+D2+D3,5.000e-04,48,3,0,36,79,ln32_s1.0_seed2,0.000e+00,0.000e+00,0,473,fast,53.2253,0.0233658,28.12,40,2,0,1,1,ln32_s1.0_seed2_L3_mant_hi_b48_S36_t1,colored,2,1.0,5635.021,5686.112,7871.922,0.0039,0.0039,ok,39,e,0,1.000e-13
2.536658e+03,0.000000e+00,2.536658e+03,0.000000e+00,0.000000e+00,32,mant_hi,persistent,36,1.010e-16,7.104e-03,36,9.867e-09,9.730e-01,36,-1,1,D1+D2+D3,5.000e-04,48,3,0,36,403,ln32_s1.0_seed2,0.000e+00,0.000e+00,0,473,fast,53.2253,0.0233658,28.12,40,2,0,1,1,ln32_s1.0_seed2_L3_mant_hi_b48_S36_t2,colored,2,1.0,5609.372,5661.737,7850.793,0.0038,0.0038,ok,39,e,0,1.000e-13
3.198496e-11,1.041843e-12,1.313871e-10,0.000000e+00,0.000000e+00,32,mant_hi,persistent,4,1.010e-16,2.152e-06,-1,9.867e-09,9.867e-09,-1,-1,1,D1,5.000e-04,36,3,0,4,997,ln32_s1.0_seed2,0.000e+00,0.000e+00,0,0,fast,53.2253,0.0233658,28.12,40,2,0,1,1,ln32_s1.0_seed2_L3_mant_hi_b36_S4_t0,colored,2,1.0,5660.051,5605.899,5648.749,0.0013,0.0083,ok,5,e,0,1.000e-13
1.342405e-09,4.257837e-11,5.088246e-09,0.000000e+00,0.000000e+00,32,mant_hi,persistent,4,1.010e-16,7.165e-05,-1,9.867e-09,9.867e-09,-1,-1,1,D1,5.000e-04,36,3,0,4,79,ln32_s1.0_seed2,0.000e+00,0.000e+00,0,0,fast,53.2253,0.0233658,28.12,40,2,0,1,1,ln32_s1.0_seed2_L3_mant_hi_b36_S4_t1,colored,2,1.0,5646.680,5635.965,5654.315,0.0020,0.0156,ok,5,e,0,1.000e-13
2.492347e-08,7.866834e-10,9.456450e-08,0.000000e+00,0.000000e+00,32,mant_hi,persistent,4,1.010e-16,1.414e-03,-1,9.867e-09,9.867e-09,-1,-1,1,D1,5.000e-04,36,3,0,4,403,ln32_s1.0_seed2,0.000e+00,0.000e+00,0,0,fast,53.2253,0.0233658,28.12,40,2,0,1,1,ln32_s1.0_seed2_L3_mant_hi_b36_S4_t2,colored,2,1.0,5645.235,5670.635,5672.215,0.0023,0.0220,ok,5,e,0,1.000e-13
7.973025e-09,1.006947e-10,1.387264e-08,0.000000e+00,0.000000e+00,32,mant_hi,persistent,20,1.010e-16,2.456e-04,-1,9.867e-09,9.867e-09,-1,-1,1,D1,5.000e-04,36,3,0,20,997,ln32_s1.0_seed2,0.000e+00,0.000e+00,0,0,fast,53.2253,0.0233658,28.12,40,2,0,1,1,ln32_s1.0_seed2_L3_mant_hi_b36_S20_t0,colored,2,1.0,5663.614,5692.552,5665.551,0.0012,0.0068,ok,20,e,0,1.000e-13
4.191724e-08,5.033290e-10,6.330617e-08,0.000000e+00,0.000000e+00,32,mant_hi,persistent,20,1.010e-16,9.867e-04,-1,9.867e-09,9.867e-09,-1,-1,1,D1,5.000e-04,36,3,0,20,79,ln32_s1.0_seed2,0.000e+00,0.000e+00,0,0,fast,53.2253,0.0233658,28.12,40,2,0,1,1,ln32_s1.0_seed2_L3_mant_hi_b36_S20_t1,colored,2,1.0,5679.922,5612.965,5670.268,0.0013,0.0121,ok,20,e,0,1.000e-13
1.121486e+00,1.347304e-02,1.722965e+00,0.000000e+00,0.000000e+00,32,mant_hi,persistent,20,1.010e-16,5.977e-03,20,9.867e-09,9.992e-03,20,-1,1,D1+D2+D3,5.000e-04,36,3,0,20,403,ln32_s1.0_seed2,0.000e+00,0.000e+00,0,472,fast,53.2253,0.0233658,28.12,40,2,0,1,1,ln32_s1.0_seed2_L3_mant_hi_b36_S20_t2,colored,2,1.0,5654.218,5642.681,7951.052,0.0017,0.0150,ok,20,e,0,1.000e-13
6.328812e-08,0.000000e+00,6.328812e-08,0.000000e+00,0.000000e+00,32,mant_hi,persistent,36,1.010e-16,1.250e-03,-1,9.867e-09,9.867e-09,-1,-1,1,D1,5.000e-04,36,3,0,36,997,ln32_s1.0_seed2,0.000e+00,0.000e+00,0,0,fast,53.2253,0.0233658,28.12,40,2,0,1,1,ln32_s1.0_seed2_L3_mant_hi_b36_S36_t0,colored,2,1.0,5639.348,5635.888,5625.699,0.0020,0.0020,ok,39,e,0,1.000e-13
8.091639e-08,0.000000e+00,8.091639e-08,0.000000e+00,0.000000e+00,32,mant_hi,persistent,36,1.010e-16,1.282e-03,-1,9.867e-09,9.867e-09,-1,-1,1,D1,5.000e-04,36,3,0,36,79,ln32_s1.0_seed2,0.000e+00,0.000e+00,0,0,fast,53.2253,0.0233658,28.12,40,2,0,1,1,ln32_s1.0_seed2_L3_mant_hi_b36_S36_t1,colored,2,1.0,5670.104,5639.246,5676.295,0.0040,0.0040,ok,39,e,0,1.000e-13
3.135171e+03,0.000000e+00,3.135171e+03,0.000000e+00,0.000000e+00,32,mant_hi,persistent,36,1.010e-16,7.105e-03,36,9.867e-09,4.013e+01,36,-1,1,D1+D2+D3,5.000e-04,36,3,0,36,403,ln32_s1.0_seed2,0.000e+00,0.000e+00,0,473,fast,53.2253,0.0233658,28.12,40,2,0,1,1,ln32_s1.0_seed2_L3_mant_hi_b36_S36_t2,colored,2,1.0,5638.337,5656.276,7909.403,0.0039,0.0039,ok,39,e,0,1.000e-13
7.030763e+10,2.280290e+09,2.850463e+11,0.000000e+00,0.000000e+00,32,exp,persistent,4,1.010e-16,7.687e-03,4,9.867e-09,1.143e+08,4,-1,1,D1+D2+D3,5.000e-04,54,3,0,4,997,ln32_s1.0_seed2,0.000e+00,0.000e+00,0,471,fast,53.2253,0.0233658,28.12,40,2,0,1,1,ln32_s1.0_seed2_L3_exp_b54_S4_t0,colored,2,1.0,5655.332,5675.278,6973.312,0.0013,0.0083,ok,5,e,0,1.000e-13
3.925952e+02,1.243151e+01,1.479941e+03,0.000000e+00,0.000000e+00,32,exp,persistent,4,1.010e-16,6.155e-03,4,9.867e-09,2.306e-01,4,-1,1,D1+D2+D3,5.000e-04,54,3,0,4,79,ln32_s1.0_seed2,0.000e+00,0.000e+00,0,471,fast,53.2253,0.0233658,28.12,40,2,0,1,1,ln32_s1.0_seed2_L3_exp_b54_S4_t1,colored,2,1.0,5684.253,5644.980,7096.048,0.0021,0.0156,ok,5,e,0,1.000e-13
2.124334e+04,6.687365e+02,7.990744e+04,0.000000e+00,0.000000e+00,32,exp,persistent,4,1.010e-16,7.110e-03,4,9.867e-09,1.026e+02,4,-1,1,D1+D2+D3,5.000e-04,54,3,0,4,403,ln32_s1.0_seed2,0.000e+00,0.000e+00,0,471,fast,53.2253,0.0233658,28.12,40,2,0,1,1,ln32_s1.0_seed2_L3_exp_b54_S4_t2,colored,2,1.0,5659.092,5646.954,6938.665,0.0023,0.0220,ok,5,e,0,1.000e-13
1.296341e+06,1.621051e+04,2.193548e+06,0.000000e+00,0.000000e+00,32,exp,persistent,20,1.010e-16,7.687e-03,20,9.867e-09,3.553e+03,20,-1,1,D1+D2+D3,5.000e-04,54,3,0,20,997,ln32_s1.0_seed2,0.000e+00,0.000e+00,0,472,fast,53.2253,0.0233658,28.12,40,2,0,1,1,ln32_s1.0_seed2_L3_exp_b54_S20_t0,colored,2,1.0,5643.037,5678.159,7538.411,0.0012,0.0068,ok,20,e,0,1.000e-13
2.088964e+04,2.490386e+02,3.083701e+04,0.000000e+00,0.000000e+00,32,exp,persistent,20,1.010e-16,6.155e-03,20,9.867e-09,3.727e+02,20,-1,1,D1+D2+D3,5.000e-04,54,3,0,20,79,ln32_s1.0_seed2,0.000e+00,0.000e+00,0,472,fast,53.2253,0.0233658,28.12,40,2,0,1,1,ln32_s1.0_seed2_L3_exp_b54_S20_t1,colored,2,1.0,5687.860,5628.322,7584.365,0.0014,0.0120,ok,20,e,0,1.000e-13
8.771430e+06,1.053752e+05,1.347573e+07,0.000000e+00,0.000000e+00,32,exp,persistent,20,1.010e-16,7.110e-03,20,9.867e-09,1.012e+05,20,-1,1,D1+D2+D3,5.000e-04,54,3,0,20,403,ln32_s1.0_seed2,0.000e+00,0.000e+00,0,472,fast,53.2253,0.0233658,28.12,40,2,0,1,1,ln32_s1.0_seed2_L3_exp_b54_S20_t2,colored,2,1.0,5624.916,5668.873,7589.988,0.0018,0.0150,ok,20,e,0,1.000e-13
5.823539e+09,0.000000e+00,5.823539e+09,0.000000e+00,0.000000e+00,32,exp,persistent,36,1.010e-16,7.428e-03,36,9.867e-09,1.010e+08,36,-1,1,D1+D2+D3,5.000e-04,54,3,0,36,997,ln32_s1.0_seed2,0.000e+00,0.000e+00,0,473,fast,53.2253,0.0233658,28.12,40,2,0,1,1,ln32_s1.0_seed2_L3_exp_b54_S36_t0,colored,2,1.0,5672.697,5625.192,7934.876,0.0020,0.0020,ok,39,e,0,1.000e-13
1.615692e+04,0.000000e+00,1.615692e+04,0.000000e+00,0.000000e+00,32,exp,persistent,36,1.010e-16,6.155e-03,36,9.867e-09,3.299e+01,36,-1,1,D1+D2+D3,5.000e-04,54,3,0,36,79,ln32_s1.0_seed2,0.000e+00,0.000e+00,0,473,fast,53.2253,0.0233658,28.12,40,2,0,1,1,ln32_s1.0_seed2_L3_exp_b54_S36_t1,colored,2,1.0,5697.098,5633.741,7925.466,0.0039,0.0039,ok,39,e,0,1.000e-13
1.079329e+05,0.000000e+00,1.079329e+05,0.000000e+00,0.000000e+00,32,exp,persistent,36,1.010e-16,7.104e-03,36,9.867e-09,1.140e+03,36,-1,1,D1+D2+D3,5.000e-04,54,3,0,36,403,ln32_s1.0_seed2,0.000e+00,0.000e+00,0,473,fast,53.2253,0.0233658,28.12,40,2,0,1,1,ln32_s1.0_seed2_L3_exp_b54_S36_t2,colored,2,1.0,5661.370,5662.148,7891.482,0.0038,0.0038,ok,39,e,0,1.000e-13
1.308088e+12,4.242528e+10,5.303346e+12,0.000000e+00,0.000000e+00,32,exp,persistent,4,1.010e-16,7.687e-03,4,9.867e-09,1.858e+09,4,-1,1,D1+D2+D3,5.000e-04,60,3,0,4,997,ln32_s1.0_seed2,0.000e+00,0.000e+00,0,471,fast,53.2253,0.0233658,28.12,40,2,0,1,1,ln32_s1.0_seed2_L3_exp_b60_S4_t0,colored,2,1.0,5630.468,5642.369,6982.503,0.0013,0.0083,ok,5,e,0,1.000e-13
3.849721e+02,1.219013e+01,1.451205e+03,0.000000e+00,0.000000e+00,32,exp,persistent,4,1.010e-16,6.155e-03,4,9.867e-09,3.762e-01,4,-1,1,D1+D2+D3,5.000e-04,60,3,0,4,79,ln32_s1.0_seed2,0.000e+00,0.000e+00,0,471,fast,53.2253,0.0233658,28.12,40,2,0,1,1,ln32_s1.0_seed2_L3_exp_b60_S4_t1,colored,2,1.0,5691.636,5632.873,7122.349,0.0020,0.0156,ok,5,e,0,1.000e-13
2.011037e+03,6.330689e+01,7.564528e+03,0.000000e+00,0.000000e+00,32,exp,persistent,4,1.010e-16,7.110e-03,4,9.867e-09,1.834e+01,4,-1,1,D1+D2+D3,5.000e-04,60,3,0,4,403,ln32_s1.0_seed2,0.000e+00,0.000e+00,0,471,fast,53.2253,0.0233658,28.12,40,2,0,1,1,ln32_s1.0_seed2_L3_exp_b60_S4_t2,colored,2,1.0,5630.211,5675.190,6967.570,0.0023,0.0220,ok,5,e,0,1.000e-13
2.108749e+06,2.636951e+04,3.568226e+06,0.000000e+00,0.000000e+00,32,exp,persistent,20,1.010e-16,7.687e-03,20,9.867e-09,8.088e+03,20,-1,1,D1+D2+D3,5.000e-04,60,3,0,20,997,ln32_s1.0_seed2,0.000e+00,0.000e+00,0,472,fast,53.2253,0.0233658,28.12,40,2,0,1,1,ln32_s1.0_seed2_L3_exp_b60_S20_t0,colored,2,1.0,5616.545,5643.873,7592.561,0.0012,0.0068,ok,20,e,0,1.000e-13
8.572887e+11,1.022035e+10,1.265559e+12,0.000000e+00,0.000000e+00,32,exp,persistent,20,1.010e-16,6.155e-03,20,9.867e-09,2.555e+09,20,-1,1,D1+D2+D3,5.000e-04,60,3,0,20,79,ln32_s1.0_seed2,0.000e+00,0.000e+00,0,472,fast,53.2253,0.0233658,28.12,40,2,0,1,1,ln32_s1.0_seed2_L3_exp_b60_S20_t1,colored,2,1.0,5653.666,5636.000,7507.343,0.0014,0.0121,ok,20,e,0,1.000e-13
1.469021e+06,1.764798e+04,2.256886e+06,0.000000e+00,0.000000e+00,32,exp,persistent,20,1.010e-16,7.110e-03,20,9.867e-09,2.102e+04,20,-1,1,D1+D2+D3,5.000e-04,60,3,0,20,403,ln32_s1.0_seed2,0.000e+00,0.000e+00,0,472,fast,53.2253,0.0233658,28.12,40,2,0,1,1,ln32_s1.0_seed2_L3_exp_b60_S20_t2,colored,2,1.0,5635.170,5662.003,7586.814,0.0018,0.0150,ok,20,e,0,1.000e-13
1.363205e+04,0.000000e+00,1.363205e+04,0.000000e+00,0.000000e+00,32,exp,persistent,36,1.010e-16,7.428e-03,36,9.867e-09,3.006e+00,36,-1,1,D1+D2+D3,5.000e-04,60,3,0,36,997,ln32_s1.0_seed2,0.000e+00,0.000e+00,0,473,fast,53.2253,0.0233658,28.12,40,2,0,1,1,ln32_s1.0_seed2_L3_exp_b60_S36_t0,colored,2,1.0,5624.925,5664.869,7926.437,0.0019,0.0019,ok,39,e,0,1.000e-13
7.567253e+11,0.000000e+00,7.567253e+11,0.000000e+00,0.000000e+00,32,exp,persistent,36,1.010e-16,6.155e-03,36,9.867e-09,2.060e+09,36,-1,1,D1+D2+D3,5.000e-04,60,3,0,36,79,ln32_s1.0_seed2,0.000e+00,0.000e+00,0,473,fast,53.2253,0.0233658,28.12,40,2,0,1,1,ln32_s1.0_seed2_L3_exp_b60_S36_t1,colored,2,1.0,5624.288,5666.777,7857.889,0.0039,0.0039,ok,39,e,0,1.000e-13
5.148701e+04,0.000000e+00,5.148701e+04,0.000000e+00,0.000000e+00,32,exp,persistent,36,1.010e-16,7.104e-03,36,9.867e-09,5.719e+02,36,-1,1,D1+D2+D3,5.000e-04,60,3,0,36,403,ln32_s1.0_seed2,0.000e+00,0.000e+00,0,473,fast,53.2253,0.0233658,28.12,40,2,0,1,1,ln32_s1.0_seed2_L3_exp_b60_S36_t2,colored,2,1.0,5690.523,5630.761,7928.874,0.0038,0.0038,ok,39,e,0,1.000e-13
8.149465e+09,2.643119e+08,3.304015e+10,0.000000e+00,0.000000e+00,32,sign,persistent,4,1.010e-16,7.687e-03,4,9.867e-09,1.196e+07,4,-1,1,D1+D2+D3,5.000e-04,63,3,0,4,997,ln32_s1.0_seed2,0.000e+00,0.000e+00,0,471,fast,53.2253,0.0233658,28.12,40,2,0,1,1,ln32_s1.0_seed2_L3_sign_b63_S4_t0,colored,2,1.0,5668.372,5663.212,6932.536,0.0013,0.0083,ok,5,e,0,1.000e-13
1.392883e+08,4.410548e+06,5.250631e+08,0.000000e+00,0.000000e+00,32,sign,persistent,4,1.010e-16,6.155e-03,4,9.867e-09,2.543e+06,4,-1,1,D1+D2+D3,5.000e-04,63,3,0,4,79,ln32_s1.0_seed2,0.000e+00,0.000e+00,0,471,fast,53.2253,0.0233658,28.12,40,2,0,1,1,ln32_s1.0_seed2_L3_sign_b63_S4_t1,colored,2,1.0,5661.296,5666.066,7044.142,0.0021,0.0157,ok,5,e,0,1.000e-13
1.602504e+04,5.044655e+02,6.027866e+04,0.000000e+00,0.000000e+00,32,sign,persistent,4,1.010e-16,7.110e-03,4,9.867e-09,3.757e+01,4,-1,1,D1+D2+D3,5.000e-04,63,3,0,4,403,ln32_s1.0_seed2,0.000e+00,0.000e+00,0,471,fast,53.2253,0.0233658,28.12,40,2,0,1,1,ln32_s1.0_seed2_L3_sign_b63_S4_t2,colored,2,1.0,5683.357,5654.869,6915.658,0.0023,0.0220,ok,5,e,0,1.000e-13
6.108854e+09,7.639005e+07,1.033683e+10,0.000000e+00,0.000000e+00,32,sign,persistent,20,1.010e-16,7.687e-03,20,9.867e-09,2.162e+07,20,-1,1,D1+D2+D3,5.000e-04,63,3,0,20,997,ln32_s1.0_seed2,0.000e+00,0.000e+00,0,472,fast,53.2253,0.0233658,28.12,40,2,0,1,1,ln32_s1.0_seed2_L3_sign_b63_S20_t0,colored,2,1.0,5645.229,5685.643,7561.108,0.0012,0.0068,ok,20,e,0,1.000e-13
8.797304e+13,1.048790e+12,1.298689e+14,0.000000e+00,0.000000e+00,32,sign,persistent,20,1.010e-16,6.155e-03,20,9.867e-09,2.343e+11,20,-1,1,D1+D2+D3,5.000e-04,63,3,0,20,79,ln32_s1.0_seed2,0.000e+00,0.000e+00,0,472,fast,53.2253,0.0233658,28.12,40,2,0,1,1,ln32_s1.0_seed2_L3_sign_b63_S20_t1,colored,2,1.0,5623.868,5649.319,7526.531,0.0014,0.0121,ok,20,e,0,1.000e-13
3.965062e+05,4.763339e+03,6.091486e+05,0.000000e+00,0.000000e+00,32,sign,persistent,20,1.010e-16,7.110e-03,20,9.867e-09,7.565e+03,20,-1,1,D1+D2+D3,5.000e-04,63,3,0,20,403,ln32_s1.0_seed2,0.000e+00,0.000e+00,0,472,fast,53.2253,0.0233658,28.12,40,2,0,1,1,ln32_s1.0_seed2_L3_sign_b63_S20_t2,colored,2,1.0,5643.468,5679.544,7528.379,0.0018,0.0150,ok,20,e,0,1.000e-13
1.864373e+05,0.000000e+00,1.864373e+05,0.000000e+00,0.000000e+00,32,sign,persistent,36,1.010e-16,7.428e-03,36,9.867e-09,6.863e+02,36,-1,1,D1+D2+D3,5.000e-04,63,3,0,36,997,ln32_s1.0_seed2,0.000e+00,0.000e+00,0,473,fast,53.2253,0.0233658,28.12,40,2,0,1,1,ln32_s1.0_seed2_L3_sign_b63_S36_t0,colored,2,1.0,5601.469,5655.521,7886.326,0.0019,0.0019,ok,39,e,0,1.000e-13
3.086784e+04,0.000000e+00,3.086784e+04,0.000000e+00,0.000000e+00,32,sign,persistent,36,1.010e-16,6.155e-03,36,9.867e-09,3.321e+01,36,-1,1,D1+D2+D3,5.000e-04,63,3,0,36,79,ln32_s1.0_seed2,0.000e+00,0.000e+00,0,473,fast,53.2253,0.0233658,28.12,40,2,0,1,1,ln32_s1.0_seed2_L3_sign_b63_S36_t1,colored,2,1.0,5665.770,5678.682,7879.556,0.0039,0.0039,ok,39,e,0,1.000e-13
1.245923e+04,0.000000e+00,1.245923e+04,0.000000e+00,0.000000e+00,32,sign,persistent,36,1.010e-16,7.104e-03,36,9.867e-09,1.438e+02,36,-1,1,D1+D2+D3,5.000e-04,63,3,0,36,403,ln32_s1.0_seed2,0.000e+00,0.000e+00,0,473,fast,53.2253,0.0233658,28.12,40,2,0,1,1,ln32_s1.0_seed2_L3_sign_b63_S36_t2,colored,2,1.0,5654.035,5649.375,7937.061,0.0038,0.0038,ok,39,e,0,1.000e-13
8.149465e+09,2.643119e+08,3.304015e+10,0.000000e+00,0.000000e+00,32,sign,persistent,4,1.010e-16,7.687e-03,4,9.867e-09,1.196e+07,4,-1,1,D1+D2+D3,5.000e-04,63,3,0,4,997,ln32_s1.0_seed2,0.000e+00,0.000e+00,0,471,fast,53.2253,0.0233658,28.12,40,2,0,1,1,ln32_s1.0_seed2_L3_sign_b63_S4_t0,colored,2,1.0,5639.019,5643.815,6919.539,0.0013,0.0083,ok,5,e,0,1.000e-13
1.392883e+08,4.410548e+06,5.250631e+08,0.000000e+00,0.000000e+00,32,sign,persistent,4,1.010e-16,6.155e-03,4,9.867e-09,2.543e+06,4,-1,1,D1+D2+D3,5.000e-04,63,3,0,4,79,ln32_s1.0_seed2,0.000e+00,0.000e+00,0,471,fast,53.2253,0.0233658,28.12,40,2,0,1,1,ln32_s1.0_seed2_L3_sign_b63_S4_t1,colored,2,1.0,5692.154,5638.041,7073.166,0.0021,0.0157,ok,5,e,0,1.000e-13
1.602504e+04,5.044655e+02,6.027866e+04,0.000000e+00,0.000000e+00,32,sign,persistent,4,1.010e-16,7.110e-03,4,9.867e-09,3.757e+01,4,-1,1,D1+D2+D3,5.000e-04,63,3,0,4,403,ln32_s1.0_seed2,0.000e+00,0.000e+00,0,471,fast,53.2253,0.0233658,28.12,40,2,0,1,1,ln32_s1.0_seed2_L3_sign_b63_S4_t2,colored,2,1.0,5634.880,5689.883,6930.247,0.0023,0.0220,ok,5,e,0,1.000e-13
6.108854e+09,7.639005e+07,1.033683e+10,0.000000e+00,0.000000e+00,32,sign,persistent,20,1.010e-16,7.687e-03,20,9.867e-09,2.162e+07,20,-1,1,D1+D2+D3,5.000e-04,63,3,0,20,997,ln32_s1.0_seed2,0.000e+00,0.000e+00,0,472,fast,53.2253,0.0233658,28.12,40,2,0,1,1,ln32_s1.0_seed2_L3_sign_b63_S20_t0,colored,2,1.0,5672.414,5654.005,7564.821,0.0012,0.0068,ok,20,e,0,1.000e-13
8.797304e+13,1.048790e+12,1.298689e+14,0.000000e+00,0.000000e+00,32,sign,persistent,20,1.010e-16,6.155e-03,20,9.867e-09,2.343e+11,20,-1,1,D1+D2+D3,5.000e-04,63,3,0,20,79,ln32_s1.0_seed2,0.000e+00,0.000e+00,0,472,fast,53.2253,0.0233658,28.12,40,2,0,1,1,ln32_s1.0_seed2_L3_sign_b63_S20_t1,colored,2,1.0,5680.424,5618.241,7520.163,0.0014,0.0121,ok,20,e,0,1.000e-13
3.965062e+05,4.763339e+03,6.091486e+05,0.000000e+00,0.000000e+00,32,sign,persistent,20,1.010e-16,7.110e-03,20,9.867e-09,7.565e+03,20,-1,1,D1+D2+D3,5.000e-04,63,3,0,20,403,ln32_s1.0_seed2,0.000e+00,0.000e+00,0,472,fast,53.2253,0.0233658,28.12,40,2,0,1,1,ln32_s1.0_seed2_L3_sign_b63_S20_t2,colored,2,1.0,5654.394,5665.694,7519.908,0.0018,0.0150,ok,20,e,0,1.000e-13
1.864373e+05,0.000000e+00,1.864373e+05,0.000000e+00,0.000000e+00,32,sign,persistent,36,1.010e-16,7.428e-03,36,9.867e-09,6.863e+02,36,-1,1,D1+D2+D3,5.000e-04,63,3,0,36,997,ln32_s1.0_seed2,0.000e+00,0.000e+00,0,473,fast,53.2253,0.0233658,28.12,40,2,0,1,1,ln32_s1.0_seed2_L3_sign_b63_S36_t0,colored,2,1.0,5681.820,5648.426,7912.951,0.0019,0.0019,ok,39,e,0,1.000e-13
3.086784e+04,0.000000e+00,3.086784e+04,0.000000e+00,0.000000e+00,32,sign,persistent,36,1.010e-16,6.155e-03,36,9.867e-09,3.321e+01,36,-1,1,D1+D2+D3,5.000e-04,63,3,0,36,79,ln32_s1.0_seed2,0.000e+00,0.000e+00,0,473,fast,53.2253,0.0233658,28.12,40,2,0,1,1,ln32_s1.0_seed2_L3_sign_b63_S36_t1,colored,2,1.0,5686.993,5643.672,7928.300,0.0039,0.0039,ok,39,e,0,1.000e-13
1.245923e+04,0.000000e+00,1.245923e+04,0.000000e+00,0.000000e+00,32,sign,persistent,36,1.010e-16,7.104e-03,36,9.867e-09,1.438e+02,36,-1,1,D1+D2+D3,5.000e-04,63,3,0,36,403,ln32_s1.0_seed2,0.000e+00,0.000e+00,0,473,fast,53.2253,0.0233658,28.12,40,2,0,1,1,ln32_s1.0_seed2_L3_sign_b63_S36_t2,colored,2,1.0,5614.435,5677.153,7935.471,0.0038,0.0038,ok,39,e,0,1.000e-13
2.486071e-12,4.700440e-14,3.928102e-12,0.000000e+00,0.000000e+00,32,mant_lo,persistent,-1,1.902e-16,1.986e-16,-1,9.918e-09,9.918e-09,-1,-1,1,none,5.000e-04,4,1,0,4,22149,ln32_s2.0_seed1,0.000e+00,0.000e+00,0,0,fast,767.784,0.000278331,70.42,40,1,0,1,1,ln32_s2.0_seed1_L1_mant_lo_b4_S4_t0,colored,1,2.0,4390.055,4958.835,7361.517,0.0171,0.0576,ok,5,e,0,1.000e-13
1.083984e-11,2.764123e-13,2.462729e-11,0.000000e+00,0.000000e+00,32,mant_lo,persistent,-1,1.902e-16,1.462e-16,-1,9.918e-09,9.918e-09,-1,-1,1,none,5.000e-04,4,1,0,4,21309,ln32_s2.0_seed1,0.000e+00,0.000e+00,0,0,fast,767.784,0.000278331,70.42,40,1,0,1,1,ln32_s2.0_seed1_L1_mant_lo_b4_S4_t1,colored,1,2.0,4748.608,5373.455,7643.240,0.0400,0.0653,ok,15,e,0,1.000e-13
8.488581e-12,1.850241e-13,1.927462e-11,0.000000e+00,0.000000e+00,32,mant_lo,persistent,-1,1.902e-16,1.103e-16,-1,9.918e-09,9.918e-09,-1,-1,1,none,5.000e-04,4,1,0,4,29103,ln32_s2.0_seed1,0.000e+00,0.000e+00,0,0,fast,767.784,0.000278331,70.42,40,1,0,1,1,ln32_s2.0_seed1_L1_mant_lo_b4_S4_t2,colored,1,2.0,4484.245,4990.902,7540.945,0.0299,0.0649,ok,10,e,0,1.000e-13
8.660797e-14,1.754597e-15,3.567343e-13,0.000000e+00,0.000000e+00,32,mant_lo,transient,-1,1.902e-16,1.462e-16,-1,9.918e-09,9.918e-09,-1,-1,1,none,5.000e-04,4,1,0,20,22149,ln32_s2.0_seed1,0.000e+00,0.000e+00,0,0,fast,767.784,0.000278331,70.42,40,1,0,1,1,ln32_s2.0_seed1_L1_mant_lo_b4_S20_t0,colored,1,2.0,4415.748,5168.494,7697.795,0.0386,0.0829,ok,35,e,0,1.000e-13
6.135808e-14,1.448137e-15,2.537250e-13,0.000000e+00,0.000000e+00,32,mant_lo,transient,-1,1.902e-16,1.669e-16,-1,9.918e-09,9.918e-09,-1,-1,1,none,5.000e-04,4,1,0,20,21309,ln32_s2.0_seed1,0.000e+00,0.000e+00,0,0,fast,767.784,0.000278331,70.42,40,1,0,1,1,ln32_s2.0_seed1_L1_mant_lo_b4_S20_t1,colored,1,2.0,4461.495,4997.968,7352.199,0.0205,0.0930,ok,25,e,0,1.000e-13
9.869016e-14,1.545821e-15,3.123488e-13,0.000000e+00,0.000000e+00,32,mant_lo,transient,-1,1.902e-16,1.575e-16,-1,9.918e-09,9.918e-09,-1,-1,1,none,5.000e-04,4,1,0,20,29103,ln32_s2.0_seed1,0.000e+00,0.000e+00,0,0,fast,767.784,0.000278331,70.42,40,1,0,1,1,ln32_s2.0_seed1_L1_mant_lo_b4_S20_t2,colored,1,2.0,4444.802,5391.040,7536.723,0.0427,0.0402,ok,30,e,0,1.000e-13
1.010588e-13,0.000000e+00,1.010588e-13,0.000000e+00,0.000000e+00,32,mant_lo,persistent,-1,1.902e-16,1.902e-16,-1,9.918e-09,9.918e-09,-1,-1,1,none,5.000e-04,4,1,0,36,22149,ln32_s2.0_seed1,0.000e+00,0.000e+00,0,0,fast,767.784,0.000278331,70.42,40,1,0,1,1,ln32_s2.0_seed1_L1_mant_lo_b4_S36_t0,colored,1,2.0,4596.332,5028.179,7739.876,0.0331,0.0331,ok,39,e,0,1.000e-13
3.921384e-15,0.000000e+00,3.921384e-15,0.000000e+00,0.000000e+00,32,mant_lo,benign,-1,1.902e-16,1.902e-16,-1,9.918e-09,9.918e-09,-1,-1,1,none,5.000e-04,4,1,0,36,21309,ln32_s2.0_seed1,0.000e+00,0.000e+00,0,0,fast,767.784,0.000278331,70.42,40,1,0,1,1,ln32_s2.0_seed1_L1_mant_lo_b4_S36_t1,colored,1,2.0,4584.067,5251.705,7513.278,0.2871,0.2871,ok,39,e,0,1.000e-13
2.013101e-15,0.000000e+00,2.013101e-15,0.000000e+00,0.000000e+00,32,mant_lo,benign,-1,1.902e-16,1.902e-16,-1,9.918e-09,9.918e-09,-1,-1,1,none,5.000e-04,4,1,0,36,29103,ln32_s2.0_seed1,0.000e+00,0.000e+00,0,0,fast,767.784,0.000278331,70.42,40,1,0,1,1,ln32_s2.0_seed1_L1_mant_lo_b4_S36_t2,colored,1,2.0,4480.722,5866.752,7926.041,0.3531,0.3531,ok,39,e,0,1.000e-13
9.122668e-12,1.539887e-13,1.378731e-11,0.000000e+00,0.000000e+00,32,mant_lo,persistent,-1,1.902e-16,1.060e-16,-1,9.918e-09,9.918e-09,-1,-1,1,none,5.000e-04,11,1,0,4,22149,ln32_s2.0_seed1,0.000e+00,0.000e+00,0,0,fast,767.784,0.000278331,70.42,40,1,0,1,1,ln32_s2.0_seed1_L1_mant_lo_b11_S4_t0,colored,1,2.0,4455.948,4894.657,7056.129,0.0441,0.0637,ok,20,e,0,1.000e-13
2.935823e-12,8.053973e-14,8.482023e-12,0.000000e+00,0.000000e+00,32,mant_lo,persistent,-1,1.902e-16,1.360e-16,-1,9.918e-09,9.918e-09,-1,-1,1,none,5.000e-04,11,1,0,4,21309,ln32_s2.0_seed1,0.000e+00,0.000e+00,0,0,fast,767.784,0.000278331,70.42,40,1,0,1,1,ln32_s2.0_seed1_L1_mant_lo_b11_S4_t1,colored,1,2.0,4414.893,5062.648,7726.363,0.0272,0.0644,ok,10,e,0,1.000e-13
4.818650e-12,1.183612e-13,9.109228e-12,0.000000e+00,0.000000e+00,32,mant_lo,persistent,-1,1.902e-16,2.086e-16,-1,9.918e-09,9.918e-09,-1,-1,1,none,5.000e-04,11,1,0,4,29103,ln32_s2.0_seed1,0.000e+00,0.000e+00,0,0,fast,767.784,0.000278331,70.42,40,1,0,1,1,ln32_s2.0_seed1_L1_mant_lo_b11_S4_t2,colored,1,2.0,4418.164,4935.968,7019.154,0.0356,0.0652,ok,10,e,0,1.000e-13
7.001129e-13,5.993649e-15,9.399429e-13,0.000000e+00,0.000000e+00,32,mant_lo,persistent,-1,1.902e-16,1.831e-16,-1,9.918e-09,9.918e-09,-1,-1,1,none,5.000e-04,11,1,0,20,22149,ln32_s2.0_seed1,0.000e+00,0.000e+00,0,0,fast,767.784,0.000278331,70.42,40,1,0,1,1,ln32_s2.0_seed1_L1_mant_lo_b11_S20_t0,colored,1,2.0,4342.487,5609.550,7734.537,0.0365,0.0552,ok,30,e,0,1.000e-13
2.474509e-12,2.284872e-14,2.940013e-12,0.000000e+00,0.000000e+00,32,mant_lo,persistent,-1,1.902e-16,1.462e-16,-1,9.918e-09,9.918e-09,-1,-1,1,none,5.000e-04,11,1,0,20,21309,ln32_s2.0_seed1,0.000e+00,0.000e+00,0,0,fast,767.784,0.000278331,70.42,40,1,0,1,1,ln32_s2.0_seed1_L1_mant_lo_b11_S20_t1,colored,1,2.0,4490.083,5192.818,7477.822,0.0339,0.0578,ok,25,e,0,1.000e-13
2.176449e-13,4.292364e-15,6.100578e-13,0.000000e+00,0.000000e+00,32,mant_lo,persistent,-1,1.902e-16,1.559e-16,-1,9.918e-09,9.918e-09,-1,-1,1,none,5.000e-04,11,1,0,20,29103,ln32_s2.0_seed1,0.000e+00,0.000e+00,0,0,fast,767.784,0.000278331,70.42,40,1,0,1,1,ln32_s2.0_seed1_L1_mant_lo_b11_S20_t2,colored,1,2.0,4415.508,5216.232,7781.035,0.0361,0.0645,ok,35,e,0,1.000e-13
2.025978e-13,0.000000e+00,2.025978e-13,0.000000e+00,0.000000e+00,32,mant_lo,persistent,-1,1.902e-16,1.902e-16,-1,9.918e-09,9.918e-09,-1,-1,1,none,5.000e-04,11,1,0,36,22149,ln32_s2.0_seed1,0.000e+00,0.000e+00,0,0,fast,767.784,0.000278331,70.42,40,1,0,1,1,ln32_s2.0_seed1_L1_mant_lo_b11_S36_t0,colored,1,2.0,4454.966,5087.343,7610.797,0.0342,0.0342,ok,39,e,0,1.000e-13
1.588547e-13,0.000000e+00,1.588547e-13,0.000000e+00,0.000000e+00,32,mant_lo,persistent,-1,1.902e-16,1.902e-16,-1,9.918e-09,9.918e-09,-1,-1,1,none,5.000e-04,11,1,0,36,21309,ln32_s2.0_seed1,0.000e+00,0.000e+00,0,0,fast,767.784,0.000278331,70.42,40,1,0,1,1,ln32_s2.0_seed1_L1_mant_lo_b11_S36_t1,colored,1,2.0,4620.171,5279.205,7517.122,0.0314,0.0314,ok,39,e,0,1.000e-13
2.177510e-13,0.000000e+00,2.177510e-13,0.000000e+00,0.000000e+00,32,mant_lo,persistent,-1,1.902e-16,1.902e-16,-1,9.918e-09,9.918e-09,-1,-1,1,none,5.000e-04,11,1,0,36,29103,ln32_s2.0_seed1,0.000e+00,0.000e+00,0,0,fast,767.784,0.000278331,70.42,40,1,0,1,1,ln32_s2.0_seed1_L1_mant_lo_b11_S36_t2,colored,1,2.0,4384.885,4883.810,7733.506,0.0321,0.0321,ok,39,e,0,1.000e-13
1.456447e-07,1.534178e-08,3.663944e-06,0.000000e+00,0.000000e+00,32,mant_hi,persistent,-1,1.902e-16,1.799e-16,-1,9.918e-09,9.918e-09,-1,-1,1,none,5.000e-04,50,1,0,4,22149,ln32_s2.0_seed1,0.000e+00,0.000e+00,0,0,fast,767.784,0.000278331,70.42,40,1,0,1,1,ln32_s2.0_seed1_L1_mant_hi_b50_S4_t0,colored,1,2.0,4491.351,4858.326,7278.133,0.0250,0.6128,ok,5,e,0,1.000e-13
9.108943e-07,4.344368e-07,1.299865e-04,0.000000e+00,0.000000e+00,32,mant_hi,persistent,-1,1.902e-16,1.591e-16,-1,9.918e-09,9.918e-09,-1,-1,1,none,5.000e-04,50,1,0,4,21309,ln32_s2.0_seed1,0.000e+00,0.000e+00,0,0,fast,767.784,0.000278331,70.42,40,1,0,1,1,ln32_s2.0_seed1_L1_mant_hi_b50_S4_t1,colored,1,2.0,4537.735,5081.688,7391.989,0.0025,0.5186,ok,5,e,0,1.000e-13
9.071529e-10,5.467381e-10,1.670004e-07,0.000000e+00,0.000000e+00,32,mant_hi,persistent,-1,1.902e-16,1.177e-16,-1,9.918e-09,9.918e-09,-1,-1,1,none,5.000e-04,50,1,0,4,29103,ln32_s2.0_seed1,0.000e+00,0.000e+00,0,0,fast,767.784,0.000278331,70.42,40,1,0,1,1,ln32_s2.0_seed1_L1_mant_hi_b50_S4_t2,colored,1,2.0,4768.207,5376.452,7613.006,0.0368,0.6558,ok,5,e,0,1.000e-13
3.887929e-06,1.832076e-07,5.310595e-05,0.000000e+00,0.000000e+00,32,mant_hi,persistent,-1,1.902e-16,1.742e-16,-1,9.918e-09,9.918e-09,-1,-1,1,none,5.000e-04,50,1,0,20,22149,ln32_s2.0_seed1,0.000e+00,0.000e+00,0,0,fast,767.784,0.000278331,70.42,40,1,0,1,1,ln32_s2.0_seed1_L1_mant_hi_b50_S20_t0,colored,1,2.0,4598.986,5343.577,7454.321,0.0108,0.4571,ok,20,e,0,1.000e-13
2.176056e-05,2.316550e-06,7.016372e-04,0.000000e+00,0.000000e+00,32,mant_hi,persistent,-1,1.902e-16,2.034e-16,-1,9.918e-09,9.918e-09,-1,-1,1,none,5.000e-04,50,1,0,20,21309,ln32_s2.0_seed1,0.000e+00,0.000e+00,0,0,fast,767.784,0.000278331,70.42,40,1,0,1,1,ln32_s2.0_seed1_L1_mant_hi_b50_S20_t1,colored,1,2.0,4377.044,5524.338,7984.003,0.0012,0.2927,ok,20,e,0,1.000e-13
1.932374e-07,2.864260e-08,9.297799e-06,0.000000e+00,0.000000e+00,32,mant_hi,persistent,-1,1.902e-16,1.462e-16,-1,9.918e-09,9.918e-09,-1,-1,1,none,5.000e-04,50,1,0,20,29103,ln32_s2.0_seed1,0.000e+00,0.000e+00,0,0,fast,767.784,0.000278331,70.42,40,1,0,1,1,ln32_s2.0_seed1_L1_mant_hi_b50_S20_t2,colored,1,2.0,4426.537,5045.147,7398.312,0.0217,0.4578,ok,20,e,0,1.000e-13
2.171078e-05,0.000000e+00,2.171078e-05,0.000000e+00,0.000000e+00,32,mant_hi,persistent,-1,1.902e-16,1.902e-16,-1,9.918e-09,9.918e-09,-1,-1,1,none,5.000e-04,50,1,0,36,22149,ln32_s2.0_seed1,0.000e+00,0.000e+00,0,0,fast,767.784,0.000278331,70.42,40,1,0,1,1,ln32_s2.0_seed1_L1_mant_hi_b50_S36_t0,colored,1,2.0,4554.518,5177.161,7419.563,0.0662,0.0662,ok,39,e,0,1.000e-13
3.617368e-04,0.000000e+00,3.617368e-04,0.000000e+00,0.000000e+00,32,mant_hi,persistent,-1,1.902e-16,1.902e-16,-1,9.918e-09,9.918e-09,-1,-1,1,none,5.000e-04,50,1,0,36,21309,ln32_s2.0_seed1,0.000e+00,0.000e+00,0,0,fast,767.784,0.000278331,70.42,40,1,0,1,1,ln32_s2.0_seed1_L1_mant_hi_b50_S36_t1,colored,1,2.0,4763.038,5761.813,7657.022,0.0113,0.0113,ok,39,e,0,1.000e-13
3.493225e-06,0.000000e+00,3.493225e-06,0.000000e+00,0.000000e+00,32,mant_hi,persistent,-1,1.902e-16,1.902e-16,-1,9.918e-09,9.918e-09,-1,-1,1,none,5.000e-04,50,1,0,36,29103,ln32_s2.0_seed1,0.000e+00,0.000e+00,0,0,fast,767.784,0.000278331,70.42,40,1,0,1,1,ln32_s2.0_seed1_L1_mant_hi_b50_S36_t2,colored,1,2.0,4468.678,4983.019,7209.741,0.0734,0.0734,ok,39,e,0,1.000e-13
1.615744e-12,6.736526e-14,8.464720e-12,0.000000e+00,0.000000e+00,32,mant_hi,persistent,-1,1.902e-16,1.942e-16,-1,9.918e-09,9.918e-09,-1,-1,1,none,5.000e-04,31,1,0,4,22149,ln32_s2.0_seed1,0.000e+00,0.000e+00,0,0,fast,767.784,0.000278331,70.42,40,1,0,1,1,ln32_s2.0_seed1_L1_mant_hi_b31_S4_t0,colored,1,2.0,4515.705,5115.803,7858.634,0.0862,0.2113,ok,15,e,0,1.000e-13
3.376553e-12,8.524524e-13,2.479910e-10,0.000000e+00,0.000000e+00,32,mant_hi,persistent,-1,1.902e-16,1.043e-16,-1,9.918e-09,9.918e-09,-1,-1,1,none,5.000e-04,31,1,0,4,21309,ln32_s2.0_seed1,0.000e+00,0.000e+00,0,0,fast,767.784,0.000278331,70.42,40,1,0,1,1,ln32_s2.0_seed1_L1_mant_hi_b31_S4_t1,colored,1,2.0,4406.091,4952.310,7304.723,0.0056,0.5262,ok,5,e,0,1.000e-13
8.495705e-13,4.655764e-14,7.458807e-12,0.000000e+00,0.000000e+00,32,mant_hi,persistent,-1,1.902e-16,2.143e-16,-1,9.918e-09,9.918e-09,-1,-1,1,none,5.000e-04,31,1,0,4,29103,ln32_s2.0_seed1,0.000e+00,0.000e+00,0,0,fast,767.784,0.000278331,70.42,40,1,0,1,1,ln32_s2.0_seed1_L1_mant_hi_b31_S4_t2,colored,1,2.0,4568.527,5258.760,7457.527,0.0381,0.0636,ok,5,e,0,1.000e-13
7.520427e-12,3.500862e-13,1.012920e-10,0.000000e+00,0.000000e+00,32,mant_hi,persistent,-1,1.902e-16,2.086e-16,-1,9.918e-09,9.918e-09,-1,-1,1,none,5.000e-04,31,1,0,20,22149,ln32_s2.0_seed1,0.000e+00,0.000e+00,0,0,fast,767.784,0.000278331,70.42,40,1,0,1,1,ln32_s2.0_seed1_L1_mant_hi_b31_S20_t0,colored,1,2.0,4613.042,5192.778,7557.269,0.0108,0.4625,ok,20,e,0,1.000e-13
4.151868e-11,4.418507e-12,1.338267e-09,0.000000e+00,0.000000e+00,32,mant_hi,persistent,-1,1.902e-16,1.575e-16,-1,9.918e-09,9.918e-09,-1,-1,1,none,5.000e-04,31,1,0,20,21309,ln32_s2.0_seed1,0.000e+00,0.000e+00,0,0,fast,767.784,0.000278331,70.42,40,1,0,1,1,ln32_s2.0_seed1_L1_mant_hi_b31_S20_t1,colored,1,2.0,4696.059,5640.308,7802.542,0.0012,0.2970,ok,20,e,0,1.000e-13
1.017140e-12,5.718122e-14,1.774175e-11,0.000000e+00,0.000000e+00,32,mant_hi,persistent,-1,1.902e-16,1.575e-16,-1,9.918e-09,9.918e-09,-1,-1,1,none,5.000e-04,31,1,0,20,29103,ln32_s2.0_seed1,0.000e+00,0.000e+00,0,0,fast,767.784,0.000278331,70.42,40,1,0,1,1,ln32_s2.0_seed1_L1_mant_hi_b31_S20_t2,colored,1,2.0,4463.651,5297.005,7528.757,0.0270,0.3719,ok,20,e,0,1.000e-13
4.141023e-11,0.000000e+00,4.141023e-11,0.000000e+00,0.000000e+00,32,mant_hi,persistent,-1,1.902e-16,1.902e-16,-1,9.918e-09,9.918e-09,-1,-1,1,none,5.000e-04,31,1,0,36,22149,ln32_s2.0_seed1,0.000e+00,0.000e+00,0,0,fast,767.784,0.000278331,70.42,40,1,0,1,1,ln32_s2.0_seed1_L1_mant_hi_b31_S36_t0,colored,1,2.0,4437.828,5207.910,7840.254,0.0662,0.0662,ok,39,e,0,1.000e-13
6.899583e-10,0.000000e+00,6.899583e-10,0.000000e+00,0.000000e+00,32,mant_hi,persistent,-1,1.902e-16,1.902e-16,-1,9.918e-09,9.918e-09,-1,-1,1,none,5.000e-04,31,1,0,36,21309,ln32_s2.0_seed1,0.000e+00,0.000e+00,0,0,fast,767.784,0.000278331,70.42,40,1,0,1,1,ln32_s2.0_seed1_L1_mant_hi_b31_S36_t1,colored,1,2.0,4542.439,5257.437,7596.785,0.0113,0.0113,ok,39,e,0,1.000e-13
6.665077e-12,0.000000e+00,6.665077e-12,0.000000e+00,0.000000e+00,32,mant_hi,persistent,-1,1.902e-16,1.902e-16,-1,9.918e-09,9.918e-09,-1,-1,1,none,5.000e-04,31,1,0,36,29103,ln32_s2.0_seed1,0.000e+00,0.000e+00,0,0,fast,767.784,0.000278331,70.42,40,1,0,1,1,ln32_s2.0_seed1_L1_mant_hi_b31_S36_t2,colored,1,2.0,4542.335,5335.551,7552.851,0.0789,0.0789,ok,39,e,0,1.000e-13
1.026154e-06,1.080921e-07,2.581469e-05,0.000000e+00,0.000000e+00,32,exp,persistent,-1,1.902e-16,2.034e-16,-1,9.918e-09,9.918e-09,-1,-1,1,none,5.000e-04,56,1,0,4,22149,ln32_s2.0_seed1,0.000e+00,0.000e+00,0,0,fast,767.784,0.000278331,70.42,40,1,0,1,1,ln32_s2.0_seed1_L1_exp_b56_S4_t0,colored,1,2.0,4699.738,5161.175,7424.332,0.0250,0.6128,ok,5,e,0,1.000e-13
6.068754e-06,2.894397e-06,8.660236e-04,0.000000e+00,0.000000e+00,32,exp,persistent,-1,1.902e-16,1.669e-16,-1,9.918e-09,9.918e-09,-1,-1,1,none,5.000e-04,56,1,0,4,21309,ln32_s2.0_seed1,0.000e+00,0.000e+00,0,0,fast,767.784,0.000278331,70.42,40,1,0,1,1,ln32_s2.0_seed1_L1_exp_b56_S4_t1,colored,1,2.0,4648.888,5160.820,7247.314,0.0025,0.5186,ok,5,e,0,1.000e-13
4.250991e-09,2.562048e-09,7.825741e-07,0.000000e+00,0.000000e+00,32,exp,persistent,-1,1.902e-16,1.324e-16,-1,9.918e-09,9.918e-09,-1,-1,1,none,5.000e-04,56,1,0,4,29103,ln32_s2.0_seed1,0.000e+00,0.000e+00,0,0,fast,767.784,0.000278331,70.42,40,1,0,1,1,ln32_s2.0_seed1_L1_exp_b56_S4_t2,colored,1,2.0,4771.217,5311.975,7487.884,0.0368,0.6554,ok,5,e,0,1.000e-13
2.431503e-05,1.145777e-06,3.321236e-04,0.000000e+00,0.000000e+00,32,exp,persistent,-1,1.902e-16,1.648e-16,-1,9.918e-09,9.918e-09,-1,-1,1,none,5.000e-04,56,1,0,20,22149,ln32_s2.0_seed1,0.000e+00,0.000e+00,0,0,fast,767.784,0.000278331,70.42,40,1,0,1,1,ln32_s2.0_seed1_L1_exp_b56_S20_t0,colored,1,2.0,4555.907,5425.487,7563.360,0.0108,0.4571,ok,20,e,0,1.000e-13
1.525911e-04,1.624428e-05,4.920073e-03,0.000000e+00,0.000000e+00,32,exp,persistent,-1,1.902e-16,1.943e-16,-1,9.918e-09,9.918e-09,-1,-1,1,none,5.000e-04,56,1,0,20,21309,ln32_s2.0_seed1,0.000e+00,0.000e+00,0,0,fast,767.784,0.000278331,70.42,40,1,0,1,1,ln32_s2.0_seed1_L1_exp_b56_S20_t1,colored,1,2.0,4724.378,5167.138,7387.253,0.0012,0.2927,ok,20,e,0,1.000e-13
8.802084e-07,1.304689e-07,4.235206e-05,0.000000e+00,0.000000e+00,32,exp,persistent,-1,1.902e-16,1.462e-16,-1,9.918e-09,9.918e-09,-1,-1,1,none,5.000e-04,56,1,0,20,29103,ln32_s2.0_seed1,0.000e+00,0.000e+00,0,0,fast,767.784,0.000278331,70.42,40,1,0,1,1,ln32_s2.0_seed1_L1_exp_b56_S20_t2,colored,1,2.0,4604.380,5273.952,7471.568,0.0217,0.4578,ok,20,e,0,1.000e-13
1.425588e-04,0.000000e+00,1.425588e-04,0.000000e+00,0.000000e+00,32,exp,persistent,-1,1.902e-16,1.902e-16,-1,9.918e-09,9.918e-09,-1,-1,1,none,5.000e-04,56,1,0,36,22149,ln32_s2.0_seed1,0.000e+00,0.000e+00,0,0,fast,767.784,0.000278331,70.42,40,1,0,1,1,ln32_s2.0_seed1_L1_exp_b56_S36_t0,colored,1,2.0,4533.573,6024.944,8022.439,0.0662,0.0662,ok,39,e,0,1.000e-13
2.075258e-03,0.000000e+00,2.075258e-03,0.000000e+00,0.000000e+00,32,exp,persistent,-1,1.902e-16,1.902e-16,-1,9.918e-09,9.918e-09,-1,-1,1,none,5.000e-04,56,1,0,36,21309,ln32_s2.0_seed1,0.000e+00,0.000e+00,0,0,fast,767.784,0.000278331,70.42,40,1,0,1,1,ln32_s2.0_seed1_L1_exp_b56_S36_t1,colored,1,2.0,4633.261,5171.850,7570.596,0.0113,0.0113,ok,39,e,0,1.000e-13
1.840819e-05,0.000000e+00,1.840819e-05,0.000000e+00,0.000000e+00,32,exp,persistent,-1,1.902e-16,1.902e-16,-1,9.918e-09,9.918e-09,-1,-1,1,none,5.000e-04,56,1,0,36,29103,ln32_s2.0_seed1,0.000e+00,0.000e+00,0,0,fast,767.784,0.000278331,70.42,40,1,0,1,1,ln32_s2.0_seed1_L1_exp_b56_S36_t2,colored,1,2.0,4504.213,5087.838,7373.805,0.0734,0.0734,ok,39,e,0,1.000e-13
1.026170e-06,1.080937e-07,2.581509e-05,0.000000e+00,0.000000e+00,32,exp,persistent,-1,1.902e-16,1.071e-16,-1,9.918e-09,9.918e-09,-1,-1,1,none,5.000e-04,59,1,0,4,22149,ln32_s2.0_seed1,0.000e+00,0.000e+00,0,0,fast,767.784,0.000278331,70.42,40,1,0,1,1,ln32_s2.0_seed1_L1_exp_b59_S4_t0,colored,1,2.0,4371.571,5249.163,7636.165,0.0250,0.6128,ok,5,e,0,1.000e-13
6.068847e-06,2.894441e-06,8.660368e-04,0.000000e+00,0.000000e+00,32,exp,persistent,-1,1.902e-16,1.017e-16,-1,9.918e-09,9.918e-09,-1,-1,1,none,5.000e-04,59,1,0,4,21309,ln32_s2.0_seed1,0.000e+00,0.000e+00,0,0,fast,767.784,0.000278331,70.42,40,1,0,1,1,ln32_s2.0_seed1_L1_exp_b59_S4_t1,colored,1,2.0,4595.060,5198.806,7462.782,0.0025,0.5186,ok,5,e,0,1.000e-13
4.251052e-09,2.562087e-09,7.825861e-07,0.000000e+00,0.000000e+00,32,exp,persistent,-1,1.902e-16,1.669e-16,-1,9.918e-09,9.918e-09,-1,-1,1,none,5.000e-04,59,1,0,4,29103,ln32_s2.0_seed1,0.000e+00,0.000e+00,0,0,fast,767.784,0.000278331,70.42,40,1,0,1,1,ln32_s2.0_seed1_L1_exp_b59_S4_t2,colored,1,2.0,4650.206,5680.252,7801.021,0.0368,0.6550,ok,5,e,0,1.000e-13
2.431540e-05,1.145794e-06,3.321287e-04,0.000000e+00,0.000000e+00,32,exp,persistent,-1,1.902e-16,1.716e-16,-1,9.918e-09,9.918e-09,-1,-1,1,none,5.000e-04,59,1,0,20,22149,ln32_s2.0_seed1,0.000e+00,0.000e+00,0,0,fast,767.784,0.000278331,70.42,40,1,0,1,1,ln32_s2.0_seed1_L1_exp_b59_S20_t0,colored,1,2.0,4535.138,5146.369,7467.511,0.0108,0.4571,ok,20,e,0,1.000e-13
1.525934e-04,1.624453e-05,4.920148e-03,0.000000e+00,0.000000e+00,32,exp,persistent,-1,1.902e-16,1.462e-16,-1,9.918e-09,9.918e-09,-1,-1,1,none,5.000e-04,59,1,0,20,21309,ln32_s2.0_seed1,0.000e+00,0.000e+00,0,0,fast,767.784,0.000278331,70.42,40,1,0,1,1,ln32_s2.0_seed1_L1_exp_b59_S20_t1,colored,1,2.0,4640.107,5807.121,8213.692,0.0012,0.2927,ok,20,e,0,1.000e-13
8.802218e-07,1.304708e-07,4.235271e-05,0.000000e+00,0.000000e+00,32,exp,persistent,-1,1.902e-16,1.591e-16,-1,9.918e-09,9.918e-09,-1,-1,1,none,5.000e-04,59,1,0,20,29103,ln32_s2.0_seed1,0.000e+00,0.000e+00,0,0,fast,767.784,0.000278331,70.42,40,1,0,1,1,ln32_s2.0_seed1_L1_exp_b59_S20_t2,colored,1,2.0,4616.203,5121.888,7382.113,0.0217,0.4578,ok,20,e,0,1.000e-13
1.425610e-04,0.000000e+00,1.425610e-04,0.000000e+00,0.000000e+00,32,exp,persistent,-1,1.902e-16,1.902e-16,-1,9.918e-09,9.918e-09,-1,-1,1,none,5.000e-04,59,1,0,36,22149,ln32_s2.0_seed1,0.000e+00,0.000e+00,0,0,fast,767.784,0.000278331,70.42,40,1,0,1,1,ln32_s2.0_seed1_L1_exp_b59_S36_t0,colored,1,2.0,4525.141,5534.838,7642.572,0.0662,0.0662,ok,39,e,0,1.000e-13
2.075290e-03,0.000000e+00,2.075290e-03,0.000000e+00,0.000000e+00,32,exp,persistent,-1,1.902e-16,1.902e-16,-1,9.918e-09,9.918e-09,-1,-1,1,none,5.000e-04,59,1,0,36,21309,ln32_s2.0_seed1,0.000e+00,0.000e+00,0,0,fast,767.784,0.000278331,70.42,40,1,0,1,1,ln32_s2.0_seed1_L1_exp_b59_S36_t1,colored,1,2.0,4760.423,5099.822,7298.747,0.0113,0.0113,ok,39,e,0,1.000e-13
1.840847e-05,0.000000e+00,1.840847e-05,0.000000e+00,0.000000e+00,32,exp,persistent,-1,1.902e-16,1.902e-16,-1,9.918e-09,9.918e-09,-1,-1,1,none,5.000e-04,59,1,0,36,29103,ln32_s2.0_seed1,0.000e+00,0.000e+00,0,0,fast,767.784,0.000278331,70.42,40,1,0,1,1,ln32_s2.0_seed1_L1_exp_b59_S36_t2,colored,1,2.0,4651.519,5270.048,7407.778,0.0734,0.0734,ok,39,e,0,1.000e-13
2.052340e-06,2.161874e-07,5.163017e-05,0.000000e+00,0.000000e+00,32,sign,persistent,-1,1.902e-16,1.043e-16,-1,9.918e-09,9.918e-09,-1,-1,1,none,5.000e-04,63,1,0,4,22149,ln32_s2.0_seed1,0.000e+00,0.000e+00,0,0,fast,767.784,0.000278331,70.42,40,1,0,1,1,ln32_s2.0_seed1_L1_sign_b63_S4_t0,colored,1,2.0,4472.534,5458.957,7588.635,0.0250,0.6128,ok,5,e,0,1.000e-13
1.213769e-05,5.788883e-06,1.732074e-03,0.000000e+00,0.000000e+00,32,sign,persistent,-1,1.902e-16,1.071e-16,-1,9.918e-09,9.918e-09,-1,-1,1,none,5.000e-04,63,1,0,4,21309,ln32_s2.0_seed1,0.000e+00,0.000e+00,0,0,fast,767.784,0.000278331,70.42,40,1,0,1,1,ln32_s2.0_seed1_L1_sign_b63_S4_t1,colored,1,2.0,4736.906,5272.782,7920.628,0.0025,0.5186,ok,5,e,0,1.000e-13
8.502093e-09,5.124174e-09,1.565172e-06,0.000000e+00,0.000000e+00,32,sign,persistent,-1,1.902e-16,1.865e-16,-1,9.918e-09,9.918e-09,-1,-1,1,none,5.000e-04,63,1,0,4,29103,ln32_s2.0_seed1,0.000e+00,0.000e+00,0,0,fast,767.784,0.000278331,70.42,40,1,0,1,1,ln32_s2.0_seed1_L1_sign_b63_S4_t2,colored,1,2.0,4593.916,5269.647,7419.219,0.0368,0.6541,ok,5,e,0,1.000e-13
4.863081e-05,2.291588e-06,6.642574e-04,0.000000e+00,0.000000e+00,32,sign,persistent,-1,1.902e-16,1.462e-16,-1,9.918e-09,9.918e-09,26,-1,1,D3,5.000e-04,63,1,0,20,22149,ln32_s2.0_seed1,0.000e+00,0.000e+00,0,0,fast,767.784,0.000278331,70.42,40,1,0,1,1,ln32_s2.0_seed1_L1_sign_b63_S20_t0,colored,1,2.0,4725.222,5594.377,7612.566,0.0108,0.4571,ok,20,e,0,1.000e-13
3.051868e-04,3.248907e-05,9.840297e-03,0.000000e+00,0.000000e+00,32,sign,persistent,-1,1.902e-16,1.742e-16,-1,9.918e-09,9.919e-09,-1,-1,1,none,5.000e-04,63,1,0,20,21309,ln32_s2.0_seed1,0.000e+00,0.000e+00,0,0,fast,767.784,0.000278331,70.42,40,1,0,1,1,ln32_s2.0_seed1_L1_sign_b63_S20_t1,colored,1,2.0,4426.027,5205.498,7753.690,0.0012,0.2927,ok,20,e,0,1.000e-13
1.760444e-06,2.609417e-07,8.470541e-05,0.000000e+00,0.000000e+00,32,sign,persistent,-1,1.902e-16,1.742e-16,-1,9.918e-09,9.918e-09,-1,-1,1,none,5.000e-04,63,1,0,20,29103,ln32_s2.0_seed1,0.000e+00,0.000e+00,0,0,fast,767.784,0.000278331,70.42,40,1,0,1,1,ln32_s2.0_seed1_L1_sign_b63_S20_t2,colored,1,2.0,4492.647,5516.953,7804.792,0.0217,0.4578,ok,20,e,0,1.000e-13
2.851220e-04,0.000000e+00,2.851220e-04,0.000000e+00,0.000000e+00,32,sign,persistent,-1,1.902e-16,1.902e-16,-1,9.918e-09,9.918e-09,-1,-1,1,none,5.000e-04,63,1,0,36,22149,ln32_s2.0_seed1,0.000e+00,0.000e+00,0,0,fast,767.784,0.000278331,70.42,40,1,0,1,1,ln32_s2.0_seed1_L1_sign_b63_S36_t0,colored,1,2.0,4568.286,5601.343,7712.238,0.0662,0.0662,ok,39,e,0,1.000e-13
4.150579e-03,0.000000e+00,4.150579e-03,0.000000e+00,0.000000e+00,32,sign,persistent,-1,1.902e-16,1.902e-16,-1,9.918e-09,9.918e-09,36,-1,1,D3,5.000e-04,63,1,0,36,21309,ln32_s2.0_seed1,0.000e+00,0.000e+00,0,0,fast,767.784,0.000278331,70.42,40,1,0,1,1,ln32_s2.0_seed1_L1_sign_b63_S36_t1,colored,1,2.0,4373.707,5457.558,7689.594,0.0113,0.0113,ok,39,e,0,1.000e-13
3.681694e-05,0.000000e+00,3.681694e-05,0.000000e+00,0.000000e+00,32,sign,persistent,-1,1.902e-16,1.902e-16,-1,9.918e-09,9.918e-09,-1,-1,1,none,5.000e-04,63,1,0,36,29103,ln32_s2.0_seed1,0.000e+00,0.000e+00,0,0,fast,767.784,0.000278331,70.42,40,1,0,1,1,ln32_s2.0_seed1_L1_sign_b63_S36_t2,colored,1,2.0,4412.575,5355.299,7697.333,0.0734,0.0734,ok,39,e,0,1.000e-13
2.052340e-06,2.161874e-07,5.163017e-05,0.000000e+00,0.000000e+00,32,sign,persistent,-1,1.902e-16,1.043e-16,-1,9.918e-09,9.918e-09,-1,-1,1,none,5.000e-04,63,1,0,4,22149,ln32_s2.0_seed1,0.000e+00,0.000e+00,0,0,fast,767.784,0.000278331,70.42,40,1,0,1,1,ln32_s2.0_seed1_L1_sign_b63_S4_t0,colored,1,2.0,4625.989,4966.171,7290.451,0.0250,0.6128,ok,5,e,0,1.000e-13
1.213769e-05,5.788883e-06,1.732074e-03,0.000000e+00,0.000000e+00,32,sign,persistent,-1,1.902e-16,1.071e-16,-1,9.918e-09,9.918e-09,-1,-1,1,none,5.000e-04,63,1,0,4,21309,ln32_s2.0_seed1,0.000e+00,0.000e+00,0,0,fast,767.784,0.000278331,70.42,40,1,0,1,1,ln32_s2.0_seed1_L1_sign_b63_S4_t1,colored,1,2.0,4795.144,5572.677,7684.776,0.0025,0.5186,ok,5,e,0,1.000e-13
8.502093e-09,5.124174e-09,1.565172e-06,0.000000e+00,0.000000e+00,32,sign,persistent,-1,1.902e-16,1.865e-16,-1,9.918e-09,9.918e-09,-1,-1,1,none,5.000e-04,63,1,0,4,29103,ln32_s2.0_seed1,0.000e+00,0.000e+00,0,0,fast,767.784,0.000278331,70.42,40,1,0,1,1,ln32_s2.0_seed1_L1_sign_b63_S4_t2,colored,1,2.0,4477.293,5731.976,7881.374,0.0368,0.6541,ok,5,e,0,1.000e-13
4.863081e-05,2.291588e-06,6.642574e-04,0.000000e+00,0.000000e+00,32,sign,persistent,-1,1.902e-16,1.462e-16,-1,9.918e-09,9.918e-09,26,-1,1,D3,5.000e-04,63,1,0,20,22149,ln32_s2.0_seed1,0.000e+00,0.000e+00,0,0,fast,767.784,0.000278331,70.42,40,1,0,1,1,ln32_s2.0_seed1_L1_sign_b63_S20_t0,colored,1,2.0,4438.157,5654.760,7827.033,0.0108,0.4571,ok,20,e,0,1.000e-13
3.051868e-04,3.248907e-05,9.840297e-03,0.000000e+00,0.000000e+00,32,sign,persistent,-1,1.902e-16,1.742e-16,-1,9.918e-09,9.919e-09,-1,-1,1,none,5.000e-04,63,1,0,20,21309,ln32_s2.0_seed1,0.000e+00,0.000e+00,0,0,fast,767.784,0.000278331,70.42,40,1,0,1,1,ln32_s2.0_seed1_L1_sign_b63_S20_t1,colored,1,2.0,4465.075,5326.934,7864.745,0.0012,0.2927,ok,20,e,0,1.000e-13
1.760444e-06,2.609417e-07,8.470541e-05,0.000000e+00,0.000000e+00,32,sign,persistent,-1,1.902e-16,1.742e-16,-1,9.918e-09,9.918e-09,-1,-1,1,none,5.000e-04,63,1,0,20,29103,ln32_s2.0_seed1,0.000e+00,0.000e+00,0,0,fast,767.784,0.000278331,70.42,40,1,0,1,1,ln32_s2.0_seed1_L1_sign_b63_S20_t2,colored,1,2.0,4564.293,5198.855,7481.495,0.0217,0.4578,ok,20,e,0,1.000e-13
2.851220e-04,0.000000e+00,2.851220e-04,0.000000e+00,0.000000e+00,32,sign,persistent,-1,1.902e-16,1.902e-16,-1,9.918e-09,9.918e-09,-1,-1,1,none,5.000e-04,63,1,0,36,22149,ln32_s2.0_seed1,0.000e+00,0.000e+00,0,0,fast,767.784,0.000278331,70.42,40,1,0,1,1,ln32_s2.0_seed1_L1_sign_b63_S36_t0,colored,1,2.0,4398.447,5069.072,7794.206,0.0662,0.0662,ok,39,e,0,1.000e-13
4.150579e-03,0.000000e+00,4.150579e-03,0.000000e+00,0.000000e+00,32,sign,persistent,-1,1.902e-16,1.902e-16,-1,9.918e-09,9.918e-09,36,-1,1,D3,5.000e-04,63,1,0,36,21309,ln32_s2.0_seed1,0.000e+00,0.000e+00,0,0,fast,767.784,0.000278331,70.42,40,1,0,1,1,ln32_s2.0_seed1_L1_sign_b63_S36_t1,colored,1,2.0,4446.216,5601.297,7784.723,0.0113,0.0113,ok,39,e,0,1.000e-13
3.681694e-05,0.000000e+00,3.681694e-05,0.000000e+00,0.000000e+00,32,sign,persistent,-1,1.902e-16,1.902e-16,-1,9.918e-09,9.918e-09,-1,-1,1,none,5.000e-04,63,1,0,36,29103,ln32_s2.0_seed1,0.000e+00,0.000e+00,0,0,fast,767.784,0.000278331,70.42,40,1,0,1,1,ln32_s2.0_seed1_L1_sign_b63_S36_t2,colored,1,2.0,4540.092,5095.087,7596.873,0.0734,0.0734,ok,39,e,0,1.000e-13
3.691312e-12,7.975280e-14,7.956727e-12,0.000000e+00,0.000000e+00,32,mant_lo,persistent,-1,1.902e-16,2.086e-16,-1,9.918e-09,9.918e-09,-1,-1,1,none,5.000e-04,9,2,0,4,27754,ln32_s2.0_seed1,0.000e+00,0.000e+00,0,0,fast,767.784,0.000278331,70.42,40,1,0,1,1,ln32_s2.0_seed1_L2_mant_lo_b9_S4_t0,colored,1,2.0,4534.686,5149.127,7454.662,0.0365,0.0615,ok,15,e,0,1.000e-13
4.118619e-12,6.737764e-14,7.415618e-12,0.000000e+00,0.000000e+00,32,mant_lo,persistent,-1,1.902e-16,1.220e-16,-1,9.918e-09,9.918e-09,-1,-1,1,none,5.000e-04,9,2,0,4,27107,ln32_s2.0_seed1,0.000e+00,0.000e+00,0,0,fast,767.784,0.000278331,70.42,40,1,0,1,1,ln32_s2.0_seed1_L2_mant_lo_b9_S4_t1,colored,1,2.0,4645.262,5394.112,7667.721,0.0353,0.0637,ok,20,e,0,1.000e-13
7.728160e-12,1.583451e-13,1.481743e-11,0.000000e+00,0.000000e+00,32,mant_lo,persistent,-1,1.902e-16,1.831e-16,-1,9.918e-09,9.918e-09,-1,-1,1,none,5.000e-04,9,2,0,4,14194,ln32_s2.0_seed1,0.000e+00,0.000e+00,0,0,fast,767.784,0.000278331,70.42,40,1,0,1,1,ln32_s2.0_seed1_L2_mant_lo_b9_S4_t2,colored,1,2.0,4392.464,5314.617,7601.346,0.0280,0.0633,ok,10,e,0,1.000e-13
1.365328e-12,1.221436e-14,1.920734e-12,0.000000e+00,0.000000e+00,32,mant_lo,persistent,-1,1.902e-16,1.559e-16,-1,9.918e-09,9.918e-09,-1,-1,1,none,5.000e-04,9,2,0,20,27754,ln32_s2.0_seed1,0.000e+00,0.000e+00,0,0,fast,767.784,0.000278331,70.42,40,1,0,1,1,ln32_s2.0_seed1_L2_mant_lo_b9_S20_t0,colored,1,2.0,4504.687,5117.577,7541.089,0.0295,0.0582,ok,25,e,0,1.000e-13
7.779574e-13,7.002996e-15,1.029584e-12,0.000000e+00,0.000000e+00,32,mant_lo,persistent,-1,1.902e-16,1.865e-16,-1,9.918e-09,9.918e-09,-1,-1,1,none,5.000e-04,9,2,0,20,27107,ln32_s2.0_seed1,0.000e+00,0.000e+00,0,0,fast,767.784,0.000278331,70.42,40,1,0,1,1,ln32_s2.0_seed1_L2_mant_lo_b9_S20_t1,colored,1,2.0,4562.800,5682.596,7998.490,0.0373,0.0549,ok,30,e,0,1.000e-13
3.077372e-13,3.672217e-15,6.869341e-13,0.000000e+00,0.000000e+00,32,mant_lo,persistent,-1,1.902e-16,1.462e-16,-1,9.918e-09,9.918e-09,-1,-1,1,none,5.000e-04,9,2,0,20,14194,ln32_s2.0_seed1,0.000e+00,0.000e+00,0,0,fast,767.784,0.000278331,70.42,40,1,0,1,1,ln32_s2.0_seed1_L2_mant_lo_b9_S20_t2,colored,1,2.0,4512.591,5378.187,7711.549,0.0306,0.0626,ok,30,e,0,1.000e-13
1.537808e-13,0.000000e+00,1.537808e-13,0.000000e+00,0.000000e+00,32,mant_lo,persistent,-1,1.902e-16,1.902e-16,-1,9.918e-09,9.918e-09,-1,-1,1,none,5.000e-04,9,2,0,36,27754,ln32_s2.0_seed1,0.000e+00,0.000e+00,0,0,fast,767.784,0.000278331,70.42,40,1,0,1,1,ln32_s2.0_seed1_L2_mant_lo_b9_S36_t0,colored,1,2.0,4489.152,4847.907,7543.274,0.0285,0.0285,ok,39,e,0,1.000e-13
1.768500e-13,0.000000e+00,1.768500e-13,0.000000e+00,0.000000e+00,32,mant_lo,persistent,-1,1.902e-16,1.902e-16,-1,9.918e-09,9.918e-09,-1,-1,1,none,5.000e-04,9,2,0,36,27107,ln32_s2.0_seed1,0.000e+00,0.000e+00,0,0,fast,767.784,0.000278331,70.42,40,1,0,1,1,ln32_s2.0_seed1_L2_mant_lo_b9_S36_t1,colored,1,2.0,4531.693,5858.164,7891.158,0.0298,0.0298,ok,39,e,0,1.000e-13
3.674980e-13,0.000000e+00,3.674980e-13,0.000000e+00,0.000000e+00,32,mant_lo,persistent,-1,1.902e-16,1.902e-16,-1,9.918e-09,9.918e-09,-1,-1,1,none,5.000e-04,9,2,0,36,14194,ln32_s2.0_seed1,0.000e+00,0.000e+00,0,0,fast,767.784,0.000278331,70.42,40,1,0,1,1,ln32_s2.0_seed1_L2_mant_lo_b9_S36_t2,colored,1,2.0,4408.951,5416.404,7771.407,0.0280,0.0280,ok,39,e,0,1.000e-13
2.339769e-12,4.921650e-14,4.877934e-12,0.000000e+00,0.000000e+00,32,mant_lo,persistent,-1,1.902e-16,1.742e-16,-1,9.918e-09,9.918e-09,-1,-1,1,none,5.000e-04,14,2,0,4,27754,ln32_s2.0_seed1,0.000e+00,0.000e+00,0,0,fast,767.784,0.000278331,70.42,40,1,0,1,1,ln32_s2.0_seed1_L2_mant_lo_b14_S4_t0,colored,1,2.0,4473.076,5222.677,7831.659,0.0319,0.0632,ok,15,e,0,1.000e-13
5.432403e-12,1.036933e-13,8.691715e-12,0.000000e+00,0.000000e+00,32,mant_lo,persistent,-1,1.902e-16,1.043e-16,-1,9.918e-09,9.918e-09,-1,-1,1,none,5.000e-04,14,2,0,4,27107,ln32_s2.0_seed1,0.000e+00,0.000e+00,0,0,fast,767.784,0.000278331,70.42,40,1,0,1,1,ln32_s2.0_seed1_L2_mant_lo_b14_S4_t1,colored,1,2.0,4489.946,5258.556,7487.395,0.0418,0.0647,ok,15,e,0,1.000e-13
3.817432e-12,1.004946e-13,1.162574e-11,0.000000e+00,0.000000e+00,32,mant_lo,persistent,-1,1.902e-16,1.769e-16,-1,9.918e-09,9.918e-09,-1,-1,1,none,5.000e-04,14,2,0,4,14194,ln32_s2.0_seed1,0.000e+00,0.000e+00,0,0,fast,767.784,0.000278331,70.42,40,1,0,1,1,ln32_s2.0_seed1_L2_mant_lo_b14_S4_t2,colored,1,2.0,4688.626,5095.377,7366.730,0.0298,0.0647,ok,10,e,0,1.000e-13
1.905594e-12,1.672300e-14,2.422321e-12,0.000000e+00,0.000000e+00,32,mant_lo,persistent,-1,1.902e-16,1.591e-16,-1,9.918e-09,9.918e-09,-1,-1,1,none,5.000e-04,14,2,0,20,27754,ln32_s2.0_seed1,0.000e+00,0.000e+00,0,0,fast,767.784,0.000278331,70.42,40,1,0,1,1,ln32_s2.0_seed1_L2_mant_lo_b14_S20_t0,colored,1,2.0,4444.703,4984.152,7677.047,0.0435,0.0590,ok,30,e,0,1.000e-13
3.472103e-13,4.074263e-15,7.785222e-13,0.000000e+00,0.000000e+00,32,mant_lo,persistent,-1,1.902e-16,1.648e-16,-1,9.918e-09,9.918e-09,-1,-1,1,none,5.000e-04,14,2,0,20,27107,ln32_s2.0_seed1,0.000e+00,0.000e+00,0,0,fast,767.784,0.000278331,70.42,40,1,0,1,1,ln32_s2.0_seed1_L2_mant_lo_b14_S20_t1,colored,1,2.0,4519.361,4989.470,7601.851,0.0170,0.0481,ok,20,e,0,1.000e-13
8.035808e-13,8.755044e-15,1.115168e-12,0.000000e+00,0.000000e+00,32,mant_lo,persistent,-1,1.902e-16,1.462e-16,-1,9.918e-09,9.918e-09,-1,-1,1,none,5.000e-04,14,2,0,20,14194,ln32_s2.0_seed1,0.000e+00,0.000e+00,0,0,fast,767.784,0.000278331,70.42,40,1,0,1,1,ln32_s2.0_seed1_L2_mant_lo_b14_S20_t2,colored,1,2.0,4581.828,5652.918,7781.997,0.0279,0.0598,ok,25,e,0,1.000e-13
7.976553e-14,0.000000e+00,7.976553e-14,0.000000e+00,0.000000e+00,32,mant_lo,benign,-1,1.902e-16,1.902e-16,-1,9.918e-09,9.918e-09,-1,-1,1,none,5.000e-04,14,2,0,36,27754,ln32_s2.0_seed1,0.000e+00,0.000e+00,0,0,fast,767.784,0.000278331,70.42,40,1,0,1,1,ln32_s2.0_seed1_L2_mant_lo_b14_S36_t0,colored,1,2.0,4359.188,5235.414,7529.192,0.0384,0.0384,ok,39,e,0,1.000e-13
1.553001e-13,0.000000e+00,1.553001e-13,0.000000e+00,0.000000e+00,32,mant_lo,persistent,-1,1.902e-16,1.902e-16,-1,9.918e-09,9.918e-09,-1,-1,1,none,5.000e-04,14,2,0,36,27107,ln32_s2.0_seed1,0.000e+00,0.000e+00,0,0,fast,767.784,0.000278331,70.42,40,1,0,1,1,ln32_s2.0_seed1_L2_mant_lo_b14_S36_t1,colored,1,2.0,4407.241,4866.126,7029.613,0.0327,0.0327,ok,39,e,0,1.000e-13
6.918589e-14,0.000000e+00,6.918589e-14,0.000000e+00,0.000000e+00,32,mant_lo,benign,-1,1.902e-16,1.902e-16,-1,9.918e-09,9.918e-09,-1,-1,1,none,5.000e-04,14,2,0,36,14194,ln32_s2.0_seed1,0.000e+00,0.000e+00,0,0,fast,767.784,0.000278331,70.42,40,1,0,1,1,ln32_s2.0_seed1_L2_mant_lo_b14_S36_t2,colored,1,2.0,4374.429,5071.410,7637.834,0.0418,0.0418,ok,39,e,0,1.000e-13
5.464698e-11,3.916957e-11,1.358841e-08,0.000000e+00,0.000000e+00,32,mant_hi,persistent,-1,1.902e-16,6.198e-11,-1,9.918e-09,4.332e-08,-1,-1,1,none,5.000e-04,49,2,0,4,27754,ln32_s2.0_seed1,0.000e+00,0.000e+00,0,0,fast,767.784,0.000278331,70.42,40,1,0,1,1,ln32_s2.0_seed1_L2_mant_hi_b49_S4_t0,colored,1,2.0,4476.987,4978.043,7583.140,0.0062,0.5120,ok,5,e,0,1.000e-13
2.086323e-11,1.131325e-11,3.808138e-09,0.000000e+00,0.000000e+00,32,mant_hi,persistent,-1,1.902e-16,3.874e-12,-1,9.918e-09,1.018e-08,-1,-1,1,none,5.000e-04,49,2,0,4,27107,ln32_s2.0_seed1,0.000e+00,0.000e+00,0,0,fast,767.784,0.000278331,70.42,40,1,0,1,1,ln32_s2.0_seed1_L2_mant_hi_b49_S4_t1,colored,1,2.0,4613.830,5098.072,7381.917,0.0015,0.1138,ok,5,e,0,1.000e-13
4.724388e-09,1.440794e-09,4.027262e-07,0.000000e+00,0.000000e+00,32,mant_hi,persistent,4,1.902e-16,1.587e-08,4,9.918e-09,1.080e-05,-1,-1,1,D1+D2,5.000e-04,49,2,0,4,14194,ln32_s2.0_seed1,0.000e+00,0.000e+00,0,0,fast,767.784,0.000278331,70.42,40,1,0,1,1,ln32_s2.0_seed1_L2_mant_hi_b49_S4_t2,colored,1,2.0,4302.374,5345.370,7551.278,0.0847,0.7275,ok,5,e,0,1.000e-13
3.264412e-08,1.448561e-08,5.448431e-06,0.000000e+00,0.000000e+00,32,mant_hi,persistent,20,1.902e-16,5.260e-09,20,9.918e-09,4.444e-06,-1,-1,1,D1+D2,5.000e-04,49,2,0,20,27754,ln32_s2.0_seed1,0.000e+00,0.000e+00,0,0,fast,767.784,0.000278331,70.42,40,1,0,1,1,ln32_s2.0_seed1_L2_mant_hi_b49_S20_t0,colored,1,2.0,4360.088,5562.775,7936.284,0.0024,0.3139,ok,20,e,0,1.000e-13
9.821659e-08,1.910864e-08,6.707778e-06,0.000000e+00,0.000000e+00,32,mant_hi,persistent,20,1.902e-16,2.630e-09,20,9.918e-09,2.222e-06,-1,-1,1,D1+D2,5.000e-04,49,2,0,20,27107,ln32_s2.0_seed1,0.000e+00,0.000e+00,0,0,fast,767.784,0.000278331,70.42,40,1,0,1,1,ln32_s2.0_seed1_L2_mant_hi_b49_S20_t1,colored,1,2.0,4753.009,5159.914,7451.979,0.0023,0.0597,ok,20,e,0,1.000e-13
5.029947e-08,6.695317e-09,2.258541e-06,0.000000e+00,0.000000e+00,32,mant_hi,persistent,20,1.902e-16,2.104e-08,20,9.918e-09,1.778e-05,-1,-1,1,D1+D2,5.000e-04,49,2,0,20,14194,ln32_s2.0_seed1,0.000e+00,0.000e+00,0,0,fast,767.784,0.000278331,70.42,40,1,0,1,1,ln32_s2.0_seed1_L2_mant_hi_b49_S20_t2,colored,1,2.0,4558.600,5627.534,7699.544,0.0227,0.6100,ok,20,e,0,1.000e-13
6.574506e-07,0.000000e+00,6.574506e-07,0.000000e+00,0.000000e+00,32,mant_hi,persistent,36,1.902e-16,7.899e-09,36,9.918e-09,6.860e-06,-1,-1,1,D1+D2,5.000e-04,49,2,0,36,27754,ln32_s2.0_seed1,0.000e+00,0.000e+00,0,0,fast,767.784,0.000278331,70.42,40,1,0,1,1,ln32_s2.0_seed1_L2_mant_hi_b49_S36_t0,colored,1,2.0,4376.550,5143.904,7326.099,0.0235,0.0235,ok,39,e,0,1.000e-13
3.686239e-06,0.000000e+00,3.686239e-06,0.000000e+00,0.000000e+00,32,mant_hi,persistent,36,1.902e-16,7.899e-09,36,9.918e-09,6.860e-06,-1,-1,1,D1+D2,5.000e-04,49,2,0,36,27107,ln32_s2.0_seed1,0.000e+00,0.000e+00,0,0,fast,767.784,0.000278331,70.42,40,1,0,1,1,ln32_s2.0_seed1_L2_mant_hi_b49_S36_t1,colored,1,2.0,4450.110,5381.932,7884.278,0.0027,0.0027,ok,39,e,0,1.000e-13
5.779902e-07,0.000000e+00,5.779902e-07,0.000000e+00,0.000000e+00,32,mant_hi,persistent,36,1.902e-16,3.160e-08,36,9.918e-09,2.744e-05,-1,-1,1,D1+D2,5.000e-04,49,2,0,36,14194,ln32_s2.0_seed1,0.000e+00,0.000e+00,0,0,fast,767.784,0.000278331,70.42,40,1,0,1,1,ln32_s2.0_seed1_L2_mant_hi_b49_S36_t2,colored,1,2.0,4655.566,5410.695,7665.163,0.1932,0.1932,ok,39,e,0,1.000e-13
6.661577e-12,1.926054e-13,1.576806e-11,0.000000e+00,0.000000e+00,32,mant_hi,persistent,-1,1.902e-16,3.028e-14,-1,9.918e-09,9.918e-09,-1,-1,1,none,5.000e-04,38,2,0,4,27754,ln32_s2.0_seed1,0.000e+00,0.000e+00,0,0,fast,767.784,0.000278331,70.42,40,1,0,1,1,ln32_s2.0_seed1_L2_mant_hi_b38_S4_t0,colored,1,2.0,4709.223,5113.451,7757.681,0.0542,0.0742,ok,10,e,0,1.000e-13
8.695150e-12,1.989001e-13,1.731489e-11,0.000000e+00,0.000000e+00,32,mant_hi,persistent,-1,1.902e-16,1.877e-15,-1,9.918e-09,9.918e-09,-1,-1,1,none,5.000e-04,38,2,0,4,27107,ln32_s2.0_seed1,0.000e+00,0.000e+00,0,0,fast,767.784,0.000278331,70.42,40,1,0,1,1,ln32_s2.0_seed1_L2_mant_hi_b38_S4_t1,colored,1,2.0,4446.975,5240.488,7741.446,0.0292,0.0647,ok,10,e,0,1.000e-13
3.521459e-12,7.122118e-13,1.966642e-10,0.000000e+00,0.000000e+00,32,mant_hi,persistent,-1,1.902e-16,7.747e-12,-1,9.918e-09,1.117e-08,-1,-1,1,none,5.000e-04,38,2,0,4,14194,ln32_s2.0_seed1,0.000e+00,0.000e+00,0,0,fast,767.784,0.000278331,70.42,40,1,0,1,1,ln32_s2.0_seed1_L2_mant_hi_b38_S4_t2,colored,1,2.0,4523.032,5166.985,7911.156,0.0910,0.6584,ok,5,e,0,1.000e-13
1.594930e-11,7.073151e-12,2.660367e-09,0.000000e+00,0.000000e+00,32,mant_hi,persistent,-1,1.902e-16,2.568e-12,-1,9.918e-09,9.918e-09,-1,-1,1,none,5.000e-04,38,2,0,20,27754,ln32_s2.0_seed1,0.000e+00,0.000e+00,0,0,fast,767.784,0.000278331,70.42,40,1,0,1,1,ln32_s2.0_seed1_L2_mant_hi_b38_S20_t0,colored,1,2.0,4624.226,5524.475,8073.079,0.0024,0.3183,ok,20,e,0,1.000e-13
4.798682e-11,9.330509e-12,3.275282e-09,0.000000e+00,0.000000e+00,32,mant_hi,persistent,-1,1.902e-16,1.284e-12,-1,9.918e-09,9.918e-09,-1,-1,1,none,5.000e-04,38,2,0,20,27107,ln32_s2.0_seed1,0.000e+00,0.000e+00,0,0,fast,767.784,0.000278331,70.42,40,1,0,1,1,ln32_s2.0_seed1_L2_mant_hi_b38_S20_t1,colored,1,2.0,4496.030,5249.122,7624.797,0.0023,0.0643,ok,20,e,0,1.000e-13
2.456563e-11,3.269207e-12,1.102804e-09,0.000000e+00,0.000000e+00,32,mant_hi,persistent,-1,1.902e-16,1.027e-11,-1,9.918e-09,1.222e-08,-1,-1,1,none,5.000e-04,38,2,0,20,14194,ln32_s2.0_seed1,0.000e+00,0.000e+00,0,0,fast,767.784,0.000278331,70.42,40,1,0,1,1,ln32_s2.0_seed1_L2_mant_hi_b38_S20_t2,colored,1,2.0,4587.741,5429.149,7716.715,0.0227,0.6174,ok,20,e,0,1.000e-13
3.210208e-10,0.000000e+00,3.210208e-10,0.000000e+00,0.000000e+00,32,mant_hi,persistent,-1,1.902e-16,3.857e-12,-1,9.918e-09,9.918e-09,-1,-1,1,none,5.000e-04,38,2,0,36,27754,ln32_s2.0_seed1,0.000e+00,0.000e+00,0,0,fast,767.784,0.000278331,70.42,40,1,0,1,1,ln32_s2.0_seed1_L2_mant_hi_b38_S36_t0,colored,1,2.0,4816.407,5423.224,7615.430,0.0235,0.0235,ok,39,e,0,1.000e-13
1.799921e-09,0.000000e+00,1.799921e-09,0.000000e+00,0.000000e+00,32,mant_hi,persistent,-1,1.902e-16,3.857e-12,-1,9.918e-09,9.918e-09,-1,-1,1,none,5.000e-04,38,2,0,36,27107,ln32_s2.0_seed1,0.000e+00,0.000e+00,0,0,fast,767.784,0.000278331,70.42,40,1,0,1,1,ln32_s2.0_seed1_L2_mant_hi_b38_S36_t1,colored,1,2.0,4558.046,5405.220,7700.601,0.0027,0.0027,ok,39,e,0,1.000e-13
2.822218e-10,0.000000e+00,2.822218e-10,0.000000e+00,0.000000e+00,32,mant_hi,persistent,-1,1.902e-16,1.543e-11,-1,9.918e-09,1.529e-08,-1,-1,1,none,5.000e-04,38,2,0,36,14194,ln32_s2.0_seed1,0.000e+00,0.000e+00,0,0,fast,767.784,0.000278331,70.42,40,1,0,1,1,ln32_s2.0_seed1_L2_mant_hi_b38_S36_t2,colored,1,2.0,4440.080,5127.405,7828.449,0.1936,0.1936,ok,39,e,0,1.000e-13
8.192378e-10,5.897974e-10,2.046209e-07,0.000000e+00,0.000000e+00,32,exp,persistent,4,1.902e-16,9.333e-10,-1,9.918e-09,6.354e-07,-1,-1,1,D1,5.000e-04,56,2,0,4,27754,ln32_s2.0_seed1,0.000e+00,0.000e+00,0,0,fast,767.784,0.000278331,70.42,40,1,0,1,1,ln32_s2.0_seed1_L2_exp_b56_S4_t0,colored,1,2.0,4484.935,5375.385,7653.586,0.0062,0.5115,ok,5,e,0,1.000e-13
2.763396e-10,1.532007e-10,5.158867e-08,0.000000e+00,0.000000e+00,32,exp,persistent,-1,1.902e-16,5.248e-11,-1,9.918e-09,3.704e-08,-1,-1,1,none,5.000e-04,56,2,0,4,27107,ln32_s2.0_seed1,0.000e+00,0.000e+00,0,0,fast,767.784,0.000278331,70.42,40,1,0,1,1,ln32_s2.0_seed1_L2_exp_b56_S4_t1,colored,1,2.0,4414.707,5183.009,7559.594,0.0015,0.1109,ok,5,e,0,1.000e-13
3.067296e-03,9.354296e-04,2.614684e-01,0.000000e+00,0.000000e+00,32,exp,persistent,4,1.902e-16,1.030e-02,4,9.918e-09,7.012e+00,4,-1,1,D1+D2+D3,5.000e-04,56,2,0,4,14194,ln32_s2.0_seed1,0.000e+00,0.000e+00,0,6,fast,767.784,0.000278331,70.42,40,1,0,1,1,ln32_s2.0_seed1_L2_exp_b56_S4_t2,colored,1,2.0,4743.909,5373.191,7574.829,0.0847,0.7270,ok,5,e,0,1.000e-13
2.374066e-02,1.053476e-02,3.962409e+00,0.000000e+00,0.000000e+00,32,exp,persistent,20,1.902e-16,3.825e-03,20,9.918e-09,3.232e+00,20,-1,1,D1+D2+D3,5.000e-04,56,2,0,20,27754,ln32_s2.0_seed1,0.000e+00,0.000e+00,0,3,fast,767.784,0.000278331,70.42,40,1,0,1,1,ln32_s2.0_seed1_L2_exp_b56_S20_t0,colored,1,2.0,4740.038,5255.418,7567.015,0.0024,0.3139,ok,20,e,0,1.000e-13
5.857072e-02,1.139529e-02,4.000133e+00,0.000000e+00,0.000000e+00,32,exp,persistent,20,1.902e-16,1.568e-03,20,9.918e-09,1.325e+00,20,-1,1,D1+D2+D3,5.000e-04,56,2,0,20,27107,ln32_s2.0_seed1,0.000e+00,0.000e+00,0,3,fast,767.784,0.000278331,70.42,40,1,0,1,1,ln32_s2.0_seed1_L2_exp_b56_S20_t1,colored,1,2.0,4501.666,5568.825,7732.043,0.0023,0.0597,ok,20,e,0,1.000e-13
4.112774e-02,5.474476e-03,1.846713e+00,0.000000e+00,0.000000e+00,32,exp,persistent,20,1.902e-16,1.720e-02,20,9.918e-09,1.454e+01,20,-1,1,D1+D2+D3,5.000e-04,56,2,0,20,14194,ln32_s2.0_seed1,0.000e+00,0.000e+00,0,8,fast,767.784,0.000278331,70.42,40,1,0,1,1,ln32_s2.0_seed1_L2_exp_b56_S20_t2,colored,1,2.0,4721.575,5754.594,8353.720,0.0227,0.6100,ok,20,e,0,1.000e-13
6.376985e-01,0.000000e+00,6.376985e-01,0.000000e+00,0.000000e+00,32,exp,persistent,36,1.902e-16,7.662e-03,36,9.918e-09,6.654e+00,36,-1,1,D1+D2+D3,5.000e-04,56,2,0,36,27754,ln32_s2.0_seed1,0.000e+00,0.000e+00,0,4,fast,767.784,0.000278331,70.42,40,1,0,1,1,ln32_s2.0_seed1_L2_exp_b56_S36_t0,colored,1,2.0,4393.894,5304.195,7668.848,0.0235,0.0235,ok,39,e,0,1.000e-13
2.529848e+00,0.000000e+00,2.529848e+00,0.000000e+00,0.000000e+00,32,exp,persistent,36,1.902e-16,5.421e-03,36,9.918e-09,4.708e+00,36,-1,1,D1+D2+D3,5.000e-04,56,2,0,36,27107,ln32_s2.0_seed1,0.000e+00,0.000e+00,0,5,fast,767.784,0.000278331,70.42,40,1,0,1,1,ln32_s2.0_seed1_L2_exp_b56_S36_t1,colored,1,2.0,4614.557,5188.371,7512.036,0.0027,0.0027,ok,39,e,0,1.000e-13
3.909769e-01,0.000000e+00,3.909769e-01,0.000000e+00,0.000000e+00,32,exp,persistent,36,1.902e-16,2.137e-02,36,9.918e-09,1.856e+01,36,-1,1,D1+D2+D3,5.000e-04,56,2,0,36,14194,ln32_s2.0_seed1,0.000e+00,0.000e+00,0,10,fast,767.784,0.000278331,70.42,40,1,0,1,1,ln32_s2.0_seed1_L2_exp_b56_S36_t2,colored,1,2.0,4512.924,5152.870,7998.487,0.1932,0.1932,ok,39,e,0,1.000e-13
8.192281e-10,5.898063e-10,2.046241e-07,0.000000e+00,0.000000e+00,32,exp,persistent,4,1.902e-16,9.333e-10,-1,9.918e-09,6.354e-07,-1,-1,1,D1,5.000e-04,59,2,0,4,27754,ln32_s2.0_seed1,0.000e+00,0.000e+00,0,0,fast,767.784,0.000278331,70.42,40,1,0,1,1,ln32_s2.0_seed1_L2_exp_b59_S4_t0,colored,1,2.0,4414.807,5156.412,7728.708,0.0062,0.5115,ok,5,e,0,1.000e-13
2.764735e-10,1.532040e-10,5.158946e-08,0.000000e+00,0.000000e+00,32,exp,persistent,-1,1.902e-16,5.248e-11,-1,9.918e-09,3.704e-08,-1,-1,1,none,5.000e-04,59,2,0,4,27107,ln32_s2.0_seed1,0.000e+00,0.000e+00,0,0,fast,767.784,0.000278331,70.42,40,1,0,1,1,ln32_s2.0_seed1_L2_exp_b59_S4_t1,colored,1,2.0,4462.484,5081.562,7265.669,0.0015,0.1151,ok,5,e,0,1.000e-13
4.680395e-08,1.427374e-08,3.989752e-06,0.000000e+00,0.000000e+00,32,exp,persistent,4,1.902e-16,1.572e-07,4,9.918e-09,1.070e-04,-1,-1,1,D1+D2,5.000e-04,59,2,0,4,14194,ln32_s2.0_seed1,0.000e+00,0.000e+00,0,0,fast,767.784,0.000278331,70.42,40,1,0,1,1,ln32_s2.0_seed1_L2_exp_b59_S4_t2,colored,1,2.0,4330.795,5261.766,7548.439,0.0847,0.7271,ok,5,e,0,1.000e-13
3.622592e-07,1.607502e-07,6.046248e-05,0.000000e+00,0.000000e+00,32,exp,persistent,20,1.902e-16,5.837e-08,20,9.918e-09,4.932e-05,-1,-1,1,D1+D2,5.000e-04,59,2,0,20,27754,ln32_s2.0_seed1,0.000e+00,0.000e+00,0,0,fast,767.784,0.000278331,70.42,40,1,0,1,1,ln32_s2.0_seed1_L2_exp_b59_S20_t0,colored,1,2.0,4451.404,4834.897,7387.358,0.0024,0.3139,ok,20,e,0,1.000e-13
8.937319e-07,1.738810e-07,6.103811e-05,0.000000e+00,0.000000e+00,32,exp,persistent,20,1.902e-16,2.393e-08,20,9.918e-09,2.022e-05,-1,-1,1,D1+D2,5.000e-04,59,2,0,20,27107,ln32_s2.0_seed1,0.000e+00,0.000e+00,0,0,fast,767.784,0.000278331,70.42,40,1,0,1,1,ln32_s2.0_seed1_L2_exp_b59_S20_t1,colored,1,2.0,4723.888,5705.845,7765.925,0.0023,0.0597,ok,20,e,0,1.000e-13
6.275691e-07,8.353516e-08,2.817904e-05,0.000000e+00,0.000000e+00,32,exp,persistent,20,1.902e-16,2.625e-07,20,9.918e-09,2.218e-04,-1,-1,1,D1+D2,5.000e-04,59,2,0,20,14194,ln32_s2.0_seed1,0.000e+00,0.000e+00,0,0,fast,767.784,0.000278331,70.42,40,1,0,1,1,ln32_s2.0_seed1_L2_exp_b59_S20_t2,colored,1,2.0,4352.062,5458.175,7745.807,0.0227,0.6100,ok,20,e,0,1.000e-13
9.730655e-06,0.000000e+00,9.730655e-06,0.000000e+00,0.000000e+00,32,exp,persistent,36,1.902e-16,1.169e-07,36,9.918e-09,1.015e-04,-1,-1,1,D1+D2,5.000e-04,59,2,0,36,27754,ln32_s2.0_seed1,0.000e+00,0.000e+00,0,0,fast,767.784,0.000278331,70.42,40,1,0,1,1,ln32_s2.0_seed1_L2_exp_b59_S36_t0,colored,1,2.0,4526.316,5052.244,7202.824,0.0235,0.0235,ok,39,e,0,1.000e-13
3.860300e-05,0.000000e+00,3.860300e-05,0.000000e+00,0.000000e+00,32,exp,persistent,36,1.902e-16,8.272e-08,36,9.918e-09,7.184e-05,-1,-1,1,D1+D2,5.000e-04,59,2,0,36,27107,ln32_s2.0_seed1,0.000e+00,0.000e+00,0,0,fast,767.784,0.000278331,70.42,40,1,0,1,1,ln32_s2.0_seed1_L2_exp_b59_S36_t1,colored,1,2.0,4466.190,5364.838,7809.157,0.0027,0.0027,ok,39,e,0,1.000e-13
5.965924e-06,0.000000e+00,5.965924e-06,0.000000e+00,0.000000e+00,32,exp,persistent,36,1.902e-16,3.261e-07,36,9.918e-09,2.832e-04,-1,-1,1,D1+D2,5.000e-04,59,2,0,36,14194,ln32_s2.0_seed1,0.000e+00,0.000e+00,0,0,fast,767.784,0.000278331,70.42,40,1,0,1,1,ln32_s2.0_seed1_L2_exp_b59_S36_t2,colored,1,2.0,4563.389,5174.331,7599.003,0.1932,0.1932,ok,39,e,0,1.000e-13
1.639211e-09,1.179617e-09,4.092481e-07,0.000000e+00,0.000000e+00,32,sign,persistent,4,1.902e-16,1.867e-09,4,9.918e-09,1.271e-06,-1,-1,1,D1+D2,5.000e-04,63,2,0,4,27754,ln32_s2.0_seed1,0.000e+00,0.000e+00,0,0,fast,767.784,0.000278331,70.42,40,1,0,1,1,ln32_s2.0_seed1_L2_sign_b63_S4_t0,colored,1,2.0,4531.708,5923.052,7932.324,0.0062,0.5106,ok,5,e,0,1.000e-13
5.527384e-10,3.064063e-10,1.031789e-07,0.000000e+00,0.000000e+00,32,sign,persistent,4,1.902e-16,1.050e-10,-1,9.918e-09,7.211e-08,-1,-1,1,D1,5.000e-04,63,2,0,4,27107,ln32_s2.0_seed1,0.000e+00,0.000e+00,0,0,fast,767.784,0.000278331,70.42,40,1,0,1,1,ln32_s2.0_seed1_L2_sign_b63_S4_t1,colored,1,2.0,4367.710,5144.835,7590.653,0.0015,0.1133,ok,5,e,0,1.000e-13
9.360788e-08,2.854748e-08,7.979503e-06,0.000000e+00,0.000000e+00,32,sign,persistent,4,1.902e-16,3.144e-07,4,9.918e-09,2.140e-04,-1,-1,1,D1+D2,5.000e-04,63,2,0,4,14194,ln32_s2.0_seed1,0.000e+00,0.000e+00,0,0,fast,767.784,0.000278331,70.42,40,1,0,1,1,ln32_s2.0_seed1_L2_sign_b63_S4_t2,colored,1,2.0,4498.230,4943.237,7224.321,0.0847,0.7271,ok,5,e,0,1.000e-13
7.245184e-07,3.215003e-07,1.209250e-04,0.000000e+00,0.000000e+00,32,sign,persistent,20,1.902e-16,1.167e-07,20,9.918e-09,9.864e-05,-1,-1,1,D1+D2,5.000e-04,63,2,0,20,27754,ln32_s2.0_seed1,0.000e+00,0.000e+00,0,0,fast,767.784,0.000278331,70.42,40,1,0,1,1,ln32_s2.0_seed1_L2_sign_b63_S20_t0,colored,1,2.0,4356.955,5716.141,7762.050,0.0024,0.3139,ok,20,e,0,1.000e-13
1.787464e-06,3.477620e-07,1.220762e-04,0.000000e+00,0.000000e+00,32,sign,persistent,20,1.902e-16,4.786e-08,20,9.918e-09,4.044e-05,-1,-1,1,D1+D2,5.000e-04,63,2,0,20,27107,ln32_s2.0_seed1,0.000e+00,0.000e+00,0,0,fast,767.784,0.000278331,70.42,40,1,0,1,1,ln32_s2.0_seed1_L2_sign_b63_S20_t1,colored,1,2.0,4389.883,5014.639,7722.798,0.0023,0.0597,ok,20,e,0,1.000e-13
1.255138e-06,1.670703e-07,5.635808e-05,0.000000e+00,0.000000e+00,32,sign,persistent,20,1.902e-16,5.250e-07,20,9.918e-09,4.436e-04,-1,-1,1,D1+D2,5.000e-04,63,2,0,20,14194,ln32_s2.0_seed1,0.000e+00,0.000e+00,0,0,fast,767.784,0.000278331,70.42,40,1,0,1,1,ln32_s2.0_seed1_L2_sign_b63_S20_t2,colored,1,2.0,4530.528,5462.482,7662.032,0.0227,0.6100,ok,20,e,0,1.000e-13
1.946131e-05,0.000000e+00,1.946131e-05,0.000000e+00,0.000000e+00,32,sign,persistent,36,1.902e-16,2.338e-07,36,9.918e-09,2.031e-04,-1,-1,1,D1+D2,5.000e-04,63,2,0,36,27754,ln32_s2.0_seed1,0.000e+00,0.000e+00,0,0,fast,767.784,0.000278331,70.42,40,1,0,1,1,ln32_s2.0_seed1_L2_sign_b63_S36_t0,colored,1,2.0,4497.164,5459.492,7719.816,0.0235,0.0235,ok,39,e,0,1.000e-13
7.720601e-05,0.000000e+00,7.720601e-05,0.000000e+00,0.000000e+00,32,sign,persistent,36,1.902e-16,1.654e-07,36,9.918e-09,1.437e-04,-1,-1,1,D1+D2,5.000e-04,63,2,0,36,27107,ln32_s2.0_seed1,0.000e+00,0.000e+00,0,0,fast,767.784,0.000278331,70.42,40,1,0,1,1,ln32_s2.0_seed1_L2_sign_b63_S36_t1,colored,1,2.0,4411.277,5063.322,7686.876,0.0027,0.0027,ok,39,e,0,1.000e-13
1.193185e-05,0.000000e+00,1.193185e-05,0.000000e+00,0.000000e+00,32,sign,persistent,36,1.902e-16,6.523e-07,36,9.918e-09,5.665e-04,-1,-1,1,D1+D2,5.000e-04,63,2,0,36,14194,ln32_s2.0_seed1,0.000e+00,0.000e+00,0,0,fast,767.784,0.000278331,70.42,40,1,0,1,1,ln32_s2.0_seed1_L2_sign_b63_S36_t2,colored,1,2.0,4461.654,5339.011,7843.182,0.1932,0.1932,ok,39,e,0,1.000e-13
1.639211e-09,1.179617e-09,4.092481e-07,0.000000e+00,0.000000e+00,32,sign,persistent,4,1.902e-16,1.867e-09,4,9.918e-09,1.271e-06,-1,-1,1,D1+D2,5.000e-04,63,2,0,4,27754,ln32_s2.0_seed1,0.000e+00,0.000e+00,0,0,fast,767.784,0.000278331,70.42,40,1,0,1,1,ln32_s2.0_seed1_L2_sign_b63_S4_t0,colored,1,2.0,4421.812,4823.469,7445.329,0.0062,0.5106,ok,5,e,0,1.000e-13
5.527384e-10,3.064063e-10,1.031789e-07,0.000000e+00,0.000000e+00,32,sign,persistent,4,1.902e-16,1.050e-10,-1,9.918e-09,7.211e-08,-1,-1,1,D1,5.000e-04,63,2,0,4,27107,ln32_s2.0_seed1,0.000e+00,0.000e+00,0,0,fast,767.784,0.000278331,70.42,40,1,0,1,1,ln32_s2.0_seed1_L2_sign_b63_S4_t1,colored,1,2.0,4531.476,5274.673,7727.378,0.0015,0.1133,ok,5,e,0,1.000e-13
9.360788e-08,2.854748e-08,7.979503e-06,0.000000e+00,0.000000e+00,32,sign,persistent,4,1.902e-16,3.144e-07,4,9.918e-09,2.140e-04,-1,-1,1,D1+D2,5.000e-04,63,2,0,4,14194,ln32_s2.0_seed1,0.000e+00,0.000e+00,0,0,fast,767.784,0.000278331,70.42,40,1,0,1,1,ln32_s2.0_seed1_L2_sign_b63_S4_t2,colored,1,2.0,4513.540,5107.083,7389.614,0.0847,0.7271,ok,5,e,0,1.000e-13
7.245184e-07,3.215003e-07,1.209250e-04,0.000000e+00,0.000000e+00,32,sign,persistent,20,1.902e-16,1.167e-07,20,9.918e-09,9.864e-05,-1,-1,1,D1+D2,5.000e-04,63,2,0,20,27754,ln32_s2.0_seed1,0.000e+00,0.000e+00,0,0,fast,767.784,0.000278331,70.42,40,1,0,1,1,ln32_s2.0_seed1_L2_sign_b63_S20_t0,colored,1,2.0,4378.088,4813.045,6780.420,0.0024,0.3139,ok,20,e,0,1.000e-13
1.787464e-06,3.477620e-07,1.220762e-04,0.000000e+00,0.000000e+00,32,sign,persistent,20,1.902e-16,4.786e-08,20,9.918e-09,4.044e-05,-1,-1,1,D1+D2,5.000e-04,63,2,0,20,27107,ln32_s2.0_seed1,0.000e+00,0.000e+00,0,0,fast,767.784,0.000278331,70.42,40,1,0,1,1,ln32_s2.0_seed1_L2_sign_b63_S20_t1,colored,1,2.0,4631.023,5900.038,7846.014,0.0023,0.0597,ok,20,e,0,1.000e-13
1.255138e-06,1.670703e-07,5.635808e-05,0.000000e+00,0.000000e+00,32,sign,persistent,20,1.902e-16,5.250e-07,20,9.918e-09,4.436e-04,-1,-1,1,D1+D2,5.000e-04,63,2,0,20,14194,ln32_s2.0_seed1,0.000e+00,0.000e+00,0,0,fast,767.784,0.000278331,70.42,40,1,0,1,1,ln32_s2.0_seed1_L2_sign_b63_S20_t2,colored,1,2.0,4373.851,4917.696,7582.729,0.0227,0.6100,ok,20,e,0,1.000e-13
1.946131e-05,0.000000e+00,1.946131e-05,0.000000e+00,0.000000e+00,32,sign,persistent,36,1.902e-16,2.338e-07,36,9.918e-09,2.031e-04,-1,-1,1,D1+D2,5.000e-04,63,2,0,36,27754,ln32_s2.0_seed1,0.000e+00,0.000e+00,0,0,fast,767.784,0.000278331,70.42,40,1,0,1,1,ln32_s2.0_seed1_L2_sign_b63_S36_t0,colored,1,2.0,4491.842,5119.017,7282.982,0.0235,0.0235,ok,39,e,0,1.000e-13
7.720601e-05,0.000000e+00,7.720601e-05,0.000000e+00,0.000000e+00,32,sign,persistent,36,1.902e-16,1.654e-07,36,9.918e-09,1.437e-04,-1,-1,1,D1+D2,5.000e-04,63,2,0,36,27107,ln32_s2.0_seed1,0.000e+00,0.000e+00,0,0,fast,767.784,0.000278331,70.42,40,1,0,1,1,ln32_s2.0_seed1_L2_sign_b63_S36_t1,colored,1,2.0,4491.056,5306.196,7636.776,0.0027,0.0027,ok,39,e,0,1.000e-13
1.193185e-05,0.000000e+00,1.193185e-05,0.000000e+00,0.000000e+00,32,sign,persistent,36,1.902e-16,6.523e-07,36,9.918e-09,5.665e-04,-1,-1,1,D1+D2,5.000e-04,63,2,0,36,14194,ln32_s2.0_seed1,0.000e+00,0.000e+00,0,0,fast,767.784,0.000278331,70.42,40,1,0,1,1,ln32_s2.0_seed1_L2_sign_b63_S36_t2,colored,1,2.0,4670.304,5297.139,7458.269,0.1932,0.1932,ok,39,e,0,1.000e-13
5.754758e-12,1.404389e-13,1.329891e-11,0.000000e+00,0.000000e+00,32,mant_lo,persistent,-1,1.548e-16,3.970e-11,-1,9.918e-09,9.918e-09,-1,-1,1,none,5.000e-04,8,3,0,4,647,ln32_s2.0_seed1,0.000e+00,0.000e+00,0,0,fast,767.784,0.000278331,70.42,40,2,0,1,1,ln32_s2.0_seed1_L3_mant_lo_b8_S4_t0,colored,1,2.0,13785.116,13772.724,13730.771,0.0182,0.0631,ok,5,e,0,1.000e-13
4.257250e-12,8.949145e-14,1.180041e-11,0.000000e+00,0.000000e+00,32,mant_lo,persistent,-1,1.548e-16,3.346e-12,-1,9.918e-09,9.918e-09,-1,-1,1,none,5.000e-04,8,3,0,4,187,ln32_s2.0_seed1,0.000e+00,0.000e+00,0,0,fast,767.784,0.000278331,70.42,40,2,0,1,1,ln32_s2.0_seed1_L3_mant_lo_b8_S4_t1,colored,1,2.0,13745.716,13733.269,13709.192,0.0170,0.0607,ok,5,e,0,1.000e-13
7.841873e-12,1.669591e-13,1.489875e-11,0.000000e+00,0.000000e+00,32,mant_lo,persistent,-1,1.548e-16,1.579e-13,-1,9.918e-09,9.918e-09,-1,-1,1,none,5.000e-04,8,3,0,4,862,ln32_s2.0_seed1,0.000e+00,0.000e+00,0,0,fast,767.784,0.000278331,70.42,40,2,0,1,1,ln32_s2.0_seed1_L3_mant_lo_b8_S4_t2,colored,1,2.0,13765.050,13766.606,13750.960,0.0407,0.0644,ok,15,e,0,1.000e-13
1.479326e-13,2.453462e-15,3.747162e-13,0.000000e+00,0.000000e+00,32,mant_lo,persistent,20,1.548e-16,1.123e-10,-1,9.918e-09,9.918e-09,-1,-1,1,D1,5.000e-04,8,3,0,20,647,ln32_s2.0_seed1,0.000e+00,0.000e+00,0,0,fast,767.784,0.000278331,70.42,40,2,0,1,1,ln32_s2.0_seed1_L3_mant_lo_b8_S20_t0,colored,1,2.0,13738.925,13757.790,13769.916,0.0290,0.0776,ok,30,e,0,1.000e-13
7.189368e-13,8.420856e-15,1.626947e-12,0.000000e+00,0.000000e+00,32,mant_lo,persistent,-1,1.548e-16,3.786e-11,-1,9.918e-09,9.918e-09,-1,-1,1,none,5.000e-04,8,3,0,20,187,ln32_s2.0_seed1,0.000e+00,0.000e+00,0,0,fast,767.784,0.000278331,70.42,40,2,0,1,1,ln32_s2.0_seed1_L3_mant_lo_b8_S20_t1,colored,1,2.0,13757.447,13776.916,13774.695,0.0171,0.0494,ok,20,e,0,1.000e-13
1.194122e-13,6.279741e-15,1.436291e-12,0.000000e+00,0.000000e+00,32,mant_lo,persistent,-1,1.548e-16,8.929e-13,-1,9.918e-09,9.918e-09,-1,-1,1,none,5.000e-04,8,3,0,20,862,ln32_s2.0_seed1,0.000e+00,0.000e+00,0,0,fast,767.784,0.000278331,70.42,40,2,0,1,1,ln32_s2.0_seed1_L3_mant_lo_b8_S20_t2,colored,1,2.0,13730.858,13754.009,13748.421,0.0170,0.1175,ok,20,e,0,1.000e-13
5.490777e-14,0.000000e+00,5.490777e-14,0.000000e+00,0.000000e+00,32,mant_lo,benign,-1,1.548e-16,8.634e-11,-1,9.918e-09,9.918e-09,-1,-1,1,none,5.000e-04,8,3,0,36,647,ln32_s2.0_seed1,0.000e+00,0.000e+00,0,0,fast,767.784,0.000278331,70.42,40,2,0,1,1,ln32_s2.0_seed1_L3_mant_lo_b8_S36_t0,colored,1,2.0,13679.950,13718.096,13703.530,0.0625,0.0625,ok,39,e,0,1.000e-13
1.962718e-14,0.000000e+00,1.962718e-14,0.000000e+00,0.000000e+00,32,mant_lo,benign,-1,1.548e-16,5.823e-11,-1,9.918e-09,9.918e-09,-1,-1,1,none,5.000e-04,8,3,0,36,187,ln32_s2.0_seed1,0.000e+00,0.000e+00,0,0,fast,767.784,0.000278331,70.42,40,2,0,1,1,ln32_s2.0_seed1_L3_mant_lo_b8_S36_t1,colored,1,2.0,13676.004,13712.792,13697.134,0.0308,0.0308,ok,39,e,0,1.000e-13
3.984096e-15,0.000000e+00,3.984096e-15,0.000000e+00,0.000000e+00,32,mant_lo,benign,-1,1.548e-16,6.867e-13,-1,9.918e-09,9.918e-09,-1,-1,1,none,5.000e-04,8,3,0,36,862,ln32_s2.0_seed1,0.000e+00,0.000e+00,0,0,fast,767.784,0.000278331,70.42,40,2,0,1,1,ln32_s2.0_seed1_L3_mant_lo_b8_S36_t2,colored,1,2.0,13756.246,13775.222,13753.948,0.2873,0.2873,ok,39,e,0,1.000e-13
1.990531e-11,7.543072e-13,1.118435e-10,0.000000e+00,0.000000e+00,32,mant_lo,persistent,4,1.548e-16,2.539e-09,-1,9.918e-09,9.918e-09,-1,-1,1,D1,5.000e-04,14,3,0,4,647,ln32_s2.0_seed1,0.000e+00,0.000e+00,0,0,fast,767.784,0.000278331,70.42,40,2,0,1,1,ln32_s2.0_seed1_L3_mant_lo_b14_S4_t0,colored,1,2.0,13740.162,13728.418,13703.171,0.1003,0.0916,ok,5,e,0,1.000e-13
1.699426e-11,3.644880e-13,2.618726e-11,0.000000e+00,0.000000e+00,32,mant_lo,persistent,4,1.548e-16,2.142e-10,-1,9.918e-09,9.918e-09,-1,-1,1,D1,5.000e-04,14,3,0,4,187,ln32_s2.0_seed1,0.000e+00,0.000e+00,0,0,fast,767.784,0.000278331,70.42,40,2,0,1,1,ln32_s2.0_seed1_L3_mant_lo_b14_S4_t1,colored,1,2.0,13788.163,13740.614,13778.355,0.0414,0.0634,ok,15,e,0,1.000e-13
1.606640e-12,6.753314e-14,1.211721e-11,0.000000e+00,0.000000e+00,32,mant_lo,persistent,-1,1.548e-16,1.010e-11,-1,9.918e-09,9.918e-09,-1,-1,1,none,5.000e-04,14,3,0,4,862,ln32_s2.0_seed1,0.000e+00,0.000e+00,0,0,fast,767.784,0.000278331,70.42,40,2,0,1,1,ln32_s2.0_seed1_L3_mant_lo_b14_S4_t2,colored,1,2.0,13702.200,13734.503,13747.414,0.0219,0.0648,ok,5,e,0,1.000e-13
1.799014e-11,2.134436e-13,2.597502e-11,0.000000e+00,0.000000e+00,32,mant_lo,persistent,20,1.548e-16,7.186e-09,-1,9.918e-09,9.918e-09,-1,-1,1,D1,5.000e-04,14,3,0,20,647,ln32_s2.0_seed1,0.000e+00,0.000e+00,0,0,fast,767.784,0.000278331,70.42,40,2,0,1,1,ln32_s2.0_seed1_L3_mant_lo_b14_S20_t0,colored,1,2.0,13709.235,13736.541,13711.487,0.0436,0.0692,ok,20,e,0,1.000e-13
4.835009e-12,5.060521e-14,5.507777e-12,0.000000e+00,0.000000e+00,32,mant_lo,persistent,20,1.548e-16,2.423e-09,-1,9.918e-09,9.918e-09,-1,-1,1,D1,5.000e-04,14,3,0,20,187,ln32_s2.0_seed1,0.000e+00,0.000e+00,0,0,fast,767.784,0.000278331,70.42,40,2,0,1,1,ln32_s2.0_seed1_L3_mant_lo_b14_S20_t1,colored,1,2.0,13781.958,13743.777,13739.041,0.0478,0.0585,ok,30,e,0,1.000e-13
1.824441e-12,1.339677e-14,1.824441e-12,0.000000e+00,0.000000e+00,32,mant_lo,persistent,-1,1.548e-16,5.715e-11,-1,9.918e-09,9.918e-09,-1,-1,1,none,5.000e-04,14,3,0,20,862,ln32_s2.0_seed1,0.000e+00,0.000e+00,0,0,fast,767.784,0.000278331,70.42,40,2,0,1,1,ln32_s2.0_seed1_L3_mant_lo_b14_S20_t2,colored,1,2.0,13718.880,13713.346,13745.781,0.0543,0.0543,ok,39,e,0,1.000e-13
1.237651e-11,0.000000e+00,1.237651e-11,0.000000e+00,0.000000e+00,32,mant_lo,persistent,36,1.548e-16,5.526e-09,-1,9.918e-09,9.918e-09,-1,-1,1,D1,5.000e-04,14,3,0,36,647,ln32_s2.0_seed1,0.000e+00,0.000e+00,0,0,fast,767.784,0.000278331,70.42,40,2,0,1,1,ln32_s2.0_seed1_L3_mant_lo_b14_S36_t0,colored,1,2.0,13698.171,13687.873,13713.713,0.0453,0.0453,ok,39,e,0,1.000e-13
2.784830e-12,0.000000e+00,2.784830e-12,0.000000e+00,0.000000e+00,32,mant_lo,persistent,36,1.548e-16,3.727e-09,-1,9.918e-09,9.918e-09,-1,-1,1,D1,5.000e-04,14,3,0,36,187,ln32_s2.0_seed1,0.000e+00,0.000e+00,0,0,fast,767.784,0.000278331,70.42,40,2,0,1,1,ln32_s2.0_seed1_L3_mant_lo_b14_S36_t1,colored,1,2.0,13770.610,13768.934,13788.478,0.0265,0.0265,ok,39,e,0,1.000e-13
7.346976e-13,0.000000e+00,7.346976e-13,0.000000e+00,0.000000e+00,32,mant_lo,persistent,-1,1.548e-16,4.395e-11,-1,9.918e-09,9.918e-09,-1,-1,1,none,5.000e-04,14,3,0,36,862,ln32_s2.0_seed1,0.000e+00,0.000e+00,0,0,fast,767.784,0.000278331,70.42,40,2,0,1,1,ln32_s2.0_seed1_L3_mant_lo_b14_S36_t2,colored,1,2.0,13702.397,13764.413,13741.692,0.0380,0.0380,ok,39,e,0,1.000e-13
1.243647e-08,3.329481e-10,3.438599e-08,0.000000e+00,0.000000e+00,32,mant_hi,persistent,4,1.548e-16,2.035e-04,-1,9.918e-09,9.918e-09,-1,-1,1,D1,5.000e-04,30,3,0,4,647,ln32_s2.0_seed1,0.000e+00,0.000e+00,0,1,fast,767.784,0.000278331,70.42,40,2,0,1,1,ln32_s2.0_seed1_L3_mant_hi_b30_S4_t0,colored,1,2.0,13701.020,13748.947,13677.051,0.0186,0.0605,ok,5,e,0,1.000e-13
2.030084e-09,5.557854e-11,5.924713e-09,0.000000e+00,0.000000e+00,32,mant_hi,persistent,4,1.548e-16,1.724e-05,-1,9.918e-09,9.918e-09,-1,-1,1,D1,5.000e-04,30,3,0,4,187,ln32_s2.0_seed1,0.000e+00,0.000e+00,0,1,fast,767.784,0.000278331,70.42,40,2,0,1,1,ln32_s2.0_seed1_L3_mant_hi_b30_S4_t1,colored,1,2.0,13733.817,13711.954,13687.811,0.1136,0.0118,ok,5,e,0,1.000e-13
1.315744e-10,6.330295e-12,1.072528e-09,0.000000e+00,0.000000e+00,32,mant_hi,persistent,4,1.548e-16,8.138e-07,-1,9.918e-09,9.918e-09,-1,-1,1,D1,5.000e-04,30,3,0,4,862,ln32_s2.0_seed1,0.000e+00,0.000e+00,0,1,fast,767.784,0.000278331,70.42,40,2,0,1,1,ln32_s2.0_seed1_L3_mant_hi_b30_S4_t2,colored,1,2.0,13743.298,13756.430,13704.413,0.7187,0.4043,ok,5,e,0,1.000e-13
4.642463e-08,5.048945e-10,5.902295e-08,0.000000e+00,0.000000e+00,32,mant_hi,persistent,20,1.548e-16,3.929e-04,-1,9.918e-09,9.918e-09,-1,-1,1,D1,5.000e-04,30,3,0,20,647,ln32_s2.0_seed1,0.000e+00,0.000e+00,0,0,fast,767.784,0.000278331,70.42,40,2,0,1,1,ln32_s2.0_seed1_L3_mant_hi_b30_S20_t0,colored,1,2.0,13740.469,13733.678,13740.300,0.0149,0.0547,ok,20,e,0,1.000e-13
3.033620e-08,3.292514e-10,3.710873e-08,0.000000e+00,0.000000e+00,32,mant_hi,persistent,20,1.548e-16,1.351e-04,-1,9.918e-09,9.918e-09,-1,-1,1,D1,5.000e-04,30,3,0,20,187,ln32_s2.0_seed1,0.000e+00,0.000e+00,0,0,fast,767.784,0.000278331,70.42,40,2,0,1,1,ln32_s2.0_seed1_L3_mant_hi_b30_S20_t1,colored,1,2.0,13722.462,13712.699,13784.262,0.0200,0.0061,ok,20,e,0,1.000e-13
9.957129e-10,1.468887e-11,2.172829e-09,0.000000e+00,0.000000e+00,32,mant_hi,persistent,20,1.548e-16,3.220e-06,-1,9.918e-09,9.918e-09,-1,-1,1,D1,5.000e-04,30,3,0,20,862,ln32_s2.0_seed1,0.000e+00,0.000e+00,0,0,fast,767.784,0.000278331,70.42,40,2,0,1,1,ln32_s2.0_seed1_L3_mant_hi_b30_S20_t2,colored,1,2.0,13768.805,13742.087,13763.737,0.6990,0.3513,ok,20,e,0,1.000e-13
4.176531e-08,0.000000e+00,4.176531e-08,0.000000e+00,0.000000e+00,32,mant_hi,persistent,36,1.548e-16,3.283e-04,-1,9.918e-09,9.918e-09,-1,-1,1,D1,5.000e-04,30,3,0,36,647,ln32_s2.0_seed1,0.000e+00,0.000e+00,0,0,fast,767.784,0.000278331,70.42,40,2,0,1,1,ln32_s2.0_seed1_L3_mant_hi_b30_S36_t0,colored,1,2.0,13753.545,13742.917,13765.623,0.0303,0.0303,ok,39,e,0,1.000e-13
5.644945e-08,0.000000e+00,5.644945e-08,0.000000e+00,0.000000e+00,32,mant_hi,persistent,36,1.548e-16,2.185e-04,-1,9.918e-09,9.918e-09,-1,-1,1,D1,5.000e-04,30,3,0,36,187,ln32_s2.0_seed1,0.000e+00,0.000e+00,0,0,fast,767.784,0.000278331,70.42,40,2,0,1,1,ln32_s2.0_seed1_L3_mant_hi_b30_S36_t1,colored,1,2.0,13707.973,13761.317,13728.777,0.0044,0.0044,ok,39,e,0,1.000e-13
1.320085e-09,0.000000e+00,1.320085e-09,0.000000e+00,0.000000e+00,32,mant_hi,persistent,36,1.548e-16,2.649e-06,-1,9.918e-09,9.918e-09,-1,-1,1,D1,5.000e-04,30,3,0,36,862,ln32_s2.0_seed1,0.000e+00,0.000e+00,0,0,fast,767.784,0.000278331,70.42,40,2,0,1,1,ln32_s2.0_seed1_L3_mant_hi_b30_S36_t2,colored,1,2.0,13748.039,13741.943,13742.932,0.4354,0.4354,ok,39,e,0,1.000e-13
1.205356e+03,3.226412e+01,3.329603e+03,0.000000e+00,0.000000e+00,32,mant_hi,persistent,4,1.548e-16,9.824e-03,4,9.918e-09,1.632e+02,4,-1,1,D1+D2+D3,5.000e-04,37,3,0,4,647,ln32_s2.0_seed1,0.000e+00,0.000e+00,0,426,fast,767.784,0.000278331,70.42,40,2,0,1,1,ln32_s2.0_seed1_L3_mant_hi_b37_S4_t0,colored,1,2.0,13738.867,13712.790,14299.678,0.0134,0.0598,ok,5,e,0,1.000e-13
2.648356e-01,7.207939e-03,7.604858e-01,0.000000e+00,0.000000e+00,32,mant_hi,persistent,4,1.548e-16,3.266e-03,4,9.918e-09,2.717e-04,4,-1,1,D1+D2+D3,5.000e-04,37,3,0,4,187,ln32_s2.0_seed1,0.000e+00,0.000e+00,0,426,fast,767.784,0.000278331,70.42,40,2,0,1,1,ln32_s2.0_seed1_L3_mant_hi_b37_S4_t1,colored,1,2.0,13709.058,13719.403,15714.298,0.0011,0.0024,ok,5,e,0,1.000e-13
1.132258e-08,2.999116e-10,3.087625e-08,0.000000e+00,0.000000e+00,32,mant_hi,persistent,4,1.548e-16,1.029e-04,-1,9.918e-09,9.918e-09,-1,-1,1,D1,5.000e-04,37,3,0,4,862,ln32_s2.0_seed1,0.000e+00,0.000e+00,0,1,fast,767.784,0.000278331,70.42,40,2,0,1,1,ln32_s2.0_seed1_L3_mant_hi_b37_S4_t2,colored,1,2.0,13735.484,13764.506,13662.820,0.0535,0.2121,ok,5,e,0,1.000e-13
7.321393e+10,7.941075e+08,9.224779e+10,0.000000e+00,0.000000e+00,32,mant_hi,persistent,20,1.548e-16,9.826e-03,20,9.918e-09,6.802e+09,20,-1,1,D1+D2+D3,5.000e-04,37,3,0,20,647,ln32_s2.0_seed1,0.000e+00,0.000e+00,0,430,fast,767.784,0.000278331,70.42,40,2,0,1,1,ln32_s2.0_seed1_L3_mant_hi_b37_S20_t0,colored,1,2.0,13719.665,13718.787,15450.505,0.0056,0.0519,ok,20,e,0,1.000e-13
2.861102e+01,3.100873e-01,3.484766e+01,0.000000e+00,0.000000e+00,32,mant_hi,persistent,20,1.548e-16,5.083e-03,20,9.918e-09,1.121e-01,20,-1,1,D1+D2+D3,5.000e-04,37,3,0,20,187,ln32_s2.0_seed1,0.000e+00,0.000e+00,0,430,fast,767.784,0.000278331,70.42,40,2,0,1,1,ln32_s2.0_seed1_L3_mant_hi_b37_S20_t1,colored,1,2.0,13721.188,13686.102,15408.056,0.0009,0.0021,ok,20,e,0,1.000e-13
4.695919e+00,4.978494e-02,5.499599e+00,0.000000e+00,0.000000e+00,32,mant_hi,persistent,20,1.548e-16,5.709e-03,20,9.918e-09,1.331e+00,20,-1,1,D1+D2+D3,5.000e-04,37,3,0,20,862,ln32_s2.0_seed1,0.000e+00,0.000e+00,0,430,fast,767.784,0.000278331,70.42,40,2,0,1,1,ln32_s2.0_seed1_L3_mant_hi_b37_S20_t2,colored,1,2.0,13754.743,13703.377,15937.023,0.0950,0.1708,ok,20,e,0,1.000e-13
4.037158e-01,0.000000e+00,4.037158e-01,0.000000e+00,0.000000e+00,32,mant_hi,persistent,36,1.548e-16,3.614e-03,36,9.918e-09,7.988e-04,36,-1,1,D1+D2+D3,5.000e-04,37,3,0,36,647,ln32_s2.0_seed1,0.000e+00,0.000e+00,0,433,fast,767.784,0.000278331,70.42,40,2,0,1,1,ln32_s2.0_seed1_L3_mant_hi_b37_S36_t0,colored,1,2.0,13734.739,13698.334,15830.419,0.0230,0.0230,ok,39,e,0,1.000e-13
1.877682e+01,0.000000e+00,1.877682e+01,0.000000e+00,0.000000e+00,32,mant_hi,persistent,36,1.548e-16,5.078e-03,36,9.918e-09,3.044e-02,36,-1,1,D1+D2+D3,5.000e-04,37,3,0,36,187,ln32_s2.0_seed1,0.000e+00,0.000e+00,0,433,fast,767.784,0.000278331,70.42,40,2,0,1,1,ln32_s2.0_seed1_L3_mant_hi_b37_S36_t1,colored,1,2.0,13746.112,13762.797,15789.285,0.0013,0.0013,ok,39,e,0,1.000e-13
1.619914e+01,0.000000e+00,1.619914e+01,0.000000e+00,0.000000e+00,32,mant_hi,persistent,36,1.548e-16,5.786e-03,36,9.918e-09,1.900e+00,36,-1,1,D1+D2+D3,5.000e-04,37,3,0,36,862,ln32_s2.0_seed1,0.000e+00,0.000e+00,0,433,fast,767.784,0.000278331,70.42,40,2,0,1,1,ln32_s2.0_seed1_L3_mant_hi_b37_S36_t2,colored,1,2.0,13706.388,13712.351,15892.648,0.0646,0.0646,ok,39,e,0,1.000e-13
3.492772e+03,9.349357e+01,9.648942e+03,0.000000e+00,0.000000e+00,32,exp,persistent,4,1.548e-16,9.823e-03,4,9.918e-09,4.084e+01,4,-1,1,D1+D2+D3,5.000e-04,57,3,0,4,647,ln32_s2.0_seed1,0.000e+00,0.000e+00,0,426,fast,767.784,0.000278331,70.42,40,2,0,1,1,ln32_s2.0_seed1_L3_exp_b57_S4_t0,colored,1,2.0,13736.823,13721.516,14286.551,0.0140,0.0599,ok,5,e,0,1.000e-13
5.654271e+04,1.538903e+03,1.623646e+05,0.000000e+00,0.000000e+00,32,exp,persistent,4,1.548e-16,5.085e-03,4,9.918e-09,3.887e+01,4,-1,1,D1+D2+D3,5.000e-04,57,3,0,4,187,ln32_s2.0_seed1,0.000e+00,0.000e+00,0,426,fast,767.784,0.000278331,70.42,40,2,0,1,1,ln32_s2.0_seed1_L3_exp_b57_S4_t1,colored,1,2.0,13751.766,13744.268,13228.034,0.0011,0.0024,ok,5,e,0,1.000e-13
5.975573e+06,1.582970e+05,1.630341e+07,0.000000e+00,0.000000e+00,32,exp,persistent,4,1.548e-16,5.799e-03,4,9.918e-09,2.805e+06,4,-1,1,D1+D2+D3,5.000e-04,57,3,0,4,862,ln32_s2.0_seed1,0.000e+00,0.000e+00,0,426,fast,767.784,0.000278331,70.42,40,2,0,1,1,ln32_s2.0_seed1_L3_exp_b57_S4_t2,colored,1,2.0,13766.271,13754.262,15225.871,0.0444,0.2110,ok,5,e,0,1.000e-13
2.446352e+04,2.653639e+02,3.081707e+04,0.000000e+00,0.000000e+00,32,exp,persistent,20,1.548e-16,9.824e-03,20,9.918e-09,2.514e+03,20,-1,1,D1+D2+D3,5.000e-04,57,3,0,20,647,ln32_s2.0_seed1,0.000e+00,0.000e+00,0,430,fast,767.784,0.000278331,70.42,40,2,0,1,1,ln32_s2.0_seed1_L3_exp_b57_S20_t0,colored,1,2.0,13716.156,13723.131,15410.869,0.0082,0.0546,ok,20,e,0,1.000e-13
2.423016e+08,2.626084e+06,2.951214e+08,0.000000e+00,0.000000e+00,32,exp,persistent,20,1.548e-16,5.085e-03,20,9.918e-09,1.956e+06,20,-1,1,D1+D2+D3,5.000e-04,57,3,0,20,187,ln32_s2.0_seed1,0.000e+00,0.000e+00,0,430,fast,767.784,0.000278331,70.42,40,2,0,1,1,ln32_s2.0_seed1_L3_exp_b57_S20_t1,colored,1,2.0,13694.575,13757.530,14858.901,0.0009,0.0021,ok,20,e,0,1.000e-13
7.021516e+13,7.444011e+11,8.228603e+13,0.000000e+00,0.000000e+00,32,exp,persistent,20,1.548e-16,5.802e-03,20,9.918e-09,2.172e+13,20,-1,1,D1+D2+D3,5.000e-04,57,3,0,20,862,ln32_s2.0_seed1,0.000e+00,0.000e+00,0,430,fast,767.784,0.000278331,70.42,40,2,0,1,1,ln32_s2.0_seed1_L3_exp_b57_S20_t2,colored,1,2.0,13741.413,13692.149,15791.316,0.0525,0.1683,ok,20,e,0,1.000e-13
5.111465e+05,0.000000e+00,5.111465e+05,0.000000e+00,0.000000e+00,32,exp,persistent,36,1.548e-16,9.587e-03,36,9.918e-09,4.991e+05,36,-1,1,D1+D2+D3,5.000e-04,57,3,0,36,647,ln32_s2.0_seed1,0.000e+00,0.000e+00,0,433,fast,767.784,0.000278331,70.42,40,2,0,1,1,ln32_s2.0_seed1_L3_exp_b57_S36_t0,colored,1,2.0,13712.717,13780.359,16054.854,0.3110,0.3110,ok,39,e,0,1.000e-13
4.574521e+04,0.000000e+00,4.574521e+04,0.000000e+00,0.000000e+00,32,exp,persistent,36,1.548e-16,5.085e-03,36,9.918e-09,2.015e+02,36,-1,1,D1+D2+D3,5.000e-04,57,3,0,36,187,ln32_s2.0_seed1,0.000e+00,0.000e+00,0,433,fast,767.784,0.000278331,70.42,40,2,0,1,1,ln32_s2.0_seed1_L3_exp_b57_S36_t1,colored,1,2.0,13825.412,13861.690,15889.146,0.0013,0.0013,ok,39,e,0,1.000e-13
9.602023e+01,0.000000e+00,9.602023e+01,0.000000e+00,0.000000e+00,32,exp,persistent,36,1.548e-16,5.798e-03,36,9.918e-09,5.753e+00,36,-1,1,D1+D2+D3,5.000e-04,57,3,0,36,862,ln32_s2.0_seed1,0.000e+00,0.000e+00,0,433,fast,767.784,0.000278331,70.42,40,2,0,1,1,ln32_s2.0_seed1_L3_exp_b57_S36_t2,colored,1,2.0,13756.519,13789.695,15981.574,0.0699,0.0699,ok,39,e,0,1.000e-13
2.019576e+03,5.405851e+01,5.578811e+03,0.000000e+00,0.000000e+00,32,exp,persistent,4,1.548e-16,9.824e-03,4,9.918e-09,5.034e+01,4,-1,1,D1+D2+D3,5.000e-04,54,3,0,4,647,ln32_s2.0_seed1,0.000e+00,0.000e+00,0,426,fast,767.784,0.000278331,70.42,40,2,0,1,1,ln32_s2.0_seed1_L3_exp_b54_S4_t0,colored,1,2.0,13874.739,13797.259,14385.705,0.0136,0.0598,ok,5,e,0,1.000e-13
2.827967e+04,7.696780e+02,8.120618e+04,0.000000e+00,0.000000e+00,32,exp,persistent,4,1.548e-16,5.085e-03,4,9.918e-09,1.461e+01,4,-1,1,D1+D2+D3,5.000e-04,54,3,0,4,187,ln32_s2.0_seed1,0.000e+00,0.000e+00,0,426,fast,767.784,0.000278331,70.42,40,2,0,1,1,ln32_s2.0_seed1_L3_exp_b54_S4_t1,colored,1,2.0,13771.560,16891.342,13363.744,0.0011,0.0024,ok,5,e,0,1.000e-13
3.671497e+03,9.716667e+01,9.993156e+03,0.000000e+00,0.000000e+00,32,exp,persistent,4,1.548e-16,5.807e-03,4,9.918e-09,2.864e+03,4,-1,1,D1+D2+D3,5.000e-04,54,3,0,4,862,ln32_s2.0_seed1,0.000e+00,0.000e+00,0,426,fast,767.784,0.000278331,70.42,40,2,0,1,1,ln32_s2.0_seed1_L3_exp_b54_S4_t2,colored,1,2.0,13727.526,13760.430,15114.725,0.0432,0.2102,ok,5,e,0,1.000e-13
1.242312e+06,1.347573e+04,1.564918e+06,0.000000e+00,0.000000e+00,32,exp,persistent,20,1.548e-16,9.824e-03,20,9.918e-09,1.302e+05,20,-1,1,D1+D2+D3,5.000e-04,54,3,0,20,647,ln32_s2.0_seed1,0.000e+00,0.000e+00,0,430,fast,767.784,0.000278331,70.42,40,2,0,1,1,ln32_s2.0_seed1_L3_exp_b54_S20_t0,colored,1,2.0,13746.954,13711.421,15440.532,0.0079,0.0545,ok,20,e,0,1.000e-13
4.173009e+15,4.368776e+13,4.904903e+15,0.000000e+00,0.000000e+00,32,exp,persistent,20,1.548e-16,5.736e-03,20,9.918e-09,2.039e+15,20,-1,1,D1+D2+D3,5.000e-04,54,3,0,20,187,ln32_s2.0_seed1,0.000e+00,0.000e+00,0,73,fast,767.784,0.000278331,70.42,40,2,0,1,1,ln32_s2.0_seed1_L3_exp_b54_S20_t1,colored,1,2.0,13741.141,13715.452,14037.738,0.0235,0.0074,ok,25,e,0,1.000e-13
4.588285e+02,4.864213e+00,5.376446e+02,0.000000e+00,0.000000e+00,32,exp,persistent,20,1.548e-16,5.803e-03,20,9.918e-09,1.307e+02,20,-1,1,D1+D2+D3,5.000e-04,54,3,0,20,862,ln32_s2.0_seed1,0.000e+00,0.000e+00,0,430,fast,767.784,0.000278331,70.42,40,2,0,1,1,ln32_s2.0_seed1_L3_exp_b54_S20_t2,colored,1,2.0,13713.471,13735.269,15714.209,0.0504,0.1682,ok,20,e,0,1.000e-13
7.291240e+01,0.000000e+00,7.291240e+01,0.000000e+00,0.000000e+00,32,exp,persistent,36,1.548e-16,9.473e-03,36,9.918e-09,5.198e+01,36,-1,1,D1+D2+D3,5.000e-04,54,3,0,36,647,ln32_s2.0_seed1,0.000e+00,0.000e+00,0,433,fast,767.784,0.000278331,70.42,40,2,0,1,1,ln32_s2.0_seed1_L3_exp_b54_S36_t0,colored,1,2.0,13773.287,13737.781,15988.996,0.2922,0.2922,ok,39,e,0,1.000e-13
4.288668e+04,0.000000e+00,4.288668e+04,0.000000e+00,0.000000e+00,32,exp,persistent,36,1.548e-16,5.085e-03,36,9.918e-09,1.565e+02,36,-1,1,D1+D2+D3,5.000e-04,54,3,0,36,187,ln32_s2.0_seed1,0.000e+00,0.000e+00,0,433,fast,767.784,0.000278331,70.42,40,2,0,1,1,ln32_s2.0_seed1_L3_exp_b54_S36_t1,colored,1,2.0,13764.566,13744.853,15865.327,0.0013,0.0013,ok,39,e,0,1.000e-13
4.266099e+02,0.000000e+00,4.266099e+02,0.000000e+00,0.000000e+00,32,exp,persistent,36,1.548e-16,5.798e-03,36,9.918e-09,5.125e+01,36,-1,1,D1+D2+D3,5.000e-04,54,3,0,36,862,ln32_s2.0_seed1,0.000e+00,0.000e+00,0,433,fast,767.784,0.000278331,70.42,40,2,0,1,1,ln32_s2.0_seed1_L3_exp_b54_S36_t2,colored,1,2.0,13763.509,13741.062,15903.713,0.0695,0.0695,ok,39,e,0,1.000e-13
1.107132e+04,2.963394e+02,3.058211e+04,0.000000e+00,0.000000e+00,32,sign,persistent,4,1.548e-16,9.824e-03,4,9.918e-09,5.075e+02,4,-1,1,D1+D2+D3,5.000e-04,63,3,0,4,647,ln32_s2.0_seed1,0.000e+00,0.000e+00,0,426,fast,767.784,0.000278331,70.42,40,2,0,1,1,ln32_s2.0_seed1_L3_sign_b63_S4_t0,colored,1,2.0,13776.027,13743.060,14377.320,0.0130,0.0595,ok,5,e,0,1.000e-13
1.729473e+04,4.707048e+02,4.966251e+04,0.000000e+00,0.000000e+00,32,sign,persistent,4,1.548e-16,5.085e-03,4,9.918e-09,4.613e+01,4,-1,1,D1+D2+D3,5.000e-04,63,3,0,4,187,ln32_s2.0_seed1,0.000e+00,0.000e+00,0,426,fast,767.784,0.000278331,70.42,40,2,0,1,1,ln32_s2.0_seed1_L3_sign_b63_S4_t1,colored,1,2.0,13752.779,13778.676,13340.611,0.0011,0.0024,ok,5,e,0,1.000e-13
1.084337e+12,2.872141e+10,2.958089e+12,0.000000e+00,0.000000e+00,32,sign,persistent,4,1.548e-16,5.798e-03,4,9.918e-09,2.229e+11,4,-1,1,D1+D2+D3,5.000e-04,63,3,0,4,862,ln32_s2.0_seed1,0.000e+00,0.000e+00,0,426,fast,767.784,0.000278331,70.42,40,2,0,1,1,ln32_s2.0_seed1_L3_sign_b63_S4_t2,colored,1,2.0,13711.798,13709.617,15159.032,0.0419,0.2112,ok,5,e,0,1.000e-13
1.542564e+01,1.674233e-01,1.947761e+01,0.000000e+00,0.000000e+00,32,sign,persistent,20,1.548e-16,9.822e-03,20,9.918e-09,2.597e+00,20,-1,1,D1+D2+D3,5.000e-04,63,3,0,20,647,ln32_s2.0_seed1,0.000e+00,0.000e+00,0,430,fast,767.784,0.000278331,70.42,40,2,0,1,1,ln32_s2.0_seed1_L3_sign_b63_S20_t0,colored,1,2.0,13731.160,13723.599,15426.129,0.0185,0.0541,ok,20,e,0,1.000e-13
1.169958e+05,1.268003e+03,1.424982e+05,0.000000e+00,0.000000e+00,32,sign,persistent,20,1.548e-16,5.085e-03,20,9.918e-09,5.335e+02,20,-1,1,D1+D2+D3,5.000e-04,63,3,0,20,187,ln32_s2.0_seed1,0.000e+00,0.000e+00,0,430,fast,767.784,0.000278331,70.42,40,2,0,1,1,ln32_s2.0_seed1_L3_sign_b63_S20_t1,colored,1,2.0,13759.251,13731.787,14823.214,0.0009,0.0021,ok,20,e,0,1.000e-13
1.306323e+14,1.385550e+12,1.532504e+14,0.000000e+00,0.000000e+00,32,sign,persistent,20,1.548e-16,5.795e-03,20,9.918e-09,3.914e+13,20,-1,1,D1+D2+D3,5.000e-04,63,3,0,20,862,ln32_s2.0_seed1,0.000e+00,0.000e+00,0,430,fast,767.784,0.000278331,70.42,40,2,0,1,1,ln32_s2.0_seed1_L3_sign_b63_S20_t2,colored,1,2.0,13788.224,13760.488,15744.542,0.0571,0.1687,ok,20,e,0,1.000e-13
1.806581e+14,0.000000e+00,1.806581e+14,0.000000e+00,0.000000e+00,32,sign,persistent,36,1.548e-16,1.164e-02,36,9.918e-09,3.817e+14,36,-1,1,D1+D2+D3,5.000e-04,63,3,0,36,647,ln32_s2.0_seed1,0.000e+00,0.000e+00,0,43,fast,767.784,0.000278331,70.42,40,2,0,1,1,ln32_s2.0_seed1_L3_sign_b63_S36_t0,colored,1,2.0,13771.157,13721.394,14098.825,0.2229,0.2229,ok,39,e,0,1.000e-13
5.799478e+05,0.000000e+00,5.799478e+05,0.000000e+00,0.000000e+00,32,sign,persistent,36,1.548e-16,5.086e-03,36,9.918e-09,4.491e+03,36,-1,1,D1+D2+D3,5.000e-04,63,3,0,36,187,ln32_s2.0_seed1,0.000e+00,0.000e+00,0,433,fast,767.784,0.000278331,70.42,40,2,0,1,1,ln32_s2.0_seed1_L3_sign_b63_S36_t1,colored,1,2.0,13786.699,13759.695,15823.799,0.0013,0.0013,ok,39,e,0,1.000e-13
8.359672e+12,0.000000e+00,8.359672e+12,0.000000e+00,0.000000e+00,32,sign,persistent,36,1.548e-16,5.796e-03,36,9.918e-09,1.151e+12,36,-1,1,D1+D2+D3,5.000e-04,63,3,0,36,862,ln32_s2.0_seed1,0.000e+00,0.000e+00,0,433,fast,767.784,0.000278331,70.42,40,2,0,1,1,ln32_s2.0_seed1_L3_sign_b63_S36_t2,colored,1,2.0,13767.198,13763.268,15877.736,0.0668,0.0668,ok,39,e,0,1.000e-13
1.107132e+04,2.963394e+02,3.058211e+04,0.000000e+00,0.000000e+00,32,sign,persistent,4,1.548e-16,9.824e-03,4,9.918e-09,5.075e+02,4,-1,1,D1+D2+D3,5.000e-04,63,3,0,4,647,ln32_s2.0_seed1,0.000e+00,0.000e+00,0,426,fast,767.784,0.000278331,70.42,40,2,0,1,1,ln32_s2.0_seed1_L3_sign_b63_S4_t0,colored,1,2.0,13763.301,13783.941,14377.742,0.0130,0.0595,ok,5,e,0,1.000e-13
1.729473e+04,4.707048e+02,4.966251e+04,0.000000e+00,0.000000e+00,32,sign,persistent,4,1.548e-16,5.085e-03,4,9.918e-09,4.613e+01,4,-1,1,D1+D2+D3,5.000e-04,63,3,0,4,187,ln32_s2.0_seed1,0.000e+00,0.000e+00,0,426,fast,767.784,0.000278331,70.42,40,2,0,1,1,ln32_s2.0_seed1_L3_sign_b63_S4_t1,colored,1,2.0,13696.353,13772.931,13382.851,0.0011,0.0024,ok,5,e,0,1.000e-13
1.084337e+12,2.872141e+10,2.958089e+12,0.000000e+00,0.000000e+00,32,sign,persistent,4,1.548e-16,5.798e-03,4,9.918e-09,2.229e+11,4,-1,1,D1+D2+D3,5.000e-04,63,3,0,4,862,ln32_s2.0_seed1,0.000e+00,0.000e+00,0,426,fast,767.784,0.000278331,70.42,40,2,0,1,1,ln32_s2.0_seed1_L3_sign_b63_S4_t2,colored,1,2.0,13725.467,13727.218,15061.976,0.0419,0.2112,ok,5,e,0,1.000e-13
1.542564e+01,1.674233e-01,1.947761e+01,0.000000e+00,0.000000e+00,32,sign,persistent,20,1.548e-16,9.822e-03,20,9.918e-09,2.597e+00,20,-1,1,D1+D2+D3,5.000e-04,63,3,0,20,647,ln32_s2.0_seed1,0.000e+00,0.000e+00,0,430,fast,767.784,0.000278331,70.42,40,2,0,1,1,ln32_s2.0_seed1_L3_sign_b63_S20_t0,colored,1,2.0,13742.101,13702.089,15498.162,0.0185,0.0541,ok,20,e,0,1.000e-13
1.169958e+05,1.268003e+03,1.424982e+05,0.000000e+00,0.000000e+00,32,sign,persistent,20,1.548e-16,5.085e-03,20,9.918e-09,5.335e+02,20,-1,1,D1+D2+D3,5.000e-04,63,3,0,20,187,ln32_s2.0_seed1,0.000e+00,0.000e+00,0,430,fast,767.784,0.000278331,70.42,40,2,0,1,1,ln32_s2.0_seed1_L3_sign_b63_S20_t1,colored,1,2.0,13727.202,13720.619,14827.297,0.0009,0.0021,ok,20,e,0,1.000e-13
1.306323e+14,1.385550e+12,1.532504e+14,0.000000e+00,0.000000e+00,32,sign,persistent,20,1.548e-16,5.795e-03,20,9.918e-09,3.914e+13,20,-1,1,D1+D2+D3,5.000e-04,63,3,0,20,862,ln32_s2.0_seed1,0.000e+00,0.000e+00,0,430,fast,767.784,0.000278331,70.42,40,2,0,1,1,ln32_s2.0_seed1_L3_sign_b63_S20_t2,colored,1,2.0,13774.360,13693.104,15751.615,0.0571,0.1687,ok,20,e,0,1.000e-13
1.806581e+14,0.000000e+00,1.806581e+14,0.000000e+00,0.000000e+00,32,sign,persistent,36,1.548e-16,1.164e-02,36,9.918e-09,3.817e+14,36,-1,1,D1+D2+D3,5.000e-04,63,3,0,36,647,ln32_s2.0_seed1,0.000e+00,0.000e+00,0,43,fast,767.784,0.000278331,70.42,40,2,0,1,1,ln32_s2.0_seed1_L3_sign_b63_S36_t0,colored,1,2.0,13736.889,13720.689,14038.627,0.2229,0.2229,ok,39,e,0,1.000e-13
5.799478e+05,0.000000e+00,5.799478e+05,0.000000e+00,0.000000e+00,32,sign,persistent,36,1.548e-16,5.086e-03,36,9.918e-09,4.491e+03,36,-1,1,D1+D2+D3,5.000e-04,63,3,0,36,187,ln32_s2.0_seed1,0.000e+00,0.000e+00,0,433,fast,767.784,0.000278331,70.42,40,2,0,1,1,ln32_s2.0_seed1_L3_sign_b63_S36_t1,colored,1,2.0,13736.968,13782.807,15816.852,0.0013,0.0013,ok,39,e,0,1.000e-13
8.359672e+12,0.000000e+00,8.359672e+12,0.000000e+00,0.000000e+00,32,sign,persistent,36,1.548e-16,5.796e-03,36,9.918e-09,1.151e+12,36,-1,1,D1+D2+D3,5.000e-04,63,3,0,36,862,ln32_s2.0_seed1,0.000e+00,0.000e+00,0,433,fast,767.784,0.000278331,70.42,40,2,0,1,1,ln32_s2.0_seed1_L3_sign_b63_S36_t2,colored,1,2.0,13795.850,13745.406,15935.626,0.0668,0.0668,ok,39,e,0,1.000e-13
1.199093e-13,8.441120e-15,2.229563e-12,0.000000e+00,0.000000e+00,32,mant_lo,persistent,-1,1.093e-16,1.200e-16,-1,9.917e-09,9.917e-09,-1,-1,1,none,5.000e-04,13,1,0,4,2364,ln32_s2.0_seed2,0.000e+00,0.000e+00,0,0,fast,2827.04,0.000544912,61.62,40,1,0,1,1,ln32_s2.0_seed2_L1_mant_lo_b13_S4_t0,colored,2,2.0,3989.239,4190.408,5770.465,0.0392,0.0995,ok,5,e,0,1.000e-13
3.754409e-13,1.604271e-14,2.600469e-12,0.000000e+00,0.000000e+00,32,mant_lo,persistent,-1,1.093e-16,8.858e-17,-1,9.917e-09,9.917e-09,-1,-1,1,none,5.000e-04,13,1,0,4,31874,ln32_s2.0_seed2,0.000e+00,0.000e+00,0,0,fast,2827.04,0.000544912,61.62,40,1,0,1,1,ln32_s2.0_seed2_L1_mant_lo_b13_S4_t1,colored,2,2.0,4040.071,4120.766,5783.461,0.0324,0.0920,ok,5,e,0,1.000e-13
1.128302e-12,3.734032e-14,3.827475e-12,0.000000e+00,0.000000e+00,32,mant_lo,persistent,-1,1.093e-16,8.487e-17,-1,9.917e-09,9.917e-09,-1,-1,1,none,5.000e-04,13,1,0,4,15814,ln32_s2.0_seed2,0.000e+00,0.000e+00,0,0,fast,2827.04,0.000544912,61.62,40,1,0,1,1,ln32_s2.0_seed2_L1_mant_lo_b13_S4_t2,colored,2,2.0,4097.970,4358.481,6505.787,0.0368,0.0903,ok,5,e,0,1.000e-13
1.418626e-14,1.250829e-16,2.804375e-14,0.000000e+00,0.000000e+00,32,mant_lo,benign,-1,1.093e-16,1.093e-16,-1,9.917e-09,9.917e-09,-1,-1,1,none,5.000e-04,13,1,0,20,2364,ln32_s2.0_seed2,0.000e+00,0.000e+00,0,0,fast,2827.04,0.000544912,61.62,40,1,0,1,1,ln32_s2.0_seed2_L1_mant_lo_b13_S20_t0,colored,2,2.0,3976.036,4319.627,6110.215,0.0732,0.1145,ok,25,e,0,1.000e-13
6.302539e-14,2.983406e-16,6.302539e-14,0.000000e+00,0.000000e+00,32,mant_lo,benign,-1,1.093e-16,1.253e-16,-1,9.917e-09,9.917e-09,-1,-1,1,none,5.000e-04,13,1,0,20,31874,ln32_s2.0_seed2,0.000e+00,0.000e+00,0,0,fast,2827.04,0.000544912,61.62,40,1,0,1,1,ln32_s2.0_seed2_L1_mant_lo_b13_S20_t1,colored,2,2.0,3902.673,4184.022,5834.491,0.0701,0.0701,ok,39,e,0,1.000e-13
1.297840e-14,1.415947e-16,2.525301e-14,0.000000e+00,0.000000e+00,32,mant_lo,benign,-1,1.093e-16,1.093e-16,-1,9.917e-09,9.917e-09,-1,-1,1,none,5.000e-04,13,1,0,20,15814,ln32_s2.0_seed2,0.000e+00,0.000e+00,0,0,fast,2827.04,0.000544912,61.62,40,1,0,1,1,ln32_s2.0_seed2_L1_mant_lo_b13_S20_t2,colored,2,2.0,4006.945,4464.215,6501.108,0.0787,0.1580,ok,25,e,0,1.000e-13
1.333844e-14,0.000000e+00,1.333844e-14,0.000000e+00,0.000000e+00,32,mant_lo,benign,-1,1.093e-16,1.093e-16,-1,9.917e-09,9.917e-09,-1,-1,1,none,5.000e-04,13,1,0,36,2364,ln32_s2.0_seed2,0.000e+00,0.000e+00,0,0,fast,2827.04,0.000544912,61.62,40,1,0,1,1,ln32_s2.0_seed2_L1_mant_lo_b13_S36_t0,colored,2,2.0,3913.762,4298.780,6113.605,0.1168,0.1168,ok,39,e,0,1.000e-13
7.881516e-15,0.000000e+00,7.881516e-15,0.000000e+00,0.000000e+00,32,mant_lo,benign,-1,1.093e-16,1.093e-16,-1,9.917e-09,9.917e-09,-1,-1,1,none,5.000e-04,13,1,0,36,31874,ln32_s2.0_seed2,0.000e+00,0.000e+00,0,0,fast,2827.04,0.000544912,61.62,40,1,0,1,1,ln32_s2.0_seed2_L1_mant_lo_b13_S36_t1,colored,2,2.0,4153.626,4556.724,6617.142,0.1203,0.1203,ok,39,e,0,1.000e-13
2.414818e-14,0.000000e+00,2.414818e-14,0.000000e+00,0.000000e+00,32,mant_lo,benign,-1,1.093e-16,1.093e-16,-1,9.917e-09,9.917e-09,-1,-1,1,none,5.000e-04,13,1,0,36,15814,ln32_s2.0_seed2,0.000e+00,0.000e+00,0,0,fast,2827.04,0.000544912,61.62,40,1,0,1,1,ln32_s2.0_seed2_L1_mant_lo_b13_S36_t2,colored,2,2.0,3929.456,4130.257,5869.385,0.0853,0.0853,ok,39,e,0,1.000e-13
2.819362e-14,1.222680e-14,4.559069e-12,0.000000e+00,0.000000e+00,32,mant_lo,transient,-1,1.093e-16,1.134e-16,-1,9.917e-09,9.917e-09,-1,-1,1,none,5.000e-04,6,1,0,4,2364,ln32_s2.0_seed2,0.000e+00,0.000e+00,0,0,fast,2827.04,0.000544912,61.62,40,1,0,1,1,ln32_s2.0_seed2_L1_mant_lo_b6_S4_t0,colored,2,2.0,3956.327,4217.341,5862.453,0.0329,0.1667,ok,5,e,0,1.000e-13
6.792551e-13,1.711295e-14,1.891333e-12,0.000000e+00,0.000000e+00,32,mant_lo,persistent,-1,1.093e-16,1.096e-16,-1,9.917e-09,9.917e-09,-1,-1,1,none,5.000e-04,6,1,0,4,31874,ln32_s2.0_seed2,0.000e+00,0.000e+00,0,0,fast,2827.04,0.000544912,61.62,40,1,0,1,1,ln32_s2.0_seed2_L1_mant_lo_b6_S4_t1,colored,2,2.0,3985.828,4428.857,6328.139,0.0519,0.0907,ok,10,e,0,1.000e-13
2.019910e-13,5.302889e-15,5.147757e-13,0.000000e+00,0.000000e+00,32,mant_lo,persistent,-1,1.093e-16,9.475e-17,-1,9.917e-09,9.917e-09,-1,-1,1,none,5.000e-04,6,1,0,4,15814,ln32_s2.0_seed2,0.000e+00,0.000e+00,0,0,fast,2827.04,0.000544912,61.62,40,1,0,1,1,ln32_s2.0_seed2_L1_mant_lo_b6_S4_t2,colored,2,2.0,3977.378,4583.380,6676.060,0.0417,0.0947,ok,10,e,0,1.000e-13
1.798231e-15,1.358230e-16,2.439615e-14,0.000000e+00,0.000000e+00,32,mant_lo,benign,-1,1.093e-16,1.348e-16,-1,9.917e-09,9.917e-09,-1,-1,1,none,5.000e-04,6,1,0,20,2364,ln32_s2.0_seed2,0.000e+00,0.000e+00,0,0,fast,2827.04,0.000544912,61.62,40,1,0,1,1,ln32_s2.0_seed2_L1_mant_lo_b6_S20_t0,colored,2,2.0,4004.217,4388.902,6335.189,0.0907,0.3520,ok,35,e,0,1.000e-13
6.809355e-15,7.864867e-17,1.483798e-14,0.000000e+00,0.000000e+00,32,mant_lo,benign,-1,1.093e-16,1.314e-16,-1,9.917e-09,9.917e-09,-1,-1,1,none,5.000e-04,6,1,0,20,31874,ln32_s2.0_seed2,0.000e+00,0.000e+00,0,0,fast,2827.04,0.000544912,61.62,40,1,0,1,1,ln32_s2.0_seed2_L1_mant_lo_b6_S20_t1,colored,2,2.0,3847.226,4144.154,5675.144,0.1243,0.2214,ok,25,e,0,1.000e-13
5.968472e-14,2.865087e-16,5.968472e-14,0.000000e+00,0.000000e+00,32,mant_lo,benign,-1,1.093e-16,1.348e-16,-1,9.917e-09,9.917e-09,-1,-1,1,none,5.000e-04,6,1,0,20,15814,ln32_s2.0_seed2,0.000e+00,0.000e+00,0,0,fast,2827.04,0.000544912,61.62,40,1,0,1,1,ln32_s2.0_seed2_L1_mant_lo_b6_S20_t2,colored,2,2.0,3956.137,4258.439,6136.294,0.0679,0.0679,ok,39,e,0,1.000e-13
1.958111e-14,0.000000e+00,1.958111e-14,0.000000e+00,0.000000e+00,32,mant_lo,benign,-1,1.093e-16,1.093e-16,-1,9.917e-09,9.917e-09,-1,-1,1,none,5.000e-04,6,1,0,36,2364,ln32_s2.0_seed2,0.000e+00,0.000e+00,0,0,fast,2827.04,0.000544912,61.62,40,1,0,1,1,ln32_s2.0_seed2_L1_mant_lo_b6_S36_t0,colored,2,2.0,3817.769,4357.115,6091.072,0.0762,0.0762,ok,39,e,0,1.000e-13
4.201373e-15,0.000000e+00,4.201373e-15,0.000000e+00,0.000000e+00,32,mant_lo,benign,-1,1.093e-16,1.093e-16,-1,9.917e-09,9.917e-09,-1,-1,1,none,5.000e-04,6,1,0,36,31874,ln32_s2.0_seed2,0.000e+00,0.000e+00,0,0,fast,2827.04,0.000544912,61.62,40,1,0,1,1,ln32_s2.0_seed2_L1_mant_lo_b6_S36_t1,colored,2,2.0,3879.292,4416.555,6080.329,0.1829,0.1829,ok,39,e,0,1.000e-13
2.052486e-14,0.000000e+00,2.052486e-14,0.000000e+00,0.000000e+00,32,mant_lo,benign,-1,1.093e-16,1.093e-16,-1,9.917e-09,9.917e-09,-1,-1,1,none,5.000e-04,6,1,0,36,15814,ln32_s2.0_seed2,0.000e+00,0.000e+00,0,0,fast,2827.04,0.000544912,61.62,40,1,0,1,1,ln32_s2.0_seed2_L1_mant_lo_b6_S36_t2,colored,2,2.0,4070.125,4431.211,6207.624,0.0808,0.0808,ok,39,e,0,1.000e-13
2.456524e-13,7.168732e-15,7.925149e-13,0.000000e+00,0.000000e+00,32,mant_hi,persistent,-1,1.093e-16,1.365e-16,-1,9.917e-09,9.917e-09,-1,-1,1,none,5.000e-04,35,1,0,4,2364,ln32_s2.0_seed2,0.000e+00,0.000e+00,0,0,fast,2827.04,0.000544912,61.62,40,1,0,1,1,ln32_s2.0_seed2_L1_mant_hi_b35_S4_t0,colored,2,2.0,3854.592,4445.843,6284.817,0.0960,0.0999,ok,5,e,0,1.000e-13
1.264361e-12,4.019274e-14,3.737184e-12,0.000000e+00,0.000000e+00,32,mant_hi,persistent,-1,1.093e-16,1.047e-16,-1,9.917e-09,9.917e-09,-1,-1,1,none,5.000e-04,35,1,0,4,31874,ln32_s2.0_seed2,0.000e+00,0.000e+00,0,0,fast,2827.04,0.000544912,61.62,40,1,0,1,1,ln32_s2.0_seed2_L1_mant_hi_b35_S4_t1,colored,2,2.0,3908.975,4280.750,6320.529,0.0328,0.0897,ok,5,e,0,1.000e-13
4.339424e-11,7.570148e-12,1.978695e-09,0.000000e+00,0.000000e+00,32,mant_hi,persistent,-1,1.093e-16,1.282e-16,-1,9.917e-09,9.917e-09,-1,-1,1,none,5.000e-04,35,1,0,4,15814,ln32_s2.0_seed2,0.000e+00,0.000e+00,0,0,fast,2827.04,0.000544912,61.62,40,1,0,1,1,ln32_s2.0_seed2_L1_mant_hi_b35_S4_t2,colored,2,2.0,4202.107,4575.239,6847.450,0.0060,0.3179,ok,5,e,0,1.000e-13
5.089153e-14,1.373631e-14,5.110452e-12,0.000000e+00,0.000000e+00,32,mant_hi,transient,-1,1.093e-16,1.093e-16,-1,9.917e-09,9.917e-09,-1,-1,1,none,5.000e-04,35,1,0,20,2364,ln32_s2.0_seed2,0.000e+00,0.000e+00,0,0,fast,2827.04,0.000544912,61.62,40,1,0,1,1,ln32_s2.0_seed2_L1_mant_hi_b35_S20_t0,colored,2,2.0,3813.896,4595.120,6331.428,0.0317,0.3222,ok,20,e,0,1.000e-13
7.165929e-14,7.255052e-16,1.363674e-13,0.000000e+00,0.000000e+00,32,mant_hi,transient,-1,1.093e-16,1.426e-16,-1,9.917e-09,9.917e-09,-1,-1,1,none,5.000e-04,35,1,0,20,31874,ln32_s2.0_seed2,0.000e+00,0.000e+00,0,0,fast,2827.04,0.000544912,61.62,40,1,0,1,1,ln32_s2.0_seed2_L1_mant_hi_b35_S20_t1,colored,2,2.0,3985.847,4224.216,6009.476,0.0039,0.0753,ok,20,e,0,1.000e-13
6.599758e-10,3.682534e-11,1.041971e-08,0.000000e+00,0.000000e+00,32,mant_hi,persistent,-1,1.093e-16,1.314e-16,-1,9.917e-09,9.917e-09,-1,-1,1,none,5.000e-04,35,1,0,20,15814,ln32_s2.0_seed2,0.000e+00,0.000e+00,0,0,fast,2827.04,0.000544912,61.62,40,1,0,1,1,ln32_s2.0_seed2_L1_mant_hi_b35_S20_t2,colored,2,2.0,3985.094,4253.877,5852.098,0.0029,0.1958,ok,20,e,0,1.000e-13
5.876838e-13,0.000000e+00,5.876838e-13,0.000000e+00,0.000000e+00,32,mant_hi,persistent,-1,1.093e-16,1.093e-16,-1,9.917e-09,9.917e-09,-1,-1,1,none,5.000e-04,35,1,0,36,2364,ln32_s2.0_seed2,0.000e+00,0.000e+00,0,0,fast,2827.04,0.000544912,61.62,40,1,0,1,1,ln32_s2.0_seed2_L1_mant_hi_b35_S36_t0,colored,2,2.0,4087.480,4365.935,6051.633,0.1070,0.1070,ok,39,e,0,1.000e-13
3.425901e-13,0.000000e+00,3.425901e-13,0.000000e+00,0.000000e+00,32,mant_hi,persistent,-1,1.093e-16,1.093e-16,-1,9.917e-09,9.917e-09,-1,-1,1,none,5.000e-04,35,1,0,36,31874,ln32_s2.0_seed2,0.000e+00,0.000e+00,0,0,fast,2827.04,0.000544912,61.62,40,1,0,1,1,ln32_s2.0_seed2_L1_mant_hi_b35_S36_t1,colored,2,2.0,3898.004,4490.412,6299.192,0.0111,0.0111,ok,39,e,0,1.000e-13
2.483490e-09,0.000000e+00,2.483490e-09,0.000000e+00,0.000000e+00,32,mant_hi,persistent,-1,1.093e-16,1.093e-16,-1,9.917e-09,9.917e-09,-1,-1,1,none,5.000e-04,35,1,0,36,15814,ln32_s2.0_seed2,0.000e+00,0.000e+00,0,0,fast,2827.04,0.000544912,61.62,40,1,0,1,1,ln32_s2.0_seed2_L1_mant_hi_b35_S36_t2,colored,2,2.0,3871.292,4237.865,5888.173,0.0139,0.0139,ok,39,e,0,1.000e-13
6.876818e-13,2.374613e-14,3.284570e-12,0.000000e+00,0.000000e+00,32,mant_hi,persistent,-1,1.093e-16,1.226e-16,-1,9.917e-09,9.917e-09,-1,-1,1,none,5.000e-04,32,1,0,4,2364,ln32_s2.0_seed2,0.000e+00,0.000e+00,0,0,fast,2827.04,0.000544912,61.62,40,1,0,1,1,ln32_s2.0_seed2_L1_mant_hi_b32_S4_t0,colored,2,2.0,4107.578,4471.055,6357.418,0.0527,0.0903,ok,5,e,0,1.000e-13
8.623272e-13,3.195067e-14,4.408226e-12,0.000000e+00,0.000000e+00,32,mant_hi,persistent,-1,1.093e-16,1.032e-16,-1,9.917e-09,9.917e-09,-1,-1,1,none,5.000e-04,32,1,0,4,31874,ln32_s2.0_seed2,0.000e+00,0.000e+00,0,0,fast,2827.04,0.000544912,61.62,40,1,0,1,1,ln32_s2.0_seed2_L1_mant_hi_b32_S4_t1,colored,2,2.0,3970.674,4161.180,5680.762,0.0339,0.0903,ok,5,e,0,1.000e-13
5.455156e-12,9.466753e-13,2.473655e-10,0.000000e+00,0.000000e+00,32,mant_hi,persistent,-1,1.093e-16,1.282e-16,-1,9.917e-09,9.917e-09,-1,-1,1,none,5.000e-04,32,1,0,4,15814,ln32_s2.0_seed2,0.000e+00,0.000e+00,0,0,fast,2827.04,0.000544912,61.62,40,1,0,1,1,ln32_s2.0_seed2_L1_mant_hi_b32_S4_t2,colored,2,2.0,3908.054,4656.560,6432.579,0.0097,0.3364,ok,5,e,0,1.000e-13
7.667543e-15,1.780593e-15,6.388082e-13,0.000000e+00,0.000000e+00,32,mant_hi,transient,-1,1.093e-16,1.470e-16,-1,9.917e-09,9.917e-09,-1,-1,1,none,5.000e-04,32,1,0,20,2364,ln32_s2.0_seed2,0.000e+00,0.000e+00,0,0,fast,2827.04,0.000544912,61.62,40,1,0,1,1,ln32_s2.0_seed2_L1_mant_hi_b32_S20_t0,colored,2,2.0,3876.537,4251.854,6395.558,0.0318,0.3529,ok,20,e,0,1.000e-13
1.594514e-14,1.654184e-16,3.072035e-14,0.000000e+00,0.000000e+00,32,mant_hi,benign,-1,1.093e-16,1.093e-16,-1,9.917e-09,9.917e-09,-1,-1,1,none,5.000e-04,32,1,0,20,31874,ln32_s2.0_seed2,0.000e+00,0.000e+00,0,0,fast,2827.04,0.000544912,61.62,40,1,0,1,1,ln32_s2.0_seed2_L1_mant_hi_b32_S20_t1,colored,2,2.0,4192.749,4583.361,6928.425,0.0767,0.1183,ok,30,e,0,1.000e-13
8.249699e-11,4.603168e-12,1.302464e-09,0.000000e+00,0.000000e+00,32,mant_hi,persistent,-1,1.093e-16,1.093e-16,-1,9.917e-09,9.917e-09,-1,-1,1,none,5.000e-04,32,1,0,20,15814,ln32_s2.0_seed2,0.000e+00,0.000e+00,0,0,fast,2827.04,0.000544912,61.62,40,1,0,1,1,ln32_s2.0_seed2_L1_mant_hi_b32_S20_t2,colored,2,2.0,3860.761,4434.453,6401.169,0.0029,0.1958,ok,20,e,0,1.000e-13
7.411134e-14,0.000000e+00,7.411134e-14,0.000000e+00,0.000000e+00,32,mant_hi,benign,-1,1.093e-16,1.093e-16,-1,9.917e-09,9.917e-09,-1,-1,1,none,5.000e-04,32,1,0,36,2364,ln32_s2.0_seed2,0.000e+00,0.000e+00,0,0,fast,2827.04,0.000544912,61.62,40,1,0,1,1,ln32_s2.0_seed2_L1_mant_hi_b32_S36_t0,colored,2,2.0,3994.370,4294.523,5982.018,0.1183,0.1183,ok,39,e,0,1.000e-13
4.315632e-14,0.000000e+00,4.315632e-14,0.000000e+00,0.000000e+00,32,mant_hi,benign,-1,1.093e-16,1.093e-16,-1,9.917e-09,9.917e-09,-1,-1,1,none,5.000e-04,32,1,0,36,31874,ln32_s2.0_seed2,0.000e+00,0.000e+00,0,0,fast,2827.04,0.000544912,61.62,40,1,0,1,1,ln32_s2.0_seed2_L1_mant_hi_b32_S36_t1,colored,2,2.0,3853.189,4177.295,5958.086,0.0165,0.0165,ok,39,e,0,1.000e-13
3.104363e-10,0.000000e+00,3.104363e-10,0.000000e+00,0.000000e+00,32,mant_hi,persistent,-1,1.093e-16,1.093e-16,-1,9.917e-09,9.917e-09,-1,-1,1,none,5.000e-04,32,1,0,36,15814,ln32_s2.0_seed2,0.000e+00,0.000e+00,0,0,fast,2827.04,0.000544912,61.62,40,1,0,1,1,ln32_s2.0_seed2_L1_mant_hi_b32_S36_t2,colored,2,2.0,3993.401,4228.883,6045.877,0.0139,0.0139,ok,39,e,0,1.000e-13
3.775945e-09,1.790627e-09,5.972964e-07,0.000000e+00,0.000000e+00,32,exp,persistent,-1,1.093e-16,6.926e-17,-1,9.917e-09,9.917e-09,-1,-1,1,none,5.000e-04,54,1,0,4,2364,ln32_s2.0_seed2,0.000e+00,0.000e+00,0,0,fast,2827.04,0.000544912,61.62,40,1,0,1,1,ln32_s2.0_seed2_L1_exp_b54_S4_t0,colored,2,2.0,4116.248,4357.268,6497.128,0.0610,0.4654,ok,5,e,0,1.000e-13
2.316298e-11,6.253248e-12,1.684178e-09,0.000000e+00,0.000000e+00,32,exp,persistent,-1,1.093e-16,1.314e-16,-1,9.917e-09,9.917e-09,-1,-1,1,none,5.000e-04,54,1,0,4,31874,ln32_s2.0_seed2,0.000e+00,0.000e+00,0,0,fast,2827.04,0.000544912,61.62,40,1,0,1,1,ln32_s2.0_seed2_L1_exp_b54_S4_t1,colored,2,2.0,4030.246,4238.630,5917.801,0.0014,0.0209,ok,5,e,0,1.000e-13
9.442605e-05,1.647298e-05,4.305734e-03,0.000000e+00,0.000000e+00,32,exp,persistent,-1,1.093e-16,1.257e-16,-1,9.917e-09,9.917e-09,-1,-1,1,none,5.000e-04,54,1,0,4,15814,ln32_s2.0_seed2,0.000e+00,0.000e+00,0,0,fast,2827.04,0.000544912,61.62,40,1,0,1,1,ln32_s2.0_seed2_L1_exp_b54_S4_t2,colored,2,2.0,4074.458,4576.074,6307.964,0.0060,0.3141,ok,5,e,0,1.000e-13
6.279159e-09,2.053904e-09,7.671471e-07,0.000000e+00,0.000000e+00,32,exp,persistent,-1,1.093e-16,1.093e-16,-1,9.917e-09,9.917e-09,-1,-1,1,none,5.000e-04,54,1,0,20,2364,ln32_s2.0_seed2,0.000e+00,0.000e+00,0,0,fast,2827.04,0.000544912,61.62,40,1,0,1,1,ln32_s2.0_seed2_L1_exp_b54_S20_t0,colored,2,2.0,3946.262,4211.910,6200.904,0.0317,0.2946,ok,20,e,0,1.000e-13
1.229082e-09,7.283486e-11,1.937817e-08,0.000000e+00,0.000000e+00,32,exp,persistent,-1,1.093e-16,1.177e-16,-1,9.917e-09,9.917e-09,-1,-1,1,none,5.000e-04,54,1,0,20,31874,ln32_s2.0_seed2,0.000e+00,0.000e+00,0,0,fast,2827.04,0.000544912,61.62,40,1,0,1,1,ln32_s2.0_seed2_L1_exp_b54_S20_t1,colored,2,2.0,3971.234,4298.718,5980.949,0.0011,0.0093,ok,20,e,0,1.000e-13
8.116333e-05,4.528752e-06,1.281408e-03,0.000000e+00,0.000000e+00,32,exp,persistent,-1,1.093e-16,1.093e-16,-1,9.917e-09,9.917e-09,-1,-1,1,none,5.000e-04,54,1,0,20,15814,ln32_s2.0_seed2,0.000e+00,0.000e+00,0,0,fast,2827.04,0.000544912,61.62,40,1,0,1,1,ln32_s2.0_seed2_L1_exp_b54_S20_t2,colored,2,2.0,3940.959,4303.575,6493.674,0.0029,0.1958,ok,20,e,0,1.000e-13
8.702749e-08,0.000000e+00,8.702749e-08,0.000000e+00,0.000000e+00,32,exp,persistent,-1,1.093e-16,1.093e-16,-1,9.917e-09,9.917e-09,-1,-1,1,none,5.000e-04,54,1,0,36,2364,ln32_s2.0_seed2,0.000e+00,0.000e+00,0,0,fast,2827.04,0.000544912,61.62,40,1,0,1,1,ln32_s2.0_seed2_L1_exp_b54_S36_t0,colored,2,2.0,3945.947,4270.770,5990.159,0.0949,0.0949,ok,39,e,0,1.000e-13
8.286202e-08,0.000000e+00,8.286202e-08,0.000000e+00,0.000000e+00,32,exp,persistent,-1,1.093e-16,1.093e-16,-1,9.917e-09,9.917e-09,-1,-1,1,none,5.000e-04,54,1,0,36,31874,ln32_s2.0_seed2,0.000e+00,0.000e+00,0,0,fast,2827.04,0.000544912,61.62,40,1,0,1,1,ln32_s2.0_seed2_L1_exp_b54_S36_t1,colored,2,2.0,3881.992,4209.543,6235.113,0.0028,0.0028,ok,39,e,0,1.000e-13
5.816253e-04,0.000000e+00,5.816253e-04,0.000000e+00,0.000000e+00,32,exp,persistent,-1,1.093e-16,1.093e-16,-1,9.917e-09,9.917e-09,-1,-1,1,none,5.000e-04,54,1,0,36,15814,ln32_s2.0_seed2,0.000e+00,0.000e+00,0,0,fast,2827.04,0.000544912,61.62,40,1,0,1,1,ln32_s2.0_seed2_L1_exp_b54_S36_t2,colored,2,2.0,4087.962,4520.133,6390.315,0.0139,0.0139,ok,39,e,0,1.000e-13
2.517251e-10,1.193733e-10,3.981915e-08,0.000000e+00,0.000000e+00,32,exp,persistent,-1,1.093e-16,1.348e-16,-1,9.917e-09,9.917e-09,-1,-1,1,none,5.000e-04,56,1,0,4,2364,ln32_s2.0_seed2,0.000e+00,0.000e+00,0,0,fast,2827.04,0.000544912,61.62,40,1,0,1,1,ln32_s2.0_seed2_L1_exp_b56_S4_t0,colored,2,2.0,3884.143,4325.183,6504.962,0.0610,0.4695,ok,5,e,0,1.000e-13
1.012565e-07,2.732154e-08,7.358199e-06,0.000000e+00,0.000000e+00,32,exp,persistent,-1,1.093e-16,8.487e-17,-1,9.917e-09,9.917e-09,-1,-1,1,none,5.000e-04,56,1,0,4,31874,ln32_s2.0_seed2,0.000e+00,0.000e+00,0,0,fast,2827.04,0.000544912,61.62,40,1,0,1,1,ln32_s2.0_seed2_L1_exp_b56_S4_t1,colored,2,2.0,3876.765,3975.677,5820.107,0.0014,0.0154,ok,5,e,0,1.000e-13
6.294974e-06,1.098182e-06,2.870446e-04,0.000000e+00,0.000000e+00,32,exp,persistent,-1,1.093e-16,1.253e-16,-1,9.917e-09,9.917e-09,-1,-1,1,none,5.000e-04,56,1,0,4,15814,ln32_s2.0_seed2,0.000e+00,0.000e+00,0,0,fast,2827.04,0.000544912,61.62,40,1,0,1,1,ln32_s2.0_seed2_L1_exp_b56_S4_t2,colored,2,2.0,3932.740,4239.615,5973.775,0.0060,0.3141,ok,5,e,0,1.000e-13
6.697667e-09,2.190798e-09,8.182777e-07,0.000000e+00,0.000000e+00,32,exp,persistent,-1,1.093e-16,1.093e-16,-1,9.917e-09,9.917e-09,-1,-1,1,none,5.000e-04,56,1,0,20,2364,ln32_s2.0_seed2,0.000e+00,0.000e+00,0,0,fast,2827.04,0.000544912,61.62,40,1,0,1,1,ln32_s2.0_seed2_L1_exp_b56_S20_t0,colored,2,2.0,4103.966,4337.559,6147.229,0.0317,0.2946,ok,20,e,0,1.000e-13
8.591778e-05,5.091448e-06,1.354612e-03,0.000000e+00,0.000000e+00,32,exp,persistent,-1,1.093e-16,1.200e-16,-1,9.917e-09,9.917e-09,-1,-1,1,none,5.000e-04,56,1,0,20,31874,ln32_s2.0_seed2,0.000e+00,0.000e+00,0,0,fast,2827.04,0.000544912,61.62,40,1,0,1,1,ln32_s2.0_seed2_L1_exp_b56_S20_t1,colored,2,2.0,4021.020,4099.249,6207.745,0.0011,0.0093,ok,20,e,0,1.000e-13
8.657290e-05,4.830595e-06,1.366815e-03,0.000000e+00,0.000000e+00,32,exp,persistent,-1,1.093e-16,1.093e-16,-1,9.917e-09,9.917e-09,-1,-1,1,none,5.000e-04,56,1,0,20,15814,ln32_s2.0_seed2,0.000e+00,0.000e+00,0,0,fast,2827.04,0.000544912,61.62,40,1,0,1,1,ln32_s2.0_seed2_L1_exp_b56_S20_t2,colored,2,2.0,3971.685,4295.680,5934.484,0.0029,0.1958,ok,20,e,0,1.000e-13
9.282791e-08,0.000000e+00,9.282791e-08,0.000000e+00,0.000000e+00,32,exp,persistent,-1,1.093e-16,1.093e-16,-1,9.917e-09,9.917e-09,-1,-1,1,none,5.000e-04,56,1,0,36,2364,ln32_s2.0_seed2,0.000e+00,0.000e+00,0,0,fast,2827.04,0.000544912,61.62,40,1,0,1,1,ln32_s2.0_seed2_L1_exp_b56_S36_t0,colored,2,2.0,3965.815,4263.021,6457.023,0.0949,0.0949,ok,39,e,0,1.000e-13
5.792387e-03,0.000000e+00,5.792387e-03,0.000000e+00,0.000000e+00,32,exp,persistent,-1,1.093e-16,1.093e-16,-1,9.917e-09,9.917e-09,36,-1,1,D3,5.000e-04,56,1,0,36,31874,ln32_s2.0_seed2,0.000e+00,0.000e+00,0,0,fast,2827.04,0.000544912,61.62,40,1,0,1,1,ln32_s2.0_seed2_L1_exp_b56_S36_t1,colored,2,2.0,4107.088,4155.336,5782.741,0.0028,0.0028,ok,39,e,0,1.000e-13
6.203908e-04,0.000000e+00,6.203908e-04,0.000000e+00,0.000000e+00,32,exp,persistent,-1,1.093e-16,1.093e-16,-1,9.917e-09,9.917e-09,-1,-1,1,none,5.000e-04,56,1,0,36,15814,ln32_s2.0_seed2,0.000e+00,0.000e+00,0,0,fast,2827.04,0.000544912,61.62,40,1,0,1,1,ln32_s2.0_seed2_L1_exp_b56_S36_t2,colored,2,2.0,4037.467,4443.189,6280.191,0.0139,0.0139,ok,39,e,0,1.000e-13
5.034574e-10,2.387503e-10,7.963952e-08,0.000000e+00,0.000000e+00,32,sign,persistent,-1,1.093e-16,1.518e-16,-1,9.917e-09,9.917e-09,-1,-1,1,none,5.000e-04,63,1,0,4,2364,ln32_s2.0_seed2,0.000e+00,0.000e+00,0,0,fast,2827.04,0.000544912,61.62,40,1,0,1,1,ln32_s2.0_seed2_L1_sign_b63_S4_t0,colored,2,2.0,3996.427,4668.189,6427.034,0.0610,0.4668,ok,5,e,0,1.000e-13
3.610811e-12,8.386693e-13,2.246106e-10,0.000000e+00,0.000000e+00,32,sign,persistent,-1,1.093e-16,9.752e-17,-1,9.917e-09,9.917e-09,-1,-1,1,none,5.000e-04,63,1,0,4,31874,ln32_s2.0_seed2,0.000e+00,0.000e+00,0,0,fast,2827.04,0.000544912,61.62,40,1,0,1,1,ln32_s2.0_seed2_L1_sign_b63_S4_t1,colored,2,2.0,3778.510,4094.949,5727.016,0.0059,0.0389,ok,5,e,0,1.000e-13
1.259014e-05,2.196397e-06,5.740979e-04,0.000000e+00,0.000000e+00,32,sign,persistent,-1,1.093e-16,1.282e-16,-1,9.917e-09,9.917e-09,-1,-1,1,none,5.000e-04,63,1,0,4,15814,ln32_s2.0_seed2,0.000e+00,0.000e+00,0,0,fast,2827.04,0.000544912,61.62,40,1,0,1,1,ln32_s2.0_seed2_L1_sign_b63_S4_t2,colored,2,2.0,3993.055,4228.227,5872.114,0.0060,0.3141,ok,5,e,0,1.000e-13
1.339554e-08,4.381662e-09,1.636580e-06,0.000000e+00,0.000000e+00,32,sign,persistent,-1,1.093e-16,1.348e-16,-1,9.917e-09,9.917e-09,-1,-1,1,none,5.000e-04,63,1,0,20,2364,ln32_s2.0_seed2,0.000e+00,0.000e+00,0,0,fast,2827.04,0.000544912,61.62,40,1,0,1,1,ln32_s2.0_seed2_L1_sign_b63_S20_t0,colored,2,2.0,3972.365,4382.966,6068.653,0.0317,0.2946,ok,20,e,0,1.000e-13
2.622042e-09,1.553810e-10,4.134009e-08,0.000000e+00,0.000000e+00,32,sign,persistent,-1,1.093e-16,1.093e-16,-1,9.917e-09,9.917e-09,-1,-1,1,none,5.000e-04,63,1,0,20,31874,ln32_s2.0_seed2,0.000e+00,0.000e+00,0,0,fast,2827.04,0.000544912,61.62,40,1,0,1,1,ln32_s2.0_seed2_L1_sign_b63_S20_t1,colored,2,2.0,3939.287,4160.941,5766.270,0.0011,0.0093,ok,20,e,0,1.000e-13
1.731484e-04,9.661338e-06,2.733671e-03,0.000000e+00,0.000000e+00,32,sign,persistent,-1,1.093e-16,1.093e-16,-1,9.917e-09,9.917e-09,-1,-1,1,none,5.000e-04,63,1,0,20,15814,ln32_s2.0_seed2,0.000e+00,0.000e+00,0,0,fast,2827.04,0.000544912,61.62,40,1,0,1,1,ln32_s2.0_seed2_L1_sign_b63_S20_t2,colored,2,2.0,4172.724,4306.038,5933.428,0.0029,0.1958,ok,20,e,0,1.000e-13
1.856587e-07,0.000000e+00,1.856587e-07,0.000000e+00,0.000000e+00,32,sign,persistent,-1,1.093e-16,1.093e-16,-1,9.917e-09,9.917e-09,-1,-1,1,none,5.000e-04,63,1,0,36,2364,ln32_s2.0_seed2,0.000e+00,0.000e+00,0,0,fast,2827.04,0.000544912,61.62,40,1,0,1,1,ln32_s2.0_seed2_L1_sign_b63_S36_t0,colored,2,2.0,3948.155,4162.027,5923.149,0.0949,0.0949,ok,39,e,0,1.000e-13
1.767723e-07,0.000000e+00,1.767723e-07,0.000000e+00,0.000000e+00,32,sign,persistent,-1,1.093e-16,1.093e-16,-1,9.917e-09,9.917e-09,-1,-1,1,none,5.000e-04,63,1,0,36,31874,ln32_s2.0_seed2,0.000e+00,0.000e+00,0,0,fast,2827.04,0.000544912,61.62,40,1,0,1,1,ln32_s2.0_seed2_L1_sign_b63_S36_t1,colored,2,2.0,4133.549,4245.884,6247.935,0.0028,0.0028,ok,39,e,0,1.000e-13
1.240801e-03,0.000000e+00,1.240801e-03,0.000000e+00,0.000000e+00,32,sign,persistent,-1,1.093e-16,1.093e-16,-1,9.917e-09,9.917e-09,-1,-1,1,none,5.000e-04,63,1,0,36,15814,ln32_s2.0_seed2,0.000e+00,0.000e+00,0,0,fast,2827.04,0.000544912,61.62,40,1,0,1,1,ln32_s2.0_seed2_L1_sign_b63_S36_t2,colored,2,2.0,3926.726,4454.850,6198.012,0.0139,0.0139,ok,39,e,0,1.000e-13
5.034574e-10,2.387503e-10,7.963952e-08,0.000000e+00,0.000000e+00,32,sign,persistent,-1,1.093e-16,1.518e-16,-1,9.917e-09,9.917e-09,-1,-1,1,none,5.000e-04,63,1,0,4,2364,ln32_s2.0_seed2,0.000e+00,0.000e+00,0,0,fast,2827.04,0.000544912,61.62,40,1,0,1,1,ln32_s2.0_seed2_L1_sign_b63_S4_t0,colored,2,2.0,3937.912,4327.167,5868.109,0.0610,0.4668,ok,5,e,0,1.000e-13
3.610811e-12,8.386693e-13,2.246106e-10,0.000000e+00,0.000000e+00,32,sign,persistent,-1,1.093e-16,9.752e-17,-1,9.917e-09,9.917e-09,-1,-1,1,none,5.000e-04,63,1,0,4,31874,ln32_s2.0_seed2,0.000e+00,0.000e+00,0,0,fast,2827.04,0.000544912,61.62,40,1,0,1,1,ln32_s2.0_seed2_L1_sign_b63_S4_t1,colored,2,2.0,4014.477,4243.584,6030.530,0.0059,0.0389,ok,5,e,0,1.000e-13
1.259014e-05,2.196397e-06,5.740979e-04,0.000000e+00,0.000000e+00,32,sign,persistent,-1,1.093e-16,1.282e-16,-1,9.917e-09,9.917e-09,-1,-1,1,none,5.000e-04,63,1,0,4,15814,ln32_s2.0_seed2,0.000e+00,0.000e+00,0,0,fast,2827.04,0.000544912,61.62,40,1,0,1,1,ln32_s2.0_seed2_L1_sign_b63_S4_t2,colored,2,2.0,3784.232,4532.247,6512.574,0.0060,0.3141,ok,5,e,0,1.000e-13
1.339554e-08,4.381662e-09,1.636580e-06,0.000000e+00,0.000000e+00,32,sign,persistent,-1,1.093e-16,1.348e-16,-1,9.917e-09,9.917e-09,-1,-1,1,none,5.000e-04,63,1,0,20,2364,ln32_s2.0_seed2,0.000e+00,0.000e+00,0,0,fast,2827.04,0.000544912,61.62,40,1,0,1,1,ln32_s2.0_seed2_L1_sign_b63_S20_t0,colored,2,2.0,4020.516,4170.558,5840.795,0.0317,0.2946,ok,20,e,0,1.000e-13
2.622042e-09,1.553810e-10,4.134009e-08,0.000000e+00,0.000000e+00,32,sign,persistent,-1,1.093e-16,1.093e-16,-1,9.917e-09,9.917e-09,-1,-1,1,none,5.000e-04,63,1,0,20,31874,ln32_s2.0_seed2,0.000e+00,0.000e+00,0,0,fast,2827.04,0.000544912,61.62,40,1,0,1,1,ln32_s2.0_seed2_L1_sign_b63_S20_t1,colored,2,2.0,3952.874,4447.927,6014.433,0.0011,0.0093,ok,20,e,0,1.000e-13
1.731484e-04,9.661338e-06,2.733671e-03,0.000000e+00,0.000000e+00,32,sign,persistent,-1,1.093e-16,1.093e-16,-1,9.917e-09,9.917e-09,-1,-1,1,none,5.000e-04,63,1,0,20,15814,ln32_s2.0_seed2,0.000e+00,0.000e+00,0,0,fast,2827.04,0.000544912,61.62,40,1,0,1,1,ln32_s2.0_seed2_L1_sign_b63_S20_t2,colored,2,2.0,3904.821,4133.035,5831.092,0.0029,0.1958,ok,20,e,0,1.000e-13
1.856587e-07,0.000000e+00,1.856587e-07,0.000000e+00,0.000000e+00,32,sign,persistent,-1,1.093e-16,1.093e-16,-1,9.917e-09,9.917e-09,-1,-1,1,none,5.000e-04,63,1,0,36,2364,ln32_s2.0_seed2,0.000e+00,0.000e+00,0,0,fast,2827.04,0.000544912,61.62,40,1,0,1,1,ln32_s2.0_seed2_L1_sign_b63_S36_t0,colored,2,2.0,3851.329,4254.155,6040.144,0.0949,0.0949,ok,39,e,0,1.000e-13
1.767723e-07,0.000000e+00,1.767723e-07,0.000000e+00,0.000000e+00,32,sign,persistent,-1,1.093e-16,1.093e-16,-1,9.917e-09,9.917e-09,-1,-1,1,none,5.000e-04,63,1,0,36,31874,ln32_s2.0_seed2,0.000e+00,0.000e+00,0,0,fast,2827.04,0.000544912,61.62,40,1,0,1,1,ln32_s2.0_seed2_L1_sign_b63_S36_t1,colored,2,2.0,3901.470,4128.642,5719.238,0.0028,0.0028,ok,39,e,0,1.000e-13
1.240801e-03,0.000000e+00,1.240801e-03,0.000000e+00,0.000000e+00,32,sign,persistent,-1,1.093e-16,1.093e-16,-1,9.917e-09,9.917e-09,-1,-1,1,none,5.000e-04,63,1,0,36,15814,ln32_s2.0_seed2,0.000e+00,0.000e+00,0,0,fast,2827.04,0.000544912,61.62,40,1,0,1,1,ln32_s2.0_seed2_L1_sign_b63_S36_t2,colored,2,2.0,3969.434,4299.223,6435.519,0.0139,0.0139,ok,39,e,0,1.000e-13
3.754695e-13,1.231741e-14,1.079375e-12,0.000000e+00,0.000000e+00,32,mant_lo,persistent,-1,1.093e-16,1.096e-16,-1,9.917e-09,9.917e-09,-1,-1,1,none,5.000e-04,13,2,0,4,10664,ln32_s2.0_seed2,0.000e+00,0.000e+00,0,0,fast,2827.04,0.000544912,61.62,40,1,0,1,1,ln32_s2.0_seed2_L2_mant_lo_b13_S4_t0,colored,2,2.0,4048.868,4292.175,6117.992,0.0445,0.0919,ok,10,e,0,1.000e-13
3.359417e-13,1.088920e-14,1.275890e-12,0.000000e+00,0.000000e+00,32,mant_lo,persistent,-1,1.093e-16,1.226e-16,-1,9.917e-09,9.917e-09,-1,-1,1,none,5.000e-04,13,2,0,4,12076,ln32_s2.0_seed2,0.000e+00,0.000e+00,0,0,fast,2827.04,0.000544912,61.62,40,1,0,1,1,ln32_s2.0_seed2_L2_mant_lo_b13_S4_t1,colored,2,2.0,4019.902,4290.598,6119.217,0.0320,0.0915,ok,5,e,0,1.000e-13
8.050577e-13,2.286041e-14,2.293970e-12,0.000000e+00,0.000000e+00,32,mant_lo,persistent,-1,1.093e-16,1.177e-16,-1,9.917e-09,9.917e-09,-1,-1,1,none,5.000e-04,13,2,0,4,30148,ln32_s2.0_seed2,0.000e+00,0.000e+00,0,0,fast,2827.04,0.000544912,61.62,40,1,0,1,1,ln32_s2.0_seed2_L2_mant_lo_b13_S4_t2,colored,2,2.0,3896.945,4300.742,6384.131,0.0514,0.0912,ok,10,e,0,1.000e-13
5.847706e-14,2.690104e-16,5.847706e-14,0.000000e+00,0.000000e+00,32,mant_lo,benign,-1,1.093e-16,1.134e-16,-1,9.917e-09,9.917e-09,-1,-1,1,none,5.000e-04,13,2,0,20,10664,ln32_s2.0_seed2,0.000e+00,0.000e+00,0,0,fast,2827.04,0.000544912,61.62,40,1,0,1,1,ln32_s2.0_seed2_L2_mant_lo_b13_S20_t0,colored,2,2.0,4194.525,4407.363,6263.548,0.0654,0.0654,ok,39,e,0,1.000e-13
5.236104e-14,4.349243e-16,6.669086e-14,0.000000e+00,0.000000e+00,32,mant_lo,benign,-1,1.093e-16,1.093e-16,-1,9.917e-09,9.917e-09,-1,-1,1,none,5.000e-04,13,2,0,20,12076,ln32_s2.0_seed2,0.000e+00,0.000e+00,0,0,fast,2827.04,0.000544912,61.62,40,1,0,1,1,ln32_s2.0_seed2_L2_mant_lo_b13_S20_t1,colored,2,2.0,4111.146,4528.307,6569.131,0.0550,0.0900,ok,25,e,0,1.000e-13
1.856389e-14,1.400697e-16,3.490210e-14,0.000000e+00,0.000000e+00,32,mant_lo,benign,-1,1.093e-16,1.093e-16,-1,9.917e-09,9.917e-09,-1,-1,1,none,5.000e-04,13,2,0,20,30148,ln32_s2.0_seed2,0.000e+00,0.000e+00,0,0,fast,2827.04,0.000544912,61.62,40,1,0,1,1,ln32_s2.0_seed2_L2_mant_lo_b13_S20_t2,colored,2,2.0,4003.367,4297.268,5993.442,0.0590,0.0869,ok,25,e,0,1.000e-13
1.182809e-14,0.000000e+00,1.182809e-14,0.000000e+00,0.000000e+00,32,mant_lo,benign,-1,1.093e-16,1.093e-16,-1,9.917e-09,9.917e-09,-1,-1,1,none,5.000e-04,13,2,0,36,10664,ln32_s2.0_seed2,0.000e+00,0.000e+00,0,0,fast,2827.04,0.000544912,61.62,40,1,0,1,1,ln32_s2.0_seed2_L2_mant_lo_b13_S36_t0,colored,2,2.0,3920.540,4355.021,5275.741,0.1187,0.1187,ok,39,e,0,1.000e-13
1.484154e-14,0.000000e+00,1.484154e-14,0.000000e+00,0.000000e+00,32,mant_lo,benign,-1,1.093e-16,1.093e-16,-1,9.917e-09,9.917e-09,-1,-1,1,none,5.000e-04,13,2,0,36,12076,ln32_s2.0_seed2,0.000e+00,0.000e+00,0,0,fast,2827.04,0.000544912,61.62,40,1,0,1,1,ln32_s2.0_seed2_L2_mant_lo_b13_S36_t1,colored,2,2.0,4008.968,4086.114,5748.221,0.1303,0.1303,ok,39,e,0,1.000e-13
1.496023e-14,0.000000e+00,1.496023e-14,0.000000e+00,0.000000e+00,32,mant_lo,benign,-1,1.093e-16,1.093e-16,-1,9.917e-09,9.917e-09,-1,-1,1,none,5.000e-04,13,2,0,36,30148,ln32_s2.0_seed2,0.000e+00,0.000e+00,0,0,fast,2827.04,0.000544912,61.62,40,1,0,1,1,ln32_s2.0_seed2_L2_mant_lo_b13_S36_t2,colored,2,2.0,4017.359,4356.107,6154.345,0.0826,0.0826,ok,39,e,0,1.000e-13
2.706596e-13,1.219504e-14,2.527167e-12,0.000000e+00,0.000000e+00,32,mant_lo,persistent,-1,1.093e-16,1.257e-16,-1,9.917e-09,9.917e-09,-1,-1,1,none,5.000e-04,6,2,0,4,10664,ln32_s2.0_seed2,0.000e+00,0.000e+00,0,0,fast,2827.04,0.000544912,61.62,40,1,0,1,1,ln32_s2.0_seed2_L2_mant_lo_b6_S4_t0,colored,2,2.0,3823.932,4263.445,6039.553,0.0326,0.0896,ok,5,e,0,1.000e-13
8.279404e-13,2.344147e-14,2.281887e-12,0.000000e+00,0.000000e+00,32,mant_lo,persistent,-1,1.093e-16,8.487e-17,-1,9.917e-09,9.917e-09,-1,-1,1,none,5.000e-04,6,2,0,4,12076,ln32_s2.0_seed2,0.000e+00,0.000e+00,0,0,fast,2827.04,0.000544912,61.62,40,1,0,1,1,ln32_s2.0_seed2_L2_mant_lo_b6_S4_t1,colored,2,2.0,4191.512,4394.371,5981.760,0.0452,0.0906,ok,10,e,0,1.000e-13
2.161877e-13,9.670351e-15,1.586321e-12,0.000000e+00,0.000000e+00,32,mant_lo,persistent,-1,1.093e-16,8.487e-17,-1,9.917e-09,9.917e-09,-1,-1,1,none,5.000e-04,6,2,0,4,30148,ln32_s2.0_seed2,0.000e+00,0.000e+00,0,0,fast,2827.04,0.000544912,61.62,40,1,0,1,1,ln32_s2.0_seed2_L2_mant_lo_b6_S4_t2,colored,2,2.0,3867.641,4653.906,6443.071,0.0323,0.0929,ok,5,e,0,1.000e-13
2.145773e-14,1.540519e-16,3.976233e-14,0.000000e+00,0.000000e+00,32,mant_lo,benign,-1,1.093e-16,1.093e-16,-1,9.917e-09,9.917e-09,-1,-1,1,none,5.000e-04,6,2,0,20,10664,ln32_s2.0_seed2,0.000e+00,0.000e+00,0,0,fast,2827.04,0.000544912,61.62,40,1,0,1,1,ln32_s2.0_seed2_L2_mant_lo_b6_S20_t0,colored,2,2.0,3904.521,4177.765,5973.651,0.0626,0.1185,ok,30,e,0,1.000e-13
3.382693e-14,1.562816e-16,3.382693e-14,0.000000e+00,0.000000e+00,32,mant_lo,benign,-1,1.093e-16,1.155e-16,-1,9.917e-09,9.917e-09,-1,-1,1,none,5.000e-04,6,2,0,20,12076,ln32_s2.0_seed2,0.000e+00,0.000e+00,0,0,fast,2827.04,0.000544912,61.62,40,1,0,1,1,ln32_s2.0_seed2_L2_mant_lo_b6_S20_t1,colored,2,2.0,4057.746,4226.561,5938.522,0.0794,0.0794,ok,39,e,0,1.000e-13
3.959809e-14,1.220845e-16,3.959809e-14,0.000000e+00,0.000000e+00,32,mant_lo,benign,-1,1.093e-16,1.093e-16,-1,9.917e-09,9.917e-09,-1,-1,1,none,5.000e-04,6,2,0,20,30148,ln32_s2.0_seed2,0.000e+00,0.000e+00,0,0,fast,2827.04,0.000544912,61.62,40,1,0,1,1,ln32_s2.0_seed2_L2_mant_lo_b6_S20_t2,colored,2,2.0,3961.993,4288.030,6198.326,0.0769,0.0769,ok,39,e,0,1.000e-13
9.837703e-16,0.000000e+00,9.837703e-16,0.000000e+00,0.000000e+00,32,mant_lo,benign,-1,1.093e-16,1.093e-16,-1,9.917e-09,9.917e-09,-1,-1,1,none,5.000e-04,6,2,0,36,10664,ln32_s2.0_seed2,0.000e+00,0.000e+00,0,0,fast,2827.04,0.000544912,61.62,40,1,0,1,1,ln32_s2.0_seed2_L2_mant_lo_b6_S36_t0,colored,2,2.0,3911.884,4367.659,6501.671,0.3449,0.3449,ok,39,e,0,1.000e-13
5.429571e-15,0.000000e+00,5.429571e-15,0.000000e+00,0.000000e+00,32,mant_lo,benign,-1,1.093e-16,1.093e-16,-1,9.917e-09,9.917e-09,-1,-1,1,none,5.000e-04,6,2,0,36,12076,ln32_s2.0_seed2,0.000e+00,0.000e+00,0,0,fast,2827.04,0.000544912,61.62,40,1,0,1,1,ln32_s2.0_seed2_L2_mant_lo_b6_S36_t1,colored,2,2.0,3992.536,4313.772,6058.739,0.1761,0.1761,ok,39,e,0,1.000e-13
1.717304e-14,0.000000e+00,1.717304e-14,0.000000e+00,0.000000e+00,32,mant_lo,benign,-1,1.093e-16,1.093e-16,-1,9.917e-09,9.917e-09,-1,-1,1,none,5.000e-04,6,2,0,36,30148,ln32_s2.0_seed2,0.000e+00,0.000e+00,0,0,fast,2827.04,0.000544912,61.62,40,1,0,1,1,ln32_s2.0_seed2_L2_mant_lo_b6_S36_t2,colored,2,2.0,3965.351,4348.399,6082.061,0.0674,0.0674,ok,39,e,0,1.000e-13
1.126291e-12,4.248072e-14,6.271781e-12,0.000000e+00,0.000000e+00,32,mant_hi,persistent,-1,1.093e-16,4.464e-15,-1,9.917e-09,9.917e-09,-1,-1,1,none,5.000e-04,30,2,0,4,10664,ln32_s2.0_seed2,0.000e+00,0.000e+00,0,0,fast,2827.04,0.000544912,61.62,40,1,0,1,1,ln32_s2.0_seed2_L2_mant_hi_b30_S4_t0,colored,2,2.0,4205.048,4355.646,6081.405,0.0316,0.1825,ok,5,e,0,1.000e-13
1.032110e-12,3.920281e-14,5.178664e-12,0.000000e+00,0.000000e+00,32,mant_hi,persistent,-1,1.093e-16,3.573e-14,-1,9.917e-09,9.917e-09,-1,-1,1,none,5.000e-04,30,2,0,4,12076,ln32_s2.0_seed2,0.000e+00,0.000e+00,0,0,fast,2827.04,0.000544912,61.62,40,1,0,1,1,ln32_s2.0_seed2_L2_mant_hi_b30_S4_t1,colored,2,2.0,3932.697,4261.517,5871.633,0.1623,0.3561,ok,5,e,0,1.000e-13
6.823045e-13,1.636216e-14,1.809546e-12,0.000000e+00,0.000000e+00,32,mant_hi,persistent,-1,1.093e-16,1.374e-16,-1,9.917e-09,9.917e-09,-1,-1,1,none,5.000e-04,30,2,0,4,30148,ln32_s2.0_seed2,0.000e+00,0.000e+00,0,0,fast,2827.04,0.000544912,61.62,40,1,0,1,1,ln32_s2.0_seed2_L2_mant_hi_b30_S4_t2,colored,2,2.0,4181.058,4454.844,6298.871,0.0457,0.0896,ok,10,e,0,1.000e-13
8.850357e-13,1.361940e-13,4.910456e-11,0.000000e+00,0.000000e+00,32,mant_hi,persistent,-1,1.093e-16,1.015e-14,-1,9.917e-09,9.917e-09,-1,-1,1,none,5.000e-04,30,2,0,20,10664,ln32_s2.0_seed2,0.000e+00,0.000e+00,0,0,fast,2827.04,0.000544912,61.62,40,1,0,1,1,ln32_s2.0_seed2_L2_mant_hi_b30_S20_t0,colored,2,2.0,3819.995,4468.312,6355.439,0.0035,0.2553,ok,20,e,0,1.000e-13
8.525823e-13,5.357380e-14,1.612727e-11,0.000000e+00,0.000000e+00,32,mant_hi,persistent,-1,1.093e-16,4.061e-14,-1,9.917e-09,9.917e-09,-1,-1,1,none,5.000e-04,30,2,0,20,12076,ln32_s2.0_seed2,0.000e+00,0.000e+00,0,0,fast,2827.04,0.000544912,61.62,40,1,0,1,1,ln32_s2.0_seed2_L2_mant_hi_b30_S20_t1,colored,2,2.0,3972.392,4059.699,5703.826,0.0359,0.5574,ok,20,e,0,1.000e-13
1.351317e-14,1.789823e-15,6.114657e-13,0.000000e+00,0.000000e+00,32,mant_hi,transient,-1,1.093e-16,6.346e-16,-1,9.917e-09,9.917e-09,-1,-1,1,none,5.000e-04,30,2,0,20,30148,ln32_s2.0_seed2,0.000e+00,0.000e+00,0,0,fast,2827.04,0.000544912,61.62,40,1,0,1,1,ln32_s2.0_seed2_L2_mant_hi_b30_S20_t2,colored,2,2.0,3851.484,4443.738,6530.568,0.0179,0.3240,ok,20,e,0,1.000e-13
6.530758e-12,0.000000e+00,6.530758e-12,0.000000e+00,0.000000e+00,32,mant_hi,persistent,-1,1.093e-16,1.421e-14,-1,9.917e-09,9.917e-09,-1,-1,1,none,5.000e-04,30,2,0,36,10664,ln32_s2.0_seed2,0.000e+00,0.000e+00,0,0,fast,2827.04,0.000544912,61.62,40,1,0,1,1,ln32_s2.0_seed2_L2_mant_hi_b30_S36_t0,colored,2,2.0,4181.802,4290.305,6062.698,0.0260,0.0260,ok,39,e,0,1.000e-13
5.793895e-12,0.000000e+00,5.793895e-12,0.000000e+00,0.000000e+00,32,mant_hi,persistent,-1,1.093e-16,5.683e-14,-1,9.917e-09,9.917e-09,-1,-1,1,none,5.000e-04,30,2,0,36,12076,ln32_s2.0_seed2,0.000e+00,0.000e+00,0,0,fast,2827.04,0.000544912,61.62,40,1,0,1,1,ln32_s2.0_seed2_L2_mant_hi_b30_S36_t1,colored,2,2.0,3806.862,4606.624,6303.181,0.2188,0.2188,ok,39,e,0,1.000e-13
9.922268e-14,0.000000e+00,9.922268e-14,0.000000e+00,0.000000e+00,32,mant_hi,benign,-1,1.093e-16,8.879e-16,-1,9.917e-09,9.917e-09,-1,-1,1,none,5.000e-04,30,2,0,36,30148,ln32_s2.0_seed2,0.000e+00,0.000e+00,0,0,fast,2827.04,0.000544912,61.62,40,1,0,1,1,ln32_s2.0_seed2_L2_mant_hi_b30_S36_t2,colored,2,2.0,4026.958,4122.158,5788.548,0.0885,0.0885,ok,39,e,0,1.000e-13
1.555804e-12,2.201010e-13,6.368946e-11,0.000000e+00,0.000000e+00,32,mant_hi,persistent,-1,1.093e-16,7.145e-14,-1,9.917e-09,9.917e-09,-1,-1,1,none,5.000e-04,34,2,0,4,10664,ln32_s2.0_seed2,0.000e+00,0.000e+00,0,0,fast,2827.04,0.000544912,61.62,40,1,0,1,1,ln32_s2.0_seed2_L2_mant_hi_b34_S4_t0,colored,2,2.0,3898.743,4453.776,6067.142,0.0119,0.3899,ok,5,e,0,1.000e-13
1.950598e-12,2.782081e-13,6.877637e-11,0.000000e+00,0.000000e+00,32,mant_hi,persistent,-1,1.093e-16,5.717e-13,-1,9.917e-09,9.917e-09,-1,-1,1,none,5.000e-04,34,2,0,4,12076,ln32_s2.0_seed2,0.000e+00,0.000e+00,0,0,fast,2827.04,0.000544912,61.62,40,1,0,1,1,ln32_s2.0_seed2_L2_mant_hi_b34_S4_t1,colored,2,2.0,3831.979,4497.269,6518.970,0.1473,0.6915,ok,5,e,0,1.000e-13
1.844128e-13,1.185550e-14,3.084280e-12,0.000000e+00,0.000000e+00,32,mant_hi,persistent,-1,1.093e-16,2.231e-15,-1,9.917e-09,9.917e-09,-1,-1,1,none,5.000e-04,34,2,0,4,30148,ln32_s2.0_seed2,0.000e+00,0.000e+00,0,0,fast,2827.04,0.000544912,61.62,40,1,0,1,1,ln32_s2.0_seed2_L2_mant_hi_b34_S4_t2,colored,2,2.0,4041.134,4124.660,5945.909,0.0614,0.1532,ok,5,e,0,1.000e-13
1.415374e-11,2.179090e-12,7.856730e-10,0.000000e+00,0.000000e+00,32,mant_hi,persistent,-1,1.093e-16,1.624e-13,-1,9.917e-09,9.917e-09,-1,-1,1,none,5.000e-04,34,2,0,20,10664,ln32_s2.0_seed2,0.000e+00,0.000e+00,0,0,fast,2827.04,0.000544912,61.62,40,1,0,1,1,ln32_s2.0_seed2_L2_mant_hi_b34_S20_t0,colored,2,2.0,3999.114,4142.869,5811.960,0.0035,0.2404,ok,20,e,0,1.000e-13
1.362548e-11,8.571359e-13,2.580363e-10,0.000000e+00,0.000000e+00,32,mant_hi,persistent,-1,1.093e-16,6.498e-13,-1,9.917e-09,9.917e-09,-1,-1,1,none,5.000e-04,34,2,0,20,12076,ln32_s2.0_seed2,0.000e+00,0.000e+00,0,0,fast,2827.04,0.000544912,61.62,40,1,0,1,1,ln32_s2.0_seed2_L2_mant_hi_b34_S20_t1,colored,2,2.0,3984.389,4390.340,6013.872,0.0359,0.5407,ok,20,e,0,1.000e-13
1.374330e-13,2.712152e-14,9.776202e-12,0.000000e+00,0.000000e+00,32,mant_hi,persistent,-1,1.093e-16,1.015e-14,-1,9.917e-09,9.917e-09,-1,-1,1,none,5.000e-04,34,2,0,20,30148,ln32_s2.0_seed2,0.000e+00,0.000e+00,0,0,fast,2827.04,0.000544912,61.62,40,1,0,1,1,ln32_s2.0_seed2_L2_mant_hi_b34_S20_t2,colored,2,2.0,3938.569,4133.253,6123.992,0.0115,0.2694,ok,20,e,0,1.000e-13
1.044912e-10,0.000000e+00,1.044912e-10,0.000000e+00,0.000000e+00,32,mant_hi,persistent,-1,1.093e-16,2.273e-13,-1,9.917e-09,9.917e-09,-1,-1,1,none,5.000e-04,34,2,0,36,10664,ln32_s2.0_seed2,0.000e+00,0.000e+00,0,0,fast,2827.04,0.000544912,61.62,40,1,0,1,1,ln32_s2.0_seed2_L2_mant_hi_b34_S36_t0,colored,2,2.0,3921.611,4210.913,5810.656,0.0247,0.0247,ok,39,e,0,1.000e-13
9.270144e-11,0.000000e+00,9.270144e-11,0.000000e+00,0.000000e+00,32,mant_hi,persistent,-1,1.093e-16,9.092e-13,-1,9.917e-09,1.084e-08,-1,-1,1,none,5.000e-04,34,2,0,36,12076,ln32_s2.0_seed2,0.000e+00,0.000e+00,0,0,fast,2827.04,0.000544912,61.62,40,1,0,1,1,ln32_s2.0_seed2_L2_mant_hi_b34_S36_t1,colored,2,2.0,3798.388,4264.473,5980.986,0.2129,0.2129,ok,39,e,0,1.000e-13
1.489647e-12,0.000000e+00,1.489647e-12,0.000000e+00,0.000000e+00,32,mant_hi,persistent,-1,1.093e-16,1.421e-14,-1,9.917e-09,9.917e-09,-1,-1,1,none,5.000e-04,34,2,0,36,30148,ln32_s2.0_seed2,0.000e+00,0.000e+00,0,0,fast,2827.04,0.000544912,61.62,40,1,0,1,1,ln32_s2.0_seed2_L2_mant_hi_b34_S36_t2,colored,2,2.0,3901.621,4150.794,5980.787,0.0625,0.0625,ok,39,e,0,1.000e-13
2.243009e-07,4.430351e-08,1.325210e-05,0.000000e+00,0.000000e+00,32,exp,persistent,4,1.093e-16,1.487e-08,4,9.917e-09,5.953e-05,-1,-1,1,D1+D2,5.000e-04,53,2,0,4,10664,ln32_s2.0_seed2,0.000e+00,0.000e+00,0,0,fast,2827.04,0.000544912,61.62,40,1,0,1,1,ln32_s2.0_seed2_L2_exp_b53_S4_t0,colored,2,2.0,4039.450,4178.852,5860.288,0.0072,0.4380,ok,5,e,0,1.000e-13
4.185205e-07,6.225908e-08,1.544680e-05,0.000000e+00,0.000000e+00,32,exp,persistent,4,1.093e-16,1.285e-07,4,9.917e-09,5.142e-04,-1,-1,1,D1+D2,5.000e-04,53,2,0,4,12076,ln32_s2.0_seed2,0.000e+00,0.000e+00,0,0,fast,2827.04,0.000544912,61.62,40,1,0,1,1,ln32_s2.0_seed2_L2_exp_b53_S4_t1,colored,2,2.0,3803.714,4372.295,6124.620,0.1310,0.6596,ok,5,e,0,1.000e-13
1.091226e-09,4.179450e-10,1.272117e-07,0.000000e+00,0.000000e+00,32,exp,persistent,4,1.093e-16,7.439e-10,4,9.917e-09,2.978e-06,-1,-1,1,D1+D2,5.000e-04,53,2,0,4,30148,ln32_s2.0_seed2,0.000e+00,0.000e+00,0,0,fast,2827.04,0.000544912,61.62,40,1,0,1,1,ln32_s2.0_seed2_L2_exp_b53_S4_t2,colored,2,2.0,3970.961,4079.087,5933.334,0.0325,0.3939,ok,5,e,0,1.000e-13
4.155581e-06,6.397871e-07,2.306758e-04,0.000000e+00,0.000000e+00,32,exp,persistent,20,1.093e-16,4.769e-08,20,9.917e-09,2.335e-04,-1,-1,1,D1+D2,5.000e-04,53,2,0,20,10664,ln32_s2.0_seed2,0.000e+00,0.000e+00,0,0,fast,2827.04,0.000544912,61.62,40,1,0,1,1,ln32_s2.0_seed2_L2_exp_b53_S20_t0,colored,2,2.0,3996.476,4220.637,5837.284,0.0035,0.2404,ok,20,e,0,1.000e-13
1.559920e-05,9.813046e-07,2.954167e-04,0.000000e+00,0.000000e+00,32,exp,persistent,20,1.093e-16,7.439e-07,20,9.917e-09,3.642e-03,-1,-1,1,D1+D2,5.000e-04,53,2,0,20,12076,ln32_s2.0_seed2,0.000e+00,0.000e+00,0,0,fast,2827.04,0.000544912,61.62,40,1,0,1,1,ln32_s2.0_seed2_L2_exp_b53_S20_t1,colored,2,2.0,4047.412,4410.127,6065.727,0.0359,0.5407,ok,20,e,0,1.000e-13
3.944027e-08,8.304329e-09,2.994097e-06,0.000000e+00,0.000000e+00,32,exp,persistent,20,1.093e-16,3.109e-09,20,9.917e-09,1.522e-05,-1,-1,1,D1+D2,5.000e-04,53,2,0,20,30148,ln32_s2.0_seed2,0.000e+00,0.000e+00,0,0,fast,2827.04,0.000544912,61.62,40,1,0,1,1,ln32_s2.0_seed2_L2_exp_b53_S20_t2,colored,2,2.0,3884.729,4146.053,6240.866,0.0115,0.2231,ok,20,e,0,1.000e-13
3.101276e-05,0.000000e+00,3.101276e-05,0.000000e+00,0.000000e+00,32,exp,persistent,36,1.093e-16,6.747e-08,36,9.917e-09,3.390e-04,-1,-1,1,D1+D2,5.000e-04,53,2,0,36,10664,ln32_s2.0_seed2,0.000e+00,0.000e+00,0,0,fast,2827.04,0.000544912,61.62,40,1,0,1,1,ln32_s2.0_seed2_L2_exp_b53_S36_t0,colored,2,2.0,3941.167,4278.799,6319.159,0.0247,0.0247,ok,39,e,0,1.000e-13
7.916489e-05,0.000000e+00,7.916489e-05,0.000000e+00,0.000000e+00,32,exp,persistent,36,1.093e-16,7.765e-07,36,9.917e-09,3.902e-03,-1,-1,1,D1+D2,5.000e-04,53,2,0,36,12076,ln32_s2.0_seed2,0.000e+00,0.000e+00,0,0,fast,2827.04,0.000544912,61.62,40,1,0,1,1,ln32_s2.0_seed2_L2_exp_b53_S36_t1,colored,2,2.0,3802.493,4224.567,6047.661,0.2129,0.2129,ok,39,e,0,1.000e-13
5.640922e-07,0.000000e+00,5.640922e-07,0.000000e+00,0.000000e+00,32,exp,persistent,36,1.093e-16,5.380e-09,36,9.917e-09,2.704e-05,-1,-1,1,D1+D2,5.000e-04,53,2,0,36,30148,ln32_s2.0_seed2,0.000e+00,0.000e+00,0,0,fast,2827.04,0.000544912,61.62,40,1,0,1,1,ln32_s2.0_seed2_L2_exp_b53_S36_t2,colored,2,2.0,3941.001,4110.734,5737.574,0.0563,0.0563,ok,39,e,0,1.000e-13
2.990678e-07,5.907135e-08,1.766946e-05,0.000000e+00,0.000000e+00,32,exp,persistent,4,1.093e-16,1.983e-08,4,9.917e-09,7.938e-05,-1,-1,1,D1+D2,5.000e-04,60,2,0,4,10664,ln32_s2.0_seed2,0.000e+00,0.000e+00,0,0,fast,2827.04,0.000544912,61.62,40,1,0,1,1,ln32_s2.0_seed2_L2_exp_b60_S4_t0,colored,2,2.0,4026.256,4369.768,6245.094,0.0072,0.4380,ok,5,e,0,1.000e-13
5.580274e-07,8.301210e-08,2.059574e-05,0.000000e+00,0.000000e+00,32,exp,persistent,4,1.093e-16,1.713e-07,4,9.917e-09,6.856e-04,-1,-1,1,D1+D2,5.000e-04,60,2,0,4,12076,ln32_s2.0_seed2,0.000e+00,0.000e+00,0,0,fast,2827.04,0.000544912,61.62,40,1,0,1,1,ln32_s2.0_seed2_L2_exp_b60_S4_t1,colored,2,2.0,3947.889,4084.640,6058.103,0.1310,0.6596,ok,5,e,0,1.000e-13
1.454972e-09,5.572600e-10,1.696156e-07,0.000000e+00,0.000000e+00,32,exp,persistent,4,1.093e-16,9.919e-10,4,9.917e-09,3.970e-06,-1,-1,1,D1+D2,5.000e-04,60,2,0,4,30148,ln32_s2.0_seed2,0.000e+00,0.000e+00,0,0,fast,2827.04,0.000544912,61.62,40,1,0,1,1,ln32_s2.0_seed2_L2_exp_b60_S4_t2,colored,2,2.0,3995.291,4195.044,5779.043,0.0325,0.3962,ok,5,e,0,1.000e-13
5.540775e-06,8.530495e-07,3.075678e-04,0.000000e+00,0.000000e+00,32,exp,persistent,20,1.093e-16,6.359e-08,20,9.917e-09,3.114e-04,-1,-1,1,D1+D2,5.000e-04,60,2,0,20,10664,ln32_s2.0_seed2,0.000e+00,0.000e+00,0,0,fast,2827.04,0.000544912,61.62,40,1,0,1,1,ln32_s2.0_seed2_L2_exp_b60_S20_t0,colored,2,2.0,4089.270,4354.101,5921.714,0.0035,0.2404,ok,20,e,0,1.000e-13
5.199732e-06,3.271015e-07,9.847225e-05,0.000000e+00,0.000000e+00,32,exp,persistent,20,1.093e-16,2.480e-07,20,9.917e-09,1.214e-03,-1,-1,1,D1+D2,5.000e-04,60,2,0,20,12076,ln32_s2.0_seed2,0.000e+00,0.000e+00,0,0,fast,2827.04,0.000544912,61.62,40,1,0,1,1,ln32_s2.0_seed2_L2_exp_b60_S20_t1,colored,2,2.0,3857.564,4060.091,5834.432,0.0359,0.5407,ok,20,e,0,1.000e-13
5.258703e-08,1.107244e-08,3.992129e-06,0.000000e+00,0.000000e+00,32,exp,persistent,20,1.093e-16,4.146e-09,20,9.917e-09,2.030e-05,-1,-1,1,D1+D2,5.000e-04,60,2,0,20,30148,ln32_s2.0_seed2,0.000e+00,0.000e+00,0,0,fast,2827.04,0.000544912,61.62,40,1,0,1,1,ln32_s2.0_seed2_L2_exp_b60_S20_t2,colored,2,2.0,4155.070,4553.141,6735.899,0.0115,0.2231,ok,20,e,0,1.000e-13
4.135035e-05,0.000000e+00,4.135035e-05,0.000000e+00,0.000000e+00,32,exp,persistent,36,1.093e-16,8.995e-08,36,9.917e-09,4.520e-04,-1,-1,1,D1+D2,5.000e-04,60,2,0,36,10664,ln32_s2.0_seed2,0.000e+00,0.000e+00,0,0,fast,2827.04,0.000544912,61.62,40,1,0,1,1,ln32_s2.0_seed2_L2_exp_b60_S36_t0,colored,2,2.0,3925.906,4188.906,5737.516,0.0247,0.0247,ok,39,e,0,1.000e-13
2.638830e-05,0.000000e+00,2.638830e-05,0.000000e+00,0.000000e+00,32,exp,persistent,36,1.093e-16,2.588e-07,36,9.917e-09,1.301e-03,-1,-1,1,D1+D2,5.000e-04,60,2,0,36,12076,ln32_s2.0_seed2,0.000e+00,0.000e+00,0,0,fast,2827.04,0.000544912,61.62,40,1,0,1,1,ln32_s2.0_seed2_L2_exp_b60_S36_t1,colored,2,2.0,4065.511,4821.207,6581.572,0.2129,0.2129,ok,39,e,0,1.000e-13
7.521229e-07,0.000000e+00,7.521229e-07,0.000000e+00,0.000000e+00,32,exp,persistent,36,1.093e-16,7.173e-09,36,9.917e-09,3.605e-05,-1,-1,1,D1+D2,5.000e-04,60,2,0,36,30148,ln32_s2.0_seed2,0.000e+00,0.000e+00,0,0,fast,2827.04,0.000544912,61.62,40,1,0,1,1,ln32_s2.0_seed2_L2_exp_b60_S36_t2,colored,2,2.0,4131.643,4607.343,6809.837,0.0563,0.0563,ok,39,e,0,1.000e-13
5.981357e-07,1.181427e-07,3.533893e-05,0.000000e+00,0.000000e+00,32,sign,persistent,4,1.093e-16,3.966e-08,4,9.917e-09,1.588e-04,-1,-1,1,D1+D2,5.000e-04,63,2,0,4,10664,ln32_s2.0_seed2,0.000e+00,0.000e+00,0,0,fast,2827.04,0.000544912,61.62,40,1,0,1,1,ln32_s2.0_seed2_L2_sign_b63_S4_t0,colored,2,2.0,3881.485,4357.115,6433.224,0.0072,0.4380,ok,5,e,0,1.000e-13
1.116055e-06,1.660242e-07,4.119147e-05,0.000000e+00,0.000000e+00,32,sign,persistent,4,1.093e-16,3.426e-07,4,9.917e-09,1.371e-03,-1,-1,1,D1+D2,5.000e-04,63,2,0,4,12076,ln32_s2.0_seed2,0.000e+00,0.000e+00,0,0,fast,2827.04,0.000544912,61.62,40,1,0,1,1,ln32_s2.0_seed2_L2_sign_b63_S4_t1,colored,2,2.0,3976.122,4181.575,5924.356,0.1310,0.6596,ok,5,e,0,1.000e-13
2.909936e-09,1.114520e-09,3.392312e-07,0.000000e+00,0.000000e+00,32,sign,persistent,4,1.093e-16,1.984e-09,4,9.917e-09,7.941e-06,-1,-1,1,D1+D2,5.000e-04,63,2,0,4,30148,ln32_s2.0_seed2,0.000e+00,0.000e+00,0,0,fast,2827.04,0.000544912,61.62,40,1,0,1,1,ln32_s2.0_seed2_L2_sign_b63_S4_t2,colored,2,2.0,4149.209,4293.243,6094.533,0.0325,0.3941,ok,5,e,0,1.000e-13
1.108155e-05,1.706099e-06,6.151356e-04,0.000000e+00,0.000000e+00,32,sign,persistent,20,1.093e-16,1.272e-07,20,9.917e-09,6.227e-04,-1,-1,1,D1+D2,5.000e-04,63,2,0,20,10664,ln32_s2.0_seed2,0.000e+00,0.000e+00,0,0,fast,2827.04,0.000544912,61.62,40,1,0,1,1,ln32_s2.0_seed2_L2_sign_b63_S20_t0,colored,2,2.0,3954.134,4276.031,6368.585,0.0035,0.2404,ok,20,e,0,1.000e-13
1.039946e-05,6.542030e-07,1.969445e-04,0.000000e+00,0.000000e+00,32,sign,persistent,20,1.093e-16,4.959e-07,20,9.917e-09,2.428e-03,-1,-1,1,D1+D2,5.000e-04,63,2,0,20,12076,ln32_s2.0_seed2,0.000e+00,0.000e+00,0,0,fast,2827.04,0.000544912,61.62,40,1,0,1,1,ln32_s2.0_seed2_L2_sign_b63_S20_t1,colored,2,2.0,3917.453,4280.852,5893.241,0.0359,0.5407,ok,20,e,0,1.000e-13
1.051741e-07,2.214488e-08,7.984258e-06,0.000000e+00,0.000000e+00,32,sign,persistent,20,1.093e-16,8.292e-09,20,9.917e-09,4.060e-05,-1,-1,1,D1+D2,5.000e-04,63,2,0,20,30148,ln32_s2.0_seed2,0.000e+00,0.000e+00,0,0,fast,2827.04,0.000544912,61.62,40,1,0,1,1,ln32_s2.0_seed2_L2_sign_b63_S20_t2,colored,2,2.0,4131.535,4463.351,6213.732,0.0115,0.2231,ok,20,e,0,1.000e-13
8.270069e-05,0.000000e+00,8.270069e-05,0.000000e+00,0.000000e+00,32,sign,persistent,36,1.093e-16,1.799e-07,36,9.917e-09,9.041e-04,-1,-1,1,D1+D2,5.000e-04,63,2,0,36,10664,ln32_s2.0_seed2,0.000e+00,0.000e+00,0,0,fast,2827.04,0.000544912,61.62,40,1,0,1,1,ln32_s2.0_seed2_L2_sign_b63_S36_t0,colored,2,2.0,3815.708,4244.835,5807.918,0.0247,0.0247,ok,39,e,0,1.000e-13
5.277660e-05,0.000000e+00,5.277660e-05,0.000000e+00,0.000000e+00,32,sign,persistent,36,1.093e-16,5.176e-07,36,9.917e-09,2.601e-03,-1,-1,1,D1+D2,5.000e-04,63,2,0,36,12076,ln32_s2.0_seed2,0.000e+00,0.000e+00,0,0,fast,2827.04,0.000544912,61.62,40,1,0,1,1,ln32_s2.0_seed2_L2_sign_b63_S36_t1,colored,2,2.0,3932.182,4256.619,6354.966,0.2129,0.2129,ok,39,e,0,1.000e-13
1.504246e-06,0.000000e+00,1.504246e-06,0.000000e+00,0.000000e+00,32,sign,persistent,36,1.093e-16,1.435e-08,36,9.917e-09,7.209e-05,-1,-1,1,D1+D2,5.000e-04,63,2,0,36,30148,ln32_s2.0_seed2,0.000e+00,0.000e+00,0,0,fast,2827.04,0.000544912,61.62,40,1,0,1,1,ln32_s2.0_seed2_L2_sign_b63_S36_t2,colored,2,2.0,4040.019,4211.199,5809.345,0.0563,0.0563,ok,39,e,0,1.000e-13
5.981357e-07,1.181427e-07,3.533893e-05,0.000000e+00,0.000000e+00,32,sign,persistent,4,1.093e-16,3.966e-08,4,9.917e-09,1.588e-04,-1,-1,1,D1+D2,5.000e-04,63,2,0,4,10664,ln32_s2.0_seed2,0.000e+00,0.000e+00,0,0,fast,2827.04,0.000544912,61.62,40,1,0,1,1,ln32_s2.0_seed2_L2_sign_b63_S4_t0,colored,2,2.0,3982.487,4326.857,5930.226,0.0072,0.4380,ok,5,e,0,1.000e-13
1.116055e-06,1.660242e-07,4.119147e-05,0.000000e+00,0.000000e+00,32,sign,persistent,4,1.093e-16,3.426e-07,4,9.917e-09,1.371e-03,-1,-1,1,D1+D2,5.000e-04,63,2,0,4,12076,ln32_s2.0_seed2,0.000e+00,0.000e+00,0,0,fast,2827.04,0.000544912,61.62,40,1,0,1,1,ln32_s2.0_seed2_L2_sign_b63_S4_t1,colored,2,2.0,3954.486,4385.609,6052.523,0.1310,0.6596,ok,5,e,0,1.000e-13
2.909936e-09,1.114520e-09,3.392312e-07,0.000000e+00,0.000000e+00,32,sign,persistent,4,1.093e-16,1.984e-09,4,9.917e-09,7.941e-06,-1,-1,1,D1+D2,5.000e-04,63,2,0,4,30148,ln32_s2.0_seed2,0.000e+00,0.000e+00,0,0,fast,2827.04,0.000544912,61.62,40,1,0,1,1,ln32_s2.0_seed2_L2_sign_b63_S4_t2,colored,2,2.0,3890.277,4173.403,6245.465,0.0325,0.3941,ok,5,e,0,1.000e-13
1.108155e-05,1.706099e-06,6.151356e-04,0.000000e+00,0.000000e+00,32,sign,persistent,20,1.093e-16,1.272e-07,20,9.917e-09,6.227e-04,-1,-1,1,D1+D2,5.000e-04,63,2,0,20,10664,ln32_s2.0_seed2,0.000e+00,0.000e+00,0,0,fast,2827.04,0.000544912,61.62,40,1,0,1,1,ln32_s2.0_seed2_L2_sign_b63_S20_t0,colored,2,2.0,3983.507,4322.930,5960.301,0.0035,0.2404,ok,20,e,0,1.000e-13
1.039946e-05,6.542030e-07,1.969445e-04,0.000000e+00,0.000000e+00,32,sign,persistent,20,1.093e-16,4.959e-07,20,9.917e-09,2.428e-03,-1,-1,1,D1+D2,5.000e-04,63,2,0,20,12076,ln32_s2.0_seed2,0.000e+00,0.000e+00,0,0,fast,2827.04,0.000544912,61.62,40,1,0,1,1,ln32_s2.0_seed2_L2_sign_b63_S20_t1,colored,2,2.0,4028.165,4428.505,6179.995,0.0359,0.5407,ok,20,e,0,1.000e-13
1.051741e-07,2.214488e-08,7.984258e-06,0.000000e+00,0.000000e+00,32,sign,persistent,20,1.093e-16,8.292e-09,20,9.917e-09,4.060e-05,-1,-1,1,D1+D2,5.000e-04,63,2,0,20,30148,ln32_s2.0_seed2,0.000e+00,0.000e+00,0,0,fast,2827.04,0.000544912,61.62,40,1,0,1,1,ln32_s2.0_seed2_L2_sign_b63_S20_t2,colored,2,2.0,3893.906,4466.237,6270.687,0.0115,0.2231,ok,20,e,0,1.000e-13
8.270069e-05,0.000000e+00,8.270069e-05,0.000000e+00,0.000000e+00,32,sign,persistent,36,1.093e-16,1.799e-07,36,9.917e-09,9.041e-04,-1,-1,1,D1+D2,5.000e-04,63,2,0,36,10664,ln32_s2.0_seed2,0.000e+00,0.000e+00,0,0,fast,2827.04,0.000544912,61.62,40,1,0,1,1,ln32_s2.0_seed2_L2_sign_b63_S36_t0,colored,2,2.0,3857.406,4281.755,6552.236,0.0247,0.0247,ok,39,e,0,1.000e-13
5.277660e-05,0.000000e+00,5.277660e-05,0.000000e+00,0.000000e+00,32,sign,persistent,36,1.093e-16,5.176e-07,36,9.917e-09,2.601e-03,-1,-1,1,D1+D2,5.000e-04,63,2,0,36,12076,ln32_s2.0_seed2,0.000e+00,0.000e+00,0,0,fast,2827.04,0.000544912,61.62,40,1,0,1,1,ln32_s2.0_seed2_L2_sign_b63_S36_t1,colored,2,2.0,4159.037,4571.483,6707.717,0.2129,0.2129,ok,39,e,0,1.000e-13
1.504246e-06,0.000000e+00,1.504246e-06,0.000000e+00,0.000000e+00,32,sign,persistent,36,1.093e-16,1.435e-08,36,9.917e-09,7.209e-05,-1,-1,1,D1+D2,5.000e-04,63,2,0,36,30148,ln32_s2.0_seed2,0.000e+00,0.000e+00,0,0,fast,2827.04,0.000544912,61.62,40,1,0,1,1,ln32_s2.0_seed2_L2_sign_b63_S36_t2,colored,2,2.0,3933.642,4261.496,6275.526,0.0563,0.0563,ok,39,e,0,1.000e-13
1.528647e-11,5.265396e-13,6.430377e-11,0.000000e+00,0.000000e+00,32,mant_lo,persistent,4,1.155e-16,1.048e-10,-1,9.917e-09,9.917e-09,-1,-1,1,D1,5.000e-04,12,3,0,4,704,ln32_s2.0_seed2,0.000e+00,0.000e+00,0,0,fast,2827.04,0.000544912,61.62,40,2,0,1,1,ln32_s2.0_seed2_L3_mant_lo_b12_S4_t0,colored,2,2.0,12064.412,12043.289,12062.489,0.1445,0.1202,ok,5,e,0,1.000e-13
2.305392e-12,8.428912e-14,1.142223e-11,0.000000e+00,0.000000e+00,32,mant_lo,persistent,-1,1.155e-16,2.447e-12,-1,9.917e-09,9.917e-09,-1,-1,1,none,5.000e-04,12,3,0,4,456,ln32_s2.0_seed2,0.000e+00,0.000e+00,0,0,fast,2827.04,0.000544912,61.62,40,2,0,1,1,ln32_s2.0_seed2_L3_mant_lo_b12_S4_t1,colored,2,2.0,12016.190,12041.986,12039.384,0.0410,0.0912,ok,5,e,0,1.000e-13
6.083274e-13,2.685104e-14,4.433309e-12,0.000000e+00,0.000000e+00,32,mant_lo,persistent,-1,1.155e-16,1.302e-15,-1,9.917e-09,9.917e-09,-1,-1,1,none,5.000e-04,12,3,0,4,960,ln32_s2.0_seed2,0.000e+00,0.000e+00,0,0,fast,2827.04,0.000544912,61.62,40,2,0,1,1,ln32_s2.0_seed2_L3_mant_lo_b12_S4_t2,colored,2,2.0,12072.363,12097.277,12048.619,0.0330,0.0926,ok,5,e,0,1.000e-13
2.107294e-13,2.879506e-15,3.552067e-13,0.000000e+00,0.000000e+00,32,mant_lo,persistent,20,1.155e-16,1.097e-10,-1,9.917e-09,9.917e-09,-1,-1,1,D1,5.000e-04,12,3,0,20,704,ln32_s2.0_seed2,0.000e+00,0.000e+00,0,0,fast,2827.04,0.000544912,61.62,40,2,0,1,1,ln32_s2.0_seed2_L3_mant_lo_b12_S20_t0,colored,2,2.0,12089.060,12104.936,12074.027,0.0302,0.0715,ok,20,e,0,1.000e-13
1.084475e-13,1.508725e-15,1.807637e-13,0.000000e+00,0.000000e+00,32,mant_lo,persistent,-1,1.155e-16,5.118e-12,-1,9.917e-09,9.917e-09,-1,-1,1,none,5.000e-04,12,3,0,20,456,ln32_s2.0_seed2,0.000e+00,0.000e+00,0,0,fast,2827.04,0.000544912,61.62,40,2,0,1,1,ln32_s2.0_seed2_L3_mant_lo_b12_S20_t1,colored,2,2.0,12015.799,12057.127,12008.180,0.0619,0.0937,ok,25,e,0,1.000e-13
3.040333e-14,1.954477e-16,4.248120e-14,0.000000e+00,0.000000e+00,32,mant_lo,benign,-1,1.155e-16,4.359e-14,-1,9.917e-09,9.917e-09,-1,-1,1,none,5.000e-04,12,3,0,20,960,ln32_s2.0_seed2,0.000e+00,0.000e+00,0,0,fast,2827.04,0.000544912,61.62,40,2,0,1,1,ln32_s2.0_seed2_L3_mant_lo_b12_S20_t2,colored,2,2.0,12081.431,12072.080,12065.245,0.0747,0.0962,ok,35,e,0,1.000e-13
1.100874e-13,0.000000e+00,1.100874e-13,0.000000e+00,0.000000e+00,32,mant_lo,persistent,-1,1.155e-16,6.068e-11,-1,9.917e-09,9.917e-09,-1,-1,1,none,5.000e-04,12,3,0,36,704,ln32_s2.0_seed2,0.000e+00,0.000e+00,0,0,fast,2827.04,0.000544912,61.62,40,2,0,1,1,ln32_s2.0_seed2_L3_mant_lo_b12_S36_t0,colored,2,2.0,12073.413,12095.240,12059.461,0.0331,0.0331,ok,39,e,0,1.000e-13
1.207031e-13,0.000000e+00,1.207031e-13,0.000000e+00,0.000000e+00,32,mant_lo,persistent,-1,1.155e-16,5.661e-12,-1,9.917e-09,9.917e-09,-1,-1,1,none,5.000e-04,12,3,0,36,456,ln32_s2.0_seed2,0.000e+00,0.000e+00,0,0,fast,2827.04,0.000544912,61.62,40,2,0,1,1,ln32_s2.0_seed2_L3_mant_lo_b12_S36_t1,colored,2,2.0,12043.388,12061.824,12051.134,0.0663,0.0663,ok,39,e,0,1.000e-13
1.238373e-14,0.000000e+00,1.238373e-14,0.000000e+00,0.000000e+00,32,mant_lo,benign,-1,1.155e-16,3.857e-13,-1,9.917e-09,9.917e-09,-1,-1,1,none,5.000e-04,12,3,0,36,960,ln32_s2.0_seed2,0.000e+00,0.000e+00,0,0,fast,2827.04,0.000544912,61.62,40,2,0,1,1,ln32_s2.0_seed2_L3_mant_lo_b12_S36_t2,colored,2,2.0,12115.878,12050.337,12095.203,0.1190,0.1190,ok,39,e,0,1.000e-13
6.086266e-12,2.116357e-13,2.616928e-11,0.000000e+00,0.000000e+00,32,mant_lo,persistent,-1,1.155e-16,2.623e-11,-1,9.917e-09,9.917e-09,-1,-1,1,none,5.000e-04,10,3,0,4,704,ln32_s2.0_seed2,0.000e+00,0.000e+00,0,0,fast,2827.04,0.000544912,61.62,40,2,0,1,1,ln32_s2.0_seed2_L3_mant_lo_b10_S4_t0,colored,2,2.0,12068.372,12088.464,12029.735,0.0610,0.0959,ok,5,e,0,1.000e-13
1.947136e-12,7.256917e-14,1.026923e-11,0.000000e+00,0.000000e+00,32,mant_lo,persistent,-1,1.155e-16,6.118e-13,-1,9.917e-09,9.917e-09,-1,-1,1,none,5.000e-04,10,3,0,4,456,ln32_s2.0_seed2,0.000e+00,0.000e+00,0,0,fast,2827.04,0.000544912,61.62,40,2,0,1,1,ln32_s2.0_seed2_L3_mant_lo_b10_S4_t1,colored,2,2.0,12080.570,12086.061,12065.409,0.0334,0.0898,ok,5,e,0,1.000e-13
7.851804e-13,3.192810e-14,5.037714e-12,0.000000e+00,0.000000e+00,32,mant_lo,persistent,-1,1.155e-16,3.259e-16,-1,9.917e-09,9.917e-09,-1,-1,1,none,5.000e-04,10,3,0,4,960,ln32_s2.0_seed2,0.000e+00,0.000e+00,0,0,fast,2827.04,0.000544912,61.62,40,2,0,1,1,ln32_s2.0_seed2_L3_mant_lo_b10_S4_t2,colored,2,2.0,12102.512,12030.377,12160.216,0.0326,0.0909,ok,5,e,0,1.000e-13
2.695859e-14,5.732472e-16,9.277389e-14,0.000000e+00,0.000000e+00,32,mant_lo,benign,-1,1.155e-16,2.743e-11,-1,9.917e-09,9.917e-09,-1,-1,1,none,5.000e-04,10,3,0,20,704,ln32_s2.0_seed2,0.000e+00,0.000e+00,0,0,fast,2827.04,0.000544912,61.62,40,2,0,1,1,ln32_s2.0_seed2_L3_mant_lo_b10_S20_t0,colored,2,2.0,12460.074,12416.218,12228.088,0.0304,0.0558,ok,20,e,0,1.000e-13
8.258316e-14,8.636716e-16,1.106734e-13,0.000000e+00,0.000000e+00,32,mant_lo,transient,-1,1.155e-16,1.280e-12,-1,9.917e-09,9.917e-09,-1,-1,1,none,5.000e-04,10,3,0,20,456,ln32_s2.0_seed2,0.000e+00,0.000e+00,0,0,fast,2827.04,0.000544912,61.62,40,2,0,1,1,ln32_s2.0_seed2_L3_mant_lo_b10_S20_t1,colored,2,2.0,12063.803,12018.531,12086.377,0.0626,0.0911,ok,30,e,0,1.000e-13
5.213103e-14,4.997063e-16,8.853455e-14,0.000000e+00,0.000000e+00,32,mant_lo,benign,-1,1.155e-16,1.090e-14,-1,9.917e-09,9.917e-09,-1,-1,1,none,5.000e-04,10,3,0,20,960,ln32_s2.0_seed2,0.000e+00,0.000e+00,0,0,fast,2827.04,0.000544912,61.62,40,2,0,1,1,ln32_s2.0_seed2_L3_mant_lo_b10_S20_t2,colored,2,2.0,12059.968,12085.932,12074.896,0.0564,0.0932,ok,30,e,0,1.000e-13
2.793867e-14,0.000000e+00,2.793867e-14,0.000000e+00,0.000000e+00,32,mant_lo,benign,-1,1.155e-16,1.517e-11,-1,9.917e-09,9.917e-09,-1,-1,1,none,5.000e-04,10,3,0,36,704,ln32_s2.0_seed2,0.000e+00,0.000e+00,0,0,fast,2827.04,0.000544912,61.62,40,2,0,1,1,ln32_s2.0_seed2_L3_mant_lo_b10_S36_t0,colored,2,2.0,12068.827,12081.412,12047.474,0.0366,0.0366,ok,39,e,0,1.000e-13
4.516340e-14,0.000000e+00,4.516340e-14,0.000000e+00,0.000000e+00,32,mant_lo,benign,-1,1.155e-16,1.415e-12,-1,9.917e-09,9.917e-09,-1,-1,1,none,5.000e-04,10,3,0,36,456,ln32_s2.0_seed2,0.000e+00,0.000e+00,0,0,fast,2827.04,0.000544912,61.62,40,2,0,1,1,ln32_s2.0_seed2_L3_mant_lo_b10_S36_t1,colored,2,2.0,12112.536,12052.363,12073.526,0.0707,0.0707,ok,39,e,0,1.000e-13
8.491014e-15,0.000000e+00,8.491014e-15,0.000000e+00,0.000000e+00,32,mant_lo,benign,-1,1.155e-16,9.642e-14,-1,9.917e-09,9.917e-09,-1,-1,1,none,5.000e-04,10,3,0,36,960,ln32_s2.0_seed2,0.000e+00,0.000e+00,0,0,fast,2827.04,0.000544912,61.62,40,2,0,1,1,ln32_s2.0_seed2_L3_mant_lo_b10_S36_t2,colored,2,2.0,12080.533,12023.595,12076.044,0.1258,0.1258,ok,39,e,0,1.000e-13
1.459299e-08,4.543976e-10,5.359092e-08,0.000000e+00,0.000000e+00,32,mant_hi,persistent,4,1.155e-16,4.902e-05,-1,9.917e-09,9.917e-09,-1,-1,1,D1,5.000e-04,31,3,0,4,704,ln32_s2.0_seed2,0.000e+00,0.000e+00,0,0,fast,2827.04,0.000544912,61.62,40,2,0,1,1,ln32_s2.0_seed2_L3_mant_hi_b31_S4_t0,colored,2,2.0,12032.065,12102.904,12127.032,0.0063,0.0323,ok,5,e,0,1.000e-13
4.292542e-10,1.403286e-11,1.720543e-09,0.000000e+00,0.000000e+00,32,mant_hi,persistent,4,1.155e-16,1.193e-06,-1,9.917e-09,9.917e-09,-1,-1,1,D1,5.000e-04,31,3,0,4,456,ln32_s2.0_seed2,0.000e+00,0.000e+00,0,0,fast,2827.04,0.000544912,61.62,40,2,0,1,1,ln32_s2.0_seed2_L3_mant_hi_b31_S4_t1,colored,2,2.0,12025.880,12036.733,11966.402,0.2084,0.1266,ok,5,e,0,1.000e-13
2.148300e-12,7.413395e-14,8.578544e-12,0.000000e+00,0.000000e+00,32,mant_hi,persistent,4,1.155e-16,6.830e-10,-1,9.917e-09,9.917e-09,-1,-1,1,D1,5.000e-04,31,3,0,4,960,ln32_s2.0_seed2,0.000e+00,0.000e+00,0,0,fast,2827.04,0.000544912,61.62,40,2,0,1,1,ln32_s2.0_seed2_L3_mant_hi_b31_S4_t2,colored,2,2.0,12066.948,12079.364,12032.387,0.0361,0.0921,ok,5,e,0,1.000e-13
4.540192e-08,5.292320e-10,6.392919e-08,0.000000e+00,0.000000e+00,32,mant_hi,persistent,20,1.155e-16,4.980e-05,-1,9.917e-09,9.917e-09,-1,-1,1,D1,5.000e-04,31,3,0,20,704,ln32_s2.0_seed2,0.000e+00,0.000e+00,0,0,fast,2827.04,0.000544912,61.62,40,2,0,1,1,ln32_s2.0_seed2_L3_mant_hi_b31_S20_t0,colored,2,2.0,12072.660,12076.380,12042.163,0.0045,0.0275,ok,20,e,0,1.000e-13
2.535806e-09,2.921163e-11,3.484912e-09,0.000000e+00,0.000000e+00,32,mant_hi,persistent,20,1.155e-16,2.425e-06,-1,9.917e-09,9.917e-09,-1,-1,1,D1,5.000e-04,31,3,0,20,456,ln32_s2.0_seed2,0.000e+00,0.000e+00,0,0,fast,2827.04,0.000544912,61.62,40,2,0,1,1,ln32_s2.0_seed2_L3_mant_hi_b31_S20_t1,colored,2,2.0,12074.946,12105.966,12082.916,0.2085,0.1065,ok,20,e,0,1.000e-13
1.936218e-11,2.418716e-13,3.164226e-11,0.000000e+00,0.000000e+00,32,mant_hi,persistent,20,1.155e-16,2.285e-08,-1,9.917e-09,9.917e-09,-1,-1,1,D1,5.000e-04,31,3,0,20,960,ln32_s2.0_seed2,0.000e+00,0.000e+00,0,0,fast,2827.04,0.000544912,61.62,40,2,0,1,1,ln32_s2.0_seed2_L3_mant_hi_b31_S20_t2,colored,2,2.0,12072.759,12070.860,12040.792,0.0226,0.0315,ok,20,e,0,1.000e-13
4.368633e-08,0.000000e+00,4.368633e-08,0.000000e+00,0.000000e+00,32,mant_hi,persistent,36,1.155e-16,3.971e-05,-1,9.917e-09,9.917e-09,-1,-1,1,D1,5.000e-04,31,3,0,36,704,ln32_s2.0_seed2,0.000e+00,0.000e+00,0,1,fast,2827.04,0.000544912,61.62,40,2,0,1,1,ln32_s2.0_seed2_L3_mant_hi_b31_S36_t0,colored,2,2.0,12058.182,12079.217,12059.589,0.0115,0.0115,ok,39,e,0,1.000e-13
4.699240e-09,0.000000e+00,4.699240e-09,0.000000e+00,0.000000e+00,32,mant_hi,persistent,36,1.155e-16,3.807e-06,-1,9.917e-09,9.917e-09,-1,-1,1,D1,5.000e-04,31,3,0,36,456,ln32_s2.0_seed2,0.000e+00,0.000e+00,0,1,fast,2827.04,0.000544912,61.62,40,2,0,1,1,ln32_s2.0_seed2_L3_mant_hi_b31_S36_t1,colored,2,2.0,12058.912,12057.298,12045.836,0.1682,0.1682,ok,39,e,0,1.000e-13
2.643546e-10,0.000000e+00,2.643546e-10,0.000000e+00,0.000000e+00,32,mant_hi,persistent,36,1.155e-16,2.019e-07,-1,9.917e-09,9.917e-09,-1,-1,1,D1,5.000e-04,31,3,0,36,960,ln32_s2.0_seed2,0.000e+00,0.000e+00,0,0,fast,2827.04,0.000544912,61.62,40,2,0,1,1,ln32_s2.0_seed2_L3_mant_hi_b31_S36_t2,colored,2,2.0,12065.753,12076.778,12063.178,0.0350,0.0350,ok,39,e,0,1.000e-13
2.850282e-01,8.873285e-03,1.046088e+00,0.000000e+00,0.000000e+00,32,mant_hi,persistent,4,1.155e-16,4.158e-03,4,9.917e-09,7.328e-04,4,-1,1,D1+D2+D3,5.000e-04,37,3,0,4,704,ln32_s2.0_seed2,0.000e+00,0.000e+00,0,430,fast,2827.04,0.000544912,61.62,40,2,0,1,1,ln32_s2.0_seed2_L3_mant_hi_b37_S4_t0,colored,2,2.0,12042.692,12076.302,14087.887,0.0047,0.0317,ok,5,e,0,1.000e-13
5.400854e-02,1.627427e-03,1.857099e-01,0.000000e+00,0.000000e+00,32,mant_hi,persistent,4,1.155e-16,1.012e-03,4,9.917e-09,3.452e-02,4,-1,1,D1+D2+D3,5.000e-04,37,3,0,4,456,ln32_s2.0_seed2,0.000e+00,0.000e+00,0,430,fast,2827.04,0.000544912,61.62,40,2,0,1,1,ln32_s2.0_seed2_L3_mant_hi_b37_S4_t1,colored,2,2.0,12083.506,12029.989,14170.359,0.0208,0.0641,ok,5,e,0,1.000e-13
5.438132e-11,1.904633e-12,2.385530e-10,0.000000e+00,0.000000e+00,32,mant_hi,persistent,4,1.155e-16,4.335e-08,-1,9.917e-09,9.917e-09,-1,-1,1,D1,5.000e-04,37,3,0,4,960,ln32_s2.0_seed2,0.000e+00,0.000e+00,0,0,fast,2827.04,0.000544912,61.62,40,2,0,1,1,ln32_s2.0_seed2_L3_mant_hi_b37_S4_t2,colored,2,2.0,12073.276,12034.490,12045.527,0.3000,0.1498,ok,5,e,0,1.000e-13
1.932258e+02,2.248829e+00,2.707077e+02,0.000000e+00,0.000000e+00,32,mant_hi,persistent,20,1.155e-16,5.398e-03,20,9.917e-09,1.159e+01,20,-1,1,D1+D2+D3,5.000e-04,37,3,0,20,704,ln32_s2.0_seed2,0.000e+00,0.000e+00,0,440,fast,2827.04,0.000544912,61.62,40,2,0,1,1,ln32_s2.0_seed2_L3_mant_hi_b37_S20_t0,colored,2,2.0,12080.265,12075.105,14309.595,0.0028,0.0268,ok,20,e,0,1.000e-13
1.360990e-02,1.534003e-04,1.783770e-02,0.000000e+00,0.000000e+00,32,mant_hi,persistent,20,1.155e-16,1.609e-04,20,9.917e-09,2.452e-04,21,-1,1,D1+D2+D3,5.000e-04,37,3,0,20,456,ln32_s2.0_seed2,0.000e+00,0.000e+00,0,440,fast,2827.04,0.000544912,61.62,40,2,0,1,1,ln32_s2.0_seed2_L3_mant_hi_b37_S20_t1,colored,2,2.0,12052.479,12055.926,14145.396,0.0143,0.0561,ok,20,e,0,1.000e-13
1.009454e-09,1.286400e-11,1.734008e-09,0.000000e+00,0.000000e+00,32,mant_hi,persistent,20,1.155e-16,1.342e-06,-1,9.917e-09,9.917e-09,-1,-1,1,D1,5.000e-04,37,3,0,20,960,ln32_s2.0_seed2,0.000e+00,0.000e+00,0,0,fast,2827.04,0.000544912,61.62,40,2,0,1,1,ln32_s2.0_seed2_L3_mant_hi_b37_S20_t2,colored,2,2.0,12036.125,12024.364,12067.249,0.2381,0.0795,ok,20,e,0,1.000e-13
4.583487e+03,0.000000e+00,4.583487e+03,0.000000e+00,0.000000e+00,32,mant_hi,persistent,36,1.155e-16,5.397e-03,36,9.917e-09,8.757e+01,36,-1,1,D1+D2+D3,5.000e-04,37,3,0,36,704,ln32_s2.0_seed2,0.000e+00,0.000e+00,0,443,fast,2827.04,0.000544912,61.62,40,2,0,1,1,ln32_s2.0_seed2_L3_mant_hi_b37_S36_t0,colored,2,2.0,12067.967,12038.625,14254.168,0.0087,0.0087,ok,39,e,0,1.000e-13
3.194207e+07,0.000000e+00,3.194207e+07,0.000000e+00,0.000000e+00,32,mant_hi,persistent,36,1.155e-16,4.925e-03,36,9.917e-09,8.653e+06,36,-1,1,D1+D2+D3,5.000e-04,37,3,0,36,456,ln32_s2.0_seed2,0.000e+00,0.000e+00,0,443,fast,2827.04,0.000544912,61.62,40,2,0,1,1,ln32_s2.0_seed2_L3_mant_hi_b37_S36_t1,colored,2,2.0,12052.704,12043.058,14377.854,0.0279,0.0279,ok,39,e,0,1.000e-13
1.438801e-08,0.000000e+00,1.438801e-08,0.000000e+00,0.000000e+00,32,mant_hi,persistent,36,1.155e-16,1.650e-05,-1,9.917e-09,9.917e-09,-1,-1,1,D1,5.000e-04,37,3,0,36,960,ln32_s2.0_seed2,0.000e+00,0.000e+00,0,1,fast,2827.04,0.000544912,61.62,40,2,0,1,1,ln32_s2.0_seed2_L3_mant_hi_b37_S36_t2,colored,2,2.0,11970.003,12056.873,12031.212,0.0291,0.0291,ok,39,e,0,1.000e-13
1.441220e+11,4.486750e+09,5.289568e+11,0.000000e+00,0.000000e+00,32,exp,persistent,4,1.155e-16,5.397e-03,4,9.917e-09,1.448e+10,4,-1,1,D1+D2+D3,5.000e-04,53,3,0,4,704,ln32_s2.0_seed2,0.000e+00,0.000e+00,0,430,fast,2827.04,0.000544912,61.62,40,2,0,1,1,ln32_s2.0_seed2_L3_exp_b53_S4_t0,colored,2,2.0,12084.503,12074.264,13239.902,0.0047,0.0317,ok,5,e,0,1.000e-13
3.533511e+01,1.064594e+00,1.214843e+02,0.000000e+00,0.000000e+00,32,exp,persistent,4,1.155e-16,4.927e-03,4,9.917e-09,8.100e+00,4,-1,1,D1+D2+D3,5.000e-04,53,3,0,4,456,ln32_s2.0_seed2,0.000e+00,0.000e+00,0,430,fast,2827.04,0.000544912,61.62,40,2,0,1,1,ln32_s2.0_seed2_L3_exp_b53_S4_t1,colored,2,2.0,12054.946,12018.215,13141.977,0.0204,0.0641,ok,5,e,0,1.000e-13
3.328831e-01,1.081943e-02,1.367176e+00,0.000000e+00,0.000000e+00,32,exp,persistent,4,1.155e-16,5.133e-03,4,9.917e-09,1.611e-03,4,-1,1,D1+D2+D3,5.000e-04,53,3,0,4,960,ln32_s2.0_seed2,0.000e+00,0.000e+00,0,430,fast,2827.04,0.000544912,61.62,40,2,0,1,1,ln32_s2.0_seed2_L3_exp_b53_S4_t2,colored,2,2.0,12068.803,12023.523,14167.204,0.0009,0.0033,ok,5,e,0,1.000e-13
1.348217e+04,1.569158e+02,1.888947e+04,0.000000e+00,0.000000e+00,32,exp,persistent,20,1.155e-16,5.397e-03,20,9.917e-09,3.232e+02,20,-1,1,D1+D2+D3,5.000e-04,53,3,0,20,704,ln32_s2.0_seed2,0.000e+00,0.000e+00,0,440,fast,2827.04,0.000544912,61.62,40,2,0,1,1,ln32_s2.0_seed2_L3_exp_b53_S20_t0,colored,2,2.0,12038.920,12035.675,14089.515,0.0029,0.0267,ok,20,e,0,1.000e-13
8.569865e+02,9.659692e+00,1.123315e+03,0.000000e+00,0.000000e+00,32,exp,persistent,20,1.155e-16,4.926e-03,20,9.917e-09,2.736e+01,20,-1,1,D1+D2+D3,5.000e-04,53,3,0,20,456,ln32_s2.0_seed2,0.000e+00,0.000e+00,0,440,fast,2827.04,0.000544912,61.62,40,2,0,1,1,ln32_s2.0_seed2_L3_exp_b53_S20_t1,colored,2,2.0,12057.010,12036.992,14005.829,0.0142,0.0558,ok,20,e,0,1.000e-13
1.008556e+02,1.251263e+00,1.667961e+02,0.000000e+00,0.000000e+00,32,exp,persistent,20,1.155e-16,6.777e-03,20,9.917e-09,2.071e-01,20,-1,1,D1+D2+D3,5.000e-04,53,3,0,20,960,ln32_s2.0_seed2,0.000e+00,0.000e+00,0,440,fast,2827.04,0.000544912,61.62,40,2,0,1,1,ln32_s2.0_seed2_L3_exp_b53_S20_t2,colored,2,2.0,12119.944,12097.407,13676.256,0.0007,0.0024,ok,20,e,0,1.000e-13
5.896327e+03,0.000000e+00,5.896327e+03,0.000000e+00,0.000000e+00,32,exp,persistent,36,1.155e-16,5.397e-03,36,9.917e-09,4.599e+01,36,-1,1,D1+D2+D3,5.000e-04,53,3,0,36,704,ln32_s2.0_seed2,0.000e+00,0.000e+00,0,443,fast,2827.04,0.000544912,61.62,40,2,0,1,1,ln32_s2.0_seed2_L3_exp_b53_S36_t0,colored,2,2.0,12035.931,12077.663,14291.799,0.0087,0.0087,ok,39,e,0,1.000e-13
5.821336e+05,0.000000e+00,5.821336e+05,0.000000e+00,0.000000e+00,32,exp,persistent,36,1.155e-16,4.928e-03,36,9.917e-09,3.780e+04,36,-1,1,D1+D2+D3,5.000e-04,53,3,0,36,456,ln32_s2.0_seed2,0.000e+00,0.000e+00,0,443,fast,2827.04,0.000544912,61.62,40,2,0,1,1,ln32_s2.0_seed2_L3_exp_b53_S36_t1,colored,2,2.0,12062.226,12082.499,14367.969,0.0280,0.0280,ok,39,e,0,1.000e-13
5.054288e+02,0.000000e+00,5.054288e+02,0.000000e+00,0.000000e+00,32,exp,persistent,36,1.155e-16,6.398e-03,36,9.917e-09,4.963e-01,36,-1,1,D1+D2+D3,5.000e-04,53,3,0,36,960,ln32_s2.0_seed2,0.000e+00,0.000e+00,0,443,fast,2827.04,0.000544912,61.62,40,2,0,1,1,ln32_s2.0_seed2_L3_exp_b53_S36_t2,colored,2,2.0,12030.293,12096.527,14103.801,0.0014,0.0014,ok,39,e,0,1.000e-13
4.575568e+03,1.424436e+02,1.679296e+04,0.000000e+00,0.000000e+00,32,exp,persistent,4,1.155e-16,5.397e-03,4,9.917e-09,1.646e+02,4,-1,1,D1+D2+D3,5.000e-04,59,3,0,4,704,ln32_s2.0_seed2,0.000e+00,0.000e+00,0,430,fast,2827.04,0.000544912,61.62,40,2,0,1,1,ln32_s2.0_seed2_L3_exp_b59_S4_t0,colored,2,2.0,12037.015,12061.512,13180.681,0.0047,0.0317,ok,5,e,0,1.000e-13
3.655923e+01,1.101573e+00,1.257159e+02,0.000000e+00,0.000000e+00,32,exp,persistent,4,1.155e-16,4.926e-03,4,9.917e-09,4.222e+00,4,-1,1,D1+D2+D3,5.000e-04,59,3,0,4,456,ln32_s2.0_seed2,0.000e+00,0.000e+00,0,430,fast,2827.04,0.000544912,61.62,40,2,0,1,1,ln32_s2.0_seed2_L3_exp_b59_S4_t1,colored,2,2.0,12060.905,12089.462,13025.394,0.0202,0.0641,ok,5,e,0,1.000e-13
5.652314e-02,1.837125e-03,2.321449e-01,0.000000e+00,0.000000e+00,32,exp,persistent,4,1.155e-16,1.625e-03,4,9.917e-09,2.441e-04,4,-1,1,D1+D2+D3,5.000e-04,59,3,0,4,960,ln32_s2.0_seed2,0.000e+00,0.000e+00,0,430,fast,2827.04,0.000544912,61.62,40,2,0,1,1,ln32_s2.0_seed2_L3_exp_b59_S4_t2,colored,2,2.0,12010.129,12102.520,14141.361,0.0009,0.0033,ok,5,e,0,1.000e-13
9.305101e+03,1.082987e+02,1.303752e+04,0.000000e+00,0.000000e+00,32,exp,persistent,20,1.155e-16,5.397e-03,20,9.917e-09,8.176e+01,20,-1,1,D1+D2+D3,5.000e-04,59,3,0,20,704,ln32_s2.0_seed2,0.000e+00,0.000e+00,0,440,fast,2827.04,0.000544912,61.62,40,2,0,1,1,ln32_s2.0_seed2_L3_exp_b59_S20_t0,colored,2,2.0,12026.794,12034.969,14056.591,0.0028,0.0267,ok,20,e,0,1.000e-13
1.047267e+03,1.180333e+01,1.372492e+03,0.000000e+00,0.000000e+00,32,exp,persistent,20,1.155e-16,4.927e-03,20,9.917e-09,4.727e+01,20,-1,1,D1+D2+D3,5.000e-04,59,3,0,20,456,ln32_s2.0_seed2,0.000e+00,0.000e+00,0,440,fast,2827.04,0.000544912,61.62,40,2,0,1,1,ln32_s2.0_seed2_L3_exp_b59_S20_t1,colored,2,2.0,12039.737,12069.851,14098.884,0.0144,0.0558,ok,20,e,0,1.000e-13
1.064315e+01,1.320440e-01,1.760175e+01,0.000000e+00,0.000000e+00,32,exp,persistent,20,1.155e-16,6.749e-03,20,9.917e-09,2.043e-02,20,-1,1,D1+D2+D3,5.000e-04,59,3,0,20,960,ln32_s2.0_seed2,0.000e+00,0.000e+00,0,440,fast,2827.04,0.000544912,61.62,40,2,0,1,1,ln32_s2.0_seed2_L3_exp_b59_S20_t2,colored,2,2.0,12041.534,12071.551,14016.962,0.0007,0.0024,ok,20,e,0,1.000e-13
3.013580e+03,0.000000e+00,3.013580e+03,0.000000e+00,0.000000e+00,32,exp,persistent,36,1.155e-16,5.397e-03,36,9.917e-09,2.792e+01,36,-1,1,D1+D2+D3,5.000e-04,59,3,0,36,704,ln32_s2.0_seed2,0.000e+00,0.000e+00,0,443,fast,2827.04,0.000544912,61.62,40,2,0,1,1,ln32_s2.0_seed2_L3_exp_b59_S36_t0,colored,2,2.0,12073.413,12107.206,14334.623,0.0087,0.0087,ok,39,e,0,1.000e-13
4.721955e+09,0.000000e+00,4.721955e+09,0.000000e+00,0.000000e+00,32,exp,persistent,36,1.155e-16,4.928e-03,36,9.917e-09,4.114e+08,36,-1,1,D1+D2+D3,5.000e-04,59,3,0,36,456,ln32_s2.0_seed2,0.000e+00,0.000e+00,0,443,fast,2827.04,0.000544912,61.62,40,2,0,1,1,ln32_s2.0_seed2_L3_exp_b59_S36_t1,colored,2,2.0,12016.238,12104.103,14369.691,0.0284,0.0284,ok,39,e,0,1.000e-13
4.671300e+02,0.000000e+00,4.671300e+02,0.000000e+00,0.000000e+00,32,exp,persistent,36,1.155e-16,6.399e-03,36,9.917e-09,9.653e+00,36,-1,1,D1+D2+D3,5.000e-04,59,3,0,36,960,ln32_s2.0_seed2,0.000e+00,0.000e+00,0,443,fast,2827.04,0.000544912,61.62,40,2,0,1,1,ln32_s2.0_seed2_L3_exp_b59_S36_t2,colored,2,2.0,12005.665,12037.477,14235.835,0.0014,0.0014,ok,39,e,0,1.000e-13
1.620531e+04,5.044895e+02,5.947515e+04,0.000000e+00,0.000000e+00,32,sign,persistent,4,1.155e-16,5.397e-03,4,9.917e-09,1.434e+03,4,-1,1,D1+D2+D3,5.000e-04,63,3,0,4,704,ln32_s2.0_seed2,0.000e+00,0.000e+00,0,430,fast,2827.04,0.000544912,61.62,40,2,0,1,1,ln32_s2.0_seed2_L3_sign_b63_S4_t0,colored,2,2.0,12061.145,12072.894,13188.017,0.0046,0.0317,ok,5,e,0,1.000e-13
1.917680e+14,5.777804e+12,6.593268e+14,0.000000e+00,0.000000e+00,32,sign,persistent,4,1.155e-16,4.926e-03,4,9.917e-09,6.126e+13,4,-1,1,D1+D2+D3,5.000e-04,63,3,0,4,456,ln32_s2.0_seed2,0.000e+00,0.000e+00,0,430,fast,2827.04,0.000544912,61.62,40,2,0,1,1,ln32_s2.0_seed2_L3_sign_b63_S4_t1,colored,2,2.0,12088.233,12041.801,13205.255,0.0207,0.0640,ok,5,e,0,1.000e-13
7.033038e+00,2.285878e-01,2.888496e+01,0.000000e+00,0.000000e+00,32,sign,persistent,4,1.155e-16,6.743e-03,4,9.917e-09,3.873e-01,4,-1,1,D1+D2+D3,5.000e-04,63,3,0,4,960,ln32_s2.0_seed2,0.000e+00,0.000e+00,0,430,fast,2827.04,0.000544912,61.62,40,2,0,1,1,ln32_s2.0_seed2_L3_sign_b63_S4_t2,colored,2,2.0,12090.403,12038.776,13795.161,0.0009,0.0033,ok,5,e,0,1.000e-13
3.916613e+03,4.558437e+01,5.487840e+03,0.000000e+00,0.000000e+00,32,sign,persistent,20,1.155e-16,5.397e-03,20,9.917e-09,4.623e+01,20,-1,1,D1+D2+D3,5.000e-04,63,3,0,20,704,ln32_s2.0_seed2,0.000e+00,0.000e+00,0,440,fast,2827.04,0.000544912,61.62,40,2,0,1,1,ln32_s2.0_seed2_L3_sign_b63_S20_t0,colored,2,2.0,12098.501,12066.452,14125.171,0.0028,0.0267,ok,20,e,0,1.000e-13
3.634833e+12,4.096422e+10,4.763020e+12,0.000000e+00,0.000000e+00,32,sign,persistent,20,1.155e-16,4.928e-03,20,9.917e-09,3.383e+11,20,-1,1,D1+D2+D3,5.000e-04,63,3,0,20,456,ln32_s2.0_seed2,0.000e+00,0.000e+00,0,440,fast,2827.04,0.000544912,61.62,40,2,0,1,1,ln32_s2.0_seed2_L3_sign_b63_S20_t1,colored,2,2.0,12091.613,12075.203,14165.883,0.0168,0.0560,ok,20,e,0,1.000e-13
3.996213e+00,4.957900e-02,6.608991e+00,0.000000e+00,0.000000e+00,32,sign,persistent,20,1.155e-16,6.588e-03,20,9.917e-09,2.202e-02,20,-1,1,D1+D2+D3,5.000e-04,63,3,0,20,960,ln32_s2.0_seed2,0.000e+00,0.000e+00,0,440,fast,2827.04,0.000544912,61.62,40,2,0,1,1,ln32_s2.0_seed2_L3_sign_b63_S20_t2,colored,2,2.0,12061.131,12102.531,14158.159,0.0007,0.0024,ok,20,e,0,1.000e-13
4.898685e+06,0.000000e+00,4.898685e+06,0.000000e+00,0.000000e+00,32,sign,persistent,36,1.155e-16,5.425e-03,36,9.917e-09,2.549e+06,36,-1,1,D1+D2+D3,5.000e-04,63,3,0,36,704,ln32_s2.0_seed2,0.000e+00,0.000e+00,0,443,fast,2827.04,0.000544912,61.62,40,2,0,1,1,ln32_s2.0_seed2_L3_sign_b63_S36_t0,colored,2,2.0,12076.239,12101.022,14340.904,0.1701,0.1701,ok,39,e,0,1.000e-13
1.213963e+09,0.000000e+00,1.213963e+09,0.000000e+00,0.000000e+00,32,sign,persistent,36,1.155e-16,4.929e-03,36,9.917e-09,2.404e+08,36,-1,1,D1+D2+D3,5.000e-04,63,3,0,36,456,ln32_s2.0_seed2,0.000e+00,0.000e+00,0,443,fast,2827.04,0.000544912,61.62,40,2,0,1,1,ln32_s2.0_seed2_L3_sign_b63_S36_t1,colored,2,2.0,12082.339,12089.639,14292.333,0.0292,0.0292,ok,39,e,0,1.000e-13
1.233554e+03,0.000000e+00,1.233554e+03,0.000000e+00,0.000000e+00,32,sign,persistent,36,1.155e-16,6.398e-03,36,9.917e-09,2.053e+00,36,-1,1,D1+D2+D3,5.000e-04,63,3,0,36,960,ln32_s2.0_seed2,0.000e+00,0.000e+00,0,443,fast,2827.04,0.000544912,61.62,40,2,0,1,1,ln32_s2.0_seed2_L3_sign_b63_S36_t2,colored,2,2.0,12062.233,12043.190,14214.690,0.0014,0.0014,ok,39,e,0,1.000e-13
1.620531e+04,5.044895e+02,5.947515e+04,0.000000e+00,0.000000e+00,32,sign,persistent,4,1.155e-16,5.397e-03,4,9.917e-09,1.434e+03,4,-1,1,D1+D2+D3,5.000e-04,63,3,0,4,704,ln32_s2.0_seed2,0.000e+00,0.000e+00,0,430,fast,2827.04,0.000544912,61.62,40,2,0,1,1,ln32_s2.0_seed2_L3_sign_b63_S4_t0,colored,2,2.0,12089.873,12112.224,13198.744,0.0046,0.0317,ok,5,e,0,1.000e-13
1.917680e+14,5.777804e+12,6.593268e+14,0.000000e+00,0.000000e+00,32,sign,persistent,4,1.155e-16,4.926e-03,4,9.917e-09,6.126e+13,4,-1,1,D1+D2+D3,5.000e-04,63,3,0,4,456,ln32_s2.0_seed2,0.000e+00,0.000e+00,0,430,fast,2827.04,0.000544912,61.62,40,2,0,1,1,ln32_s2.0_seed2_L3_sign_b63_S4_t1,colored,2,2.0,12005.682,12064.160,13192.003,0.0207,0.0640,ok,5,e,0,1.000e-13
7.033038e+00,2.285878e-01,2.888496e+01,0.000000e+00,0.000000e+00,32,sign,persistent,4,1.155e-16,6.743e-03,4,9.917e-09,3.873e-01,4,-1,1,D1+D2+D3,5.000e-04,63,3,0,4,960,ln32_s2.0_seed2,0.000e+00,0.000e+00,0,430,fast,2827.04,0.000544912,61.62,40,2,0,1,1,ln32_s2.0_seed2_L3_sign_b63_S4_t2,colored,2,2.0,12111.499,12068.985,13793.472,0.0009,0.0033,ok,5,e,0,1.000e-13
3.916613e+03,4.558437e+01,5.487840e+03,0.000000e+00,0.000000e+00,32,sign,persistent,20,1.155e-16,5.397e-03,20,9.917e-09,4.623e+01,20,-1,1,D1+D2+D3,5.000e-04,63,3,0,20,704,ln32_s2.0_seed2,0.000e+00,0.000e+00,0,440,fast,2827.04,0.000544912,61.62,40,2,0,1,1,ln32_s2.0_seed2_L3_sign_b63_S20_t0,colored,2,2.0,12076.153,12089.414,14059.224,0.0028,0.0267,ok,20,e,0,1.000e-13
3.634833e+12,4.096422e+10,4.763020e+12,0.000000e+00,0.000000e+00,32,sign,persistent,20,1.155e-16,4.928e-03,20,9.917e-09,3.383e+11,20,-1,1,D1+D2+D3,5.000e-04,63,3,0,20,456,ln32_s2.0_seed2,0.000e+00,0.000e+00,0,440,fast,2827.04,0.000544912,61.62,40,2,0,1,1,ln32_s2.0_seed2_L3_sign_b63_S20_t1,colored,2,2.0,12077.876,12075.500,14167.013,0.0168,0.0560,ok,20,e,0,1.000e-13
3.996213e+00,4.957900e-02,6.608991e+00,0.000000e+00,0.000000e+00,32,sign,persistent,20,1.155e-16,6.588e-03,20,9.917e-09,2.202e-02,20,-1,1,D1+D2+D3,5.000e-04,63,3,0,20,960,ln32_s2.0_seed2,0.000e+00,0.000e+00,0,440,fast,2827.04,0.000544912,61.62,40,2,0,1,1,ln32_s2.0_seed2_L3_sign_b63_S20_t2,colored,2,2.0,12071.645,12076.637,14183.192,0.0007,0.0024,ok,20,e,0,1.000e-13
4.898685e+06,0.000000e+00,4.898685e+06,0.000000e+00,0.000000e+00,32,sign,persistent,36,1.155e-16,5.425e-03,36,9.917e-09,2.549e+06,36,-1,1,D1+D2+D3,5.000e-04,63,3,0,36,704,ln32_s2.0_seed2,0.000e+00,0.000e+00,0,443,fast,2827.04,0.000544912,61.62,40,2,0,1,1,ln32_s2.0_seed2_L3_sign_b63_S36_t0,colored,2,2.0,12079.260,12091.056,14424.639,0.1701,0.1701,ok,39,e,0,1.000e-13
1.213963e+09,0.000000e+00,1.213963e+09,0.000000e+00,0.000000e+00,32,sign,persistent,36,1.155e-16,4.929e-03,36,9.917e-09,2.404e+08,36,-1,1,D1+D2+D3,5.000e-04,63,3,0,36,456,ln32_s2.0_seed2,0.000e+00,0.000e+00,0,443,fast,2827.04,0.000544912,61.62,40,2,0,1,1,ln32_s2.0_seed2_L3_sign_b63_S36_t1,colored,2,2.0,12067.335,12098.832,14357.760,0.0292,0.0292,ok,39,e,0,1.000e-13
1.233554e+03,0.000000e+00,1.233554e+03,0.000000e+00,0.000000e+00,32,sign,persistent,36,1.155e-16,6.398e-03,36,9.917e-09,2.053e+00,36,-1,1,D1+D2+D3,5.000e-04,63,3,0,36,960,ln32_s2.0_seed2,0.000e+00,0.000e+00,0,443,fast,2827.04,0.000544912,61.62,40,2,0,1,1,ln32_s2.0_seed2_L3_sign_b63_S36_t2,colored,2,2.0,12103.591,12120.084,14124.961,0.0014,0.0014,ok,39,e,0,1.000e-13
