E_fault_final,E_fault_int,E_fault_max,E_floor_final,E_floor_max,N,bit_class,class,d1_first,d1_max_A,d1_max_F,d2_first,d2_max_A,d2_max_F,d3_first,d4_first_F,detect,detected_by,dt,fi_bit,fi_level,fi_rank,fi_step,fi_target,field,hyb_block_err_max_A,hyb_block_err_max_F,hybrid,iters_delta_max,kernel,kmax,kmin,mean_cg_iters_A,n_steps,nprocs,reproject_bc,rhocmax,rhocmin,run_id,scatter,seed,sigma,solve_ms_A,solve_ms_B,solve_ms_F,spread_at_max,spread_final,status,step_at_max,tag,target_on_boundary,thr
2.191223e-16,5.717014e-17,1.775858e-14,0.000000e+00,0.000000e+00,32,mant_lo,benign,-1,1.276e-16,1.933e-16,-1,9.805e-09,9.805e-09,-1,-1,1,none,5.000e-04,27,1,0,4,17162,ln32_s0.5_seed1,0.000e+00,0.000e+00,0,0,fast,5.27301,0.129925,16.48,40,1,0,1,1,ln32_s0.5_seed1_L1_mant_lo_b27_S4_t0,colored,1,0.5,1084.676,1088.289,1078.754,0.0289,0.5667,ok,5,e,0,1.000e-13
1.579570e-16,3.276216e-18,3.497131e-16,0.000000e+00,0.000000e+00,32,mant_lo,benign,-1,1.276e-16,1.390e-16,-1,9.805e-09,9.805e-09,-1,-1,1,none,5.000e-04,27,1,0,4,31443,ln32_s0.5_seed1,0.000e+00,0.000e+00,0,0,fast,5.27301,0.129925,16.48,40,1,0,1,1,ln32_s0.5_seed1_L1_mant_lo_b27_S4_t1,colored,1,0.5,1160.439,1209.777,1162.669,0.0295,0.4396,ok,5,e,0,1.000e-13
2.051466e-14,2.975847e-15,1.011083e-12,0.000000e+00,0.000000e+00,32,mant_lo,transient,-1,1.276e-16,1.232e-16,-1,9.805e-09,9.805e-09,-1,-1,1,none,5.000e-04,27,1,0,20,17162,ln32_s0.5_seed1,0.000e+00,0.000e+00,0,0,fast,5.27301,0.129925,16.48,40,1,0,1,1,ln32_s0.5_seed1_L1_mant_lo_b27_S20_t0,colored,1,0.5,1153.568,1097.767,1141.186,0.0078,0.3745,ok,20,e,0,1.000e-13
1.884893e-15,2.307759e-16,7.398870e-14,0.000000e+00,0.000000e+00,32,mant_lo,benign,-1,1.276e-16,1.232e-16,-1,9.805e-09,9.805e-09,-1,-1,1,none,5.000e-04,27,1,0,20,31443,ln32_s0.5_seed1,0.000e+00,0.000e+00,0,0,fast,5.27301,0.129925,16.48,40,1,0,1,1,ln32_s0.5_seed1_L1_mant_lo_b27_S20_t1,colored,1,0.5,1258.248,1201.354,1164.666,0.0084,0.4021,ok,20,e,0,1.000e-13
2.698621e-13,0.000000e+00,2.698621e-13,0.000000e+00,0.000000e+00,32,mant_lo,persistent,-1,1.276e-16,1.276e-16,-1,9.805e-09,9.805e-09,-1,-1,1,none,5.000e-04,27,1,0,36,17162,ln32_s0.5_seed1,0.000e+00,0.000e+00,0,0,fast,5.27301,0.129925,16.48,40,1,0,1,1,ln32_s0.5_seed1_L1_mant_lo_b27_S36_t0,colored,1,0.5,1109.411,1128.848,1192.558,0.0557,0.0557,ok,39,e,0,1.000e-13
9.990353e-14,0.000000e+00,9.990353e-14,0.000000e+00,0.000000e+00,32,mant_lo,benign,-1,1.276e-16,1.276e-16,-1,9.805e-09,9.805e-09,-1,-1,1,none,5.000e-04,27,1,0,36,31443,ln32_s0.5_seed1,0.000e+00,0.000e+00,0,0,fast,5.27301,0.129925,16.48,40,1,0,1,1,ln32_s0.5_seed1_L1_mant_lo_b27_S36_t1,colored,1,0.5,1180.766,1112.994,1147.064,0.0386,0.0386,ok,39,e,0,1.000e-13
1.575790e-16,2.447574e-18,1.703200e-16,0.000000e+00,0.000000e+00,32,mant_lo,benign,-1,1.276e-16,1.766e-16,-1,9.805e-09,9.805e-09,-1,-1,1,none,5.000e-04,13,1,0,4,17162,ln32_s0.5_seed1,0.000e+00,0.000e+00,0,0,fast,5.27301,0.129925,16.48,40,1,0,1,1,ln32_s0.5_seed1_L1_mant_lo_b13_S4_t0,colored,1,0.5,1156.698,1215.750,1192.200,0.2317,0.4309,ok,10,e,0,1.000e-13
1.567334e-16,2.196494e-18,1.688169e-16,0.000000e+00,0.000000e+00,32,mant_lo,benign,-1,1.276e-16,1.232e-16,-1,9.805e-09,9.805e-09,-1,-1,1,none,5.000e-04,13,1,0,4,31443,ln32_s0.5_seed1,0.000e+00,0.000e+00,0,0,fast,5.27301,0.129925,16.48,40,1,0,1,1,ln32_s0.5_seed1_L1_mant_lo_b13_S4_t1,colored,1,0.5,1112.258,1146.979,1120.789,0.3017,0.4280,ok,15,e,0,1.000e-13
1.571465e-16,1.265677e-18,1.581328e-16,0.000000e+00,0.000000e+00,32,mant_lo,benign,-1,1.276e-16,1.254e-16,-1,9.805e-09,9.805e-09,-1,-1,1,none,5.000e-04,13,1,0,20,17162,ln32_s0.5_seed1,0.000e+00,0.000e+00,0,0,fast,5.27301,0.129925,16.48,40,1,0,1,1,ln32_s0.5_seed1_L1_mant_lo_b13_S20_t0,colored,1,0.5,1085.928,1084.885,1071.367,0.4362,0.4252,ok,30,e,0,1.000e-13
1.608385e-16,1.061912e-18,1.630011e-16,0.000000e+00,0.000000e+00,32,mant_lo,benign,-1,1.276e-16,1.232e-16,-1,9.805e-09,9.805e-09,-1,-1,1,none,5.000e-04,13,1,0,20,31443,ln32_s0.5_seed1,0.000e+00,0.000e+00,0,0,fast,5.27301,0.129925,16.48,40,1,0,1,1,ln32_s0.5_seed1_L1_mant_lo_b13_S20_t1,colored,1,0.5,1099.489,1091.890,1182.302,0.4359,0.4279,ok,30,e,0,1.000e-13
1.387405e-16,0.000000e+00,1.387405e-16,0.000000e+00,0.000000e+00,32,mant_lo,benign,-1,1.276e-16,1.276e-16,-1,9.805e-09,9.805e-09,-1,-1,1,none,5.000e-04,13,1,0,36,17162,ln32_s0.5_seed1,0.000e+00,0.000e+00,0,0,fast,5.27301,0.129925,16.48,40,1,0,1,1,ln32_s0.5_seed1_L1_mant_lo_b13_S36_t0,colored,1,0.5,1172.621,1136.107,1152.838,0.4437,0.4437,ok,39,e,0,1.000e-13
1.038047e-16,0.000000e+00,1.038047e-16,0.000000e+00,0.000000e+00,32,mant_lo,benign,-1,1.276e-16,1.276e-16,-1,9.805e-09,9.805e-09,-1,-1,1,none,5.000e-04,13,1,0,36,31443,ln32_s0.5_seed1,0.000e+00,0.000e+00,0,0,fast,5.27301,0.129925,16.48,40,1,0,1,1,ln32_s0.5_seed1_L1_mant_lo_b13_S36_t1,colored,1,0.5,1155.995,1109.951,1096.486,0.3578,0.3578,ok,39,e,0,1.000e-13
3.038570e-13,1.162340e-13,3.636820e-11,0.000000e+00,0.000000e+00,32,mant_hi,persistent,-1,1.276e-16,1.462e-16,-1,9.805e-09,9.805e-09,-1,-1,1,none,5.000e-04,38,1,0,4,17162,ln32_s0.5_seed1,0.000e+00,0.000e+00,0,0,fast,5.27301,0.129925,16.48,40,1,0,1,1,ln32_s0.5_seed1_L1_mant_hi_b38_S4_t0,colored,1,0.5,1223.731,1155.598,1163.108,0.0225,0.6058,ok,5,e,0,1.000e-13
5.361005e-15,2.421651e-15,7.154799e-13,0.000000e+00,0.000000e+00,32,mant_hi,transient,-1,1.276e-16,2.161e-16,-1,9.805e-09,9.805e-09,-1,-1,1,none,5.000e-04,38,1,0,4,31443,ln32_s0.5_seed1,0.000e+00,0.000e+00,0,0,fast,5.27301,0.129925,16.48,40,1,0,1,1,ln32_s0.5_seed1_L1_mant_hi_b38_S4_t1,colored,1,0.5,1131.068,1079.288,1107.236,0.0200,0.4831,ok,5,e,0,1.000e-13
4.201234e-11,6.094533e-12,2.070698e-09,0.000000e+00,0.000000e+00,32,mant_hi,persistent,-1,1.276e-16,2.030e-16,-1,9.805e-09,9.805e-09,-1,-1,1,none,5.000e-04,38,1,0,20,17162,ln32_s0.5_seed1,0.000e+00,0.000e+00,0,0,fast,5.27301,0.129925,16.48,40,1,0,1,1,ln32_s0.5_seed1_L1_mant_hi_b38_S20_t0,colored,1,0.5,1128.930,1118.368,1127.780,0.0078,0.3486,ok,20,e,0,1.000e-13
3.844592e-12,4.725896e-13,1.515288e-10,0.000000e+00,0.000000e+00,32,mant_hi,persistent,-1,1.276e-16,1.145e-16,-1,9.805e-09,9.805e-09,-1,-1,1,none,5.000e-04,38,1,0,20,31443,ln32_s0.5_seed1,0.000e+00,0.000e+00,0,0,fast,5.27301,0.129925,16.48,40,1,0,1,1,ln32_s0.5_seed1_L1_mant_hi_b38_S20_t1,colored,1,0.5,1087.885,1161.395,1153.242,0.0084,0.2055,ok,20,e,0,1.000e-13
5.526777e-10,0.000000e+00,5.526777e-10,0.000000e+00,0.000000e+00,32,mant_hi,persistent,-1,1.276e-16,1.367e-16,-1,9.805e-09,9.805e-09,-1,-1,1,none,5.000e-04,38,1,0,36,17162,ln32_s0.5_seed1,0.000e+00,0.000e+00,0,0,fast,5.27301,0.129925,16.48,40,1,0,1,1,ln32_s0.5_seed1_L1_mant_hi_b38_S36_t0,colored,1,0.5,1163.598,1146.178,1097.701,0.0556,0.0556,ok,39,e,0,1.000e-13
2.046021e-10,0.000000e+00,2.046021e-10,0.000000e+00,0.000000e+00,32,mant_hi,persistent,-1,1.276e-16,1.276e-16,-1,9.805e-09,9.805e-09,-1,-1,1,none,5.000e-04,38,1,0,36,31443,ln32_s0.5_seed1,0.000e+00,0.000e+00,0,0,fast,5.27301,0.129925,16.48,40,1,0,1,1,ln32_s0.5_seed1_L1_mant_hi_b38_S36_t1,colored,1,0.5,1098.507,1092.059,1066.196,0.0386,0.0386,ok,39,e,0,1.000e-13
1.555744e-10,5.951181e-11,1.862052e-08,0.000000e+00,0.000000e+00,32,mant_hi,persistent,-1,1.276e-16,1.210e-16,-1,9.805e-09,9.805e-09,-1,-1,1,none,5.000e-04,47,1,0,4,17162,ln32_s0.5_seed1,0.000e+00,0.000e+00,0,0,fast,5.27301,0.129925,16.48,40,1,0,1,1,ln32_s0.5_seed1_L1_mant_hi_b47_S4_t0,colored,1,0.5,1083.522,1134.348,1198.734,0.0225,0.6062,ok,5,e,0,1.000e-13
2.743029e-12,1.239876e-12,3.663257e-10,0.000000e+00,0.000000e+00,32,mant_hi,persistent,-1,1.276e-16,1.773e-16,-1,9.805e-09,9.805e-09,-1,-1,1,none,5.000e-04,47,1,0,4,31443,ln32_s0.5_seed1,0.000e+00,0.000e+00,0,0,fast,5.27301,0.129925,16.48,40,1,0,1,1,ln32_s0.5_seed1_L1_mant_hi_b47_S4_t1,colored,1,0.5,1090.597,1190.517,1183.605,0.0200,0.4281,ok,5,e,0,1.000e-13
2.151032e-08,3.120401e-09,1.060198e-06,0.000000e+00,0.000000e+00,32,mant_hi,persistent,-1,1.276e-16,1.367e-16,-1,9.805e-09,9.805e-09,-1,-1,1,none,5.000e-04,47,1,0,20,17162,ln32_s0.5_seed1,0.000e+00,0.000e+00,0,0,fast,5.27301,0.129925,16.48,40,1,0,1,1,ln32_s0.5_seed1_L1_mant_hi_b47_S20_t0,colored,1,0.5,1223.837,1232.278,1142.519,0.0078,0.3486,ok,20,e,0,1.000e-13
1.968431e-09,2.419659e-10,7.758274e-08,0.000000e+00,0.000000e+00,32,mant_hi,persistent,-1,1.276e-16,1.232e-16,-1,9.805e-09,9.805e-09,-1,-1,1,none,5.000e-04,47,1,0,20,31443,ln32_s0.5_seed1,0.000e+00,0.000e+00,0,0,fast,5.27301,0.129925,16.48,40,1,0,1,1,ln32_s0.5_seed1_L1_mant_hi_b47_S20_t1,colored,1,0.5,1199.381,1176.180,1158.602,0.0084,0.2056,ok,20,e,0,1.000e-13
2.829710e-07,0.000000e+00,2.829710e-07,0.000000e+00,0.000000e+00,32,mant_hi,persistent,-1,1.276e-16,1.276e-16,-1,9.805e-09,9.805e-09,-1,-1,1,none,5.000e-04,47,1,0,36,17162,ln32_s0.5_seed1,0.000e+00,0.000e+00,0,0,fast,5.27301,0.129925,16.48,40,1,0,1,1,ln32_s0.5_seed1_L1_mant_hi_b47_S36_t0,colored,1,0.5,1129.390,1128.486,1115.463,0.0556,0.0556,ok,39,e,0,1.000e-13
1.047563e-07,0.000000e+00,1.047563e-07,0.000000e+00,0.000000e+00,32,mant_hi,persistent,-1,1.276e-16,1.276e-16,-1,9.805e-09,9.805e-09,-1,-1,1,none,5.000e-04,47,1,0,36,31443,ln32_s0.5_seed1,0.000e+00,0.000e+00,0,0,fast,5.27301,0.129925,16.48,40,1,0,1,1,ln32_s0.5_seed1_L1_mant_hi_b47_S36_t1,colored,1,0.5,1152.673,1162.084,1135.440,0.0386,0.0386,ok,39,e,0,1.000e-13
-nan,0.000000e+00,0.000000e+00,0.000000e+00,0.000000e+00,32,exp,detected,4,1.276e-16,1.000e+300,4,9.805e-09,1.000e+300,-1,-1,1,D1+D2,5.000e-04,62,1,0,4,17162,ln32_s0.5_seed1,0.000e+00,0.000e+00,0,484,fast,5.27301,0.129925,16.48,40,1,0,1,1,ln32_s0.5_seed1_L1_exp_b62_S4_t0,colored,1,0.5,1124.110,1137.289,46941.332,0.0000,0.0000,ok,-1,e,0,1.000e-13
-nan,0.000000e+00,0.000000e+00,0.000000e+00,0.000000e+00,32,exp,detected,4,1.276e-16,1.000e+300,4,9.805e-09,1.000e+300,-1,-1,1,D1+D2,5.000e-04,62,1,0,4,31443,ln32_s0.5_seed1,0.000e+00,0.000e+00,0,484,fast,5.27301,0.129925,16.48,40,1,0,1,1,ln32_s0.5_seed1_L1_exp_b62_S4_t1,colored,1,0.5,1106.956,1135.468,47545.563,0.0000,0.0000,ok,-1,e,0,1.000e-13
-nan,0.000000e+00,0.000000e+00,0.000000e+00,0.000000e+00,32,exp,detected,20,1.276e-16,1.000e+300,20,9.805e-09,1.000e+300,-1,-1,1,D1+D2,5.000e-04,62,1,0,20,17162,ln32_s0.5_seed1,0.000e+00,0.000e+00,0,484,fast,5.27301,0.129925,16.48,40,1,0,1,1,ln32_s0.5_seed1_L1_exp_b62_S20_t0,colored,1,0.5,1092.473,1081.778,24121.554,0.0000,0.0000,ok,-1,e,0,1.000e-13
-nan,0.000000e+00,0.000000e+00,0.000000e+00,0.000000e+00,32,exp,detected,20,1.276e-16,1.000e+300,20,9.805e-09,1.000e+300,-1,-1,1,D1+D2,5.000e-04,62,1,0,20,31443,ln32_s0.5_seed1,0.000e+00,0.000e+00,0,484,fast,5.27301,0.129925,16.48,40,1,0,1,1,ln32_s0.5_seed1_L1_exp_b62_S20_t1,colored,1,0.5,1168.724,1132.682,24146.680,0.0000,0.0000,ok,-1,e,0,1.000e-13
-nan,0.000000e+00,0.000000e+00,0.000000e+00,0.000000e+00,32,exp,detected,36,1.276e-16,1.000e+300,36,9.805e-09,1.000e+300,-1,-1,1,D1+D2,5.000e-04,62,1,0,36,17162,ln32_s0.5_seed1,0.000e+00,0.000e+00,0,484,fast,5.27301,0.129925,16.48,40,1,0,1,1,ln32_s0.5_seed1_L1_exp_b62_S36_t0,colored,1,0.5,1213.625,1121.730,4233.499,0.0000,0.0000,ok,-1,e,0,1.000e-13
-nan,0.000000e+00,0.000000e+00,0.000000e+00,0.000000e+00,32,exp,detected,36,1.276e-16,1.000e+300,36,9.805e-09,1.000e+300,-1,-1,1,D1+D2,5.000e-04,62,1,0,36,31443,ln32_s0.5_seed1,0.000e+00,0.000e+00,0,484,fast,5.27301,0.129925,16.48,40,1,0,1,1,ln32_s0.5_seed1_L1_exp_b62_S36_t1,colored,1,0.5,1132.885,1135.679,4174.382,0.0000,0.0000,ok,-1,e,0,1.000e-13
7.531729e-08,2.881110e-08,9.014640e-06,0.000000e+00,0.000000e+00,32,exp,persistent,-1,1.276e-16,1.210e-16,-1,9.805e-09,9.805e-09,-1,-1,1,none,5.000e-04,54,1,0,4,17162,ln32_s0.5_seed1,0.000e+00,0.000e+00,0,0,fast,5.27301,0.129925,16.48,40,1,0,1,1,ln32_s0.5_seed1_L1_exp_b54_S4_t0,colored,1,0.5,1099.732,1130.602,1095.386,0.0225,0.6062,ok,5,e,0,1.000e-13
8.768084e-11,3.963253e-11,1.170957e-08,0.000000e+00,0.000000e+00,32,exp,persistent,-1,1.276e-16,1.232e-16,-1,9.805e-09,9.805e-09,-1,-1,1,none,5.000e-04,54,1,0,4,31443,ln32_s0.5_seed1,0.000e+00,0.000e+00,0,0,fast,5.27301,0.129925,16.48,40,1,0,1,1,ln32_s0.5_seed1_L1_exp_b54_S4_t1,colored,1,0.5,1104.956,1101.469,1145.654,0.0200,0.4283,ok,5,e,0,1.000e-13
1.242223e-05,1.802030e-06,6.122636e-04,0.000000e+00,0.000000e+00,32,exp,persistent,-1,1.276e-16,1.232e-16,-1,9.805e-09,9.805e-09,-1,-1,1,none,5.000e-04,54,1,0,20,17162,ln32_s0.5_seed1,0.000e+00,0.000e+00,0,0,fast,5.27301,0.129925,16.48,40,1,0,1,1,ln32_s0.5_seed1_L1_exp_b54_S20_t0,colored,1,0.5,1103.816,1113.705,1117.372,0.0078,0.3486,ok,20,e,0,1.000e-13
1.176185e-07,1.445805e-08,4.635758e-06,0.000000e+00,0.000000e+00,32,exp,persistent,-1,1.276e-16,1.276e-16,-1,9.805e-09,9.805e-09,-1,-1,1,none,5.000e-04,54,1,0,20,31443,ln32_s0.5_seed1,0.000e+00,0.000e+00,0,0,fast,5.27301,0.129925,16.48,40,1,0,1,1,ln32_s0.5_seed1_L1_exp_b54_S20_t1,colored,1,0.5,1177.177,1218.826,1181.282,0.0084,0.2056,ok,20,e,0,1.000e-13
2.670008e-04,0.000000e+00,2.670008e-04,0.000000e+00,0.000000e+00,32,exp,persistent,-1,1.276e-16,1.276e-16,-1,9.805e-09,9.805e-09,-1,-1,1,none,5.000e-04,54,1,0,36,17162,ln32_s0.5_seed1,0.000e+00,0.000e+00,0,0,fast,5.27301,0.129925,16.48,40,1,0,1,1,ln32_s0.5_seed1_L1_exp_b54_S36_t0,colored,1,0.5,1156.784,1118.875,1110.038,0.0556,0.0556,ok,39,e,0,1.000e-13
8.190751e-05,0.000000e+00,8.190751e-05,0.000000e+00,0.000000e+00,32,exp,persistent,-1,1.276e-16,1.276e-16,-1,9.805e-09,9.805e-09,-1,-1,1,none,5.000e-04,54,1,0,36,31443,ln32_s0.5_seed1,0.000e+00,0.000e+00,0,0,fast,5.27301,0.129925,16.48,40,1,0,1,1,ln32_s0.5_seed1_L1_exp_b54_S36_t1,colored,1,0.5,1098.476,1114.707,1126.232,0.0386,0.0386,ok,39,e,0,1.000e-13
1.004231e-08,3.841480e-09,1.201952e-06,0.000000e+00,0.000000e+00,32,sign,persistent,-1,1.276e-16,1.577e-16,-1,9.805e-09,9.805e-09,-1,-1,1,none,5.000e-04,63,1,0,4,17162,ln32_s0.5_seed1,0.000e+00,0.000e+00,0,0,fast,5.27301,0.129925,16.48,40,1,0,1,1,ln32_s0.5_seed1_L1_sign_b63_S4_t0,colored,1,0.5,1099.879,1097.203,1107.483,0.0225,0.6062,ok,5,e,0,1.000e-13
1.870525e-10,8.454940e-11,2.498041e-08,0.000000e+00,0.000000e+00,32,sign,persistent,-1,1.276e-16,1.376e-16,-1,9.805e-09,9.805e-09,-1,-1,1,none,5.000e-04,63,1,0,4,31443,ln32_s0.5_seed1,0.000e+00,0.000e+00,0,0,fast,5.27301,0.129925,16.48,40,1,0,1,1,ln32_s0.5_seed1_L1_sign_b63_S4_t1,colored,1,0.5,1091.954,1082.726,1082.166,0.0200,0.4283,ok,5,e,0,1.000e-13
1.656292e-06,2.402707e-07,8.163515e-05,0.000000e+00,0.000000e+00,32,sign,persistent,-1,1.276e-16,1.933e-16,-1,9.805e-09,9.805e-09,-1,-1,1,none,5.000e-04,63,1,0,20,17162,ln32_s0.5_seed1,0.000e+00,0.000e+00,0,0,fast,5.27301,0.129925,16.48,40,1,0,1,1,ln32_s0.5_seed1_L1_sign_b63_S20_t0,colored,1,0.5,1124.713,1159.030,1184.884,0.0078,0.3486,ok,20,e,0,1.000e-13
2.509196e-07,3.084384e-08,9.889616e-06,0.000000e+00,0.000000e+00,32,sign,persistent,-1,1.276e-16,1.188e-16,-1,9.805e-09,9.805e-09,-1,-1,1,none,5.000e-04,63,1,0,20,31443,ln32_s0.5_seed1,0.000e+00,0.000e+00,0,0,fast,5.27301,0.129925,16.48,40,1,0,1,1,ln32_s0.5_seed1_L1_sign_b63_S20_t1,colored,1,0.5,1186.551,1173.995,1144.747,0.0084,0.2056,ok,20,e,0,1.000e-13
3.560008e-05,0.000000e+00,3.560008e-05,0.000000e+00,0.000000e+00,32,sign,persistent,-1,1.276e-16,1.276e-16,-1,9.805e-09,9.805e-09,-1,-1,1,none,5.000e-04,63,1,0,36,17162,ln32_s0.5_seed1,0.000e+00,0.000e+00,0,0,fast,5.27301,0.129925,16.48,40,1,0,1,1,ln32_s0.5_seed1_L1_sign_b63_S36_t0,colored,1,0.5,1131.753,1146.735,1111.145,0.0556,0.0556,ok,39,e,0,1.000e-13
1.092100e-05,0.000000e+00,1.092100e-05,0.000000e+00,0.000000e+00,32,sign,persistent,-1,1.276e-16,1.276e-16,-1,9.805e-09,9.805e-09,-1,-1,1,none,5.000e-04,63,1,0,36,31443,ln32_s0.5_seed1,0.000e+00,0.000e+00,0,0,fast,5.27301,0.129925,16.48,40,1,0,1,1,ln32_s0.5_seed1_L1_sign_b63_S36_t1,colored,1,0.5,1142.783,1122.081,1104.061,0.0386,0.0386,ok,39,e,0,1.000e-13
1.004231e-08,3.841480e-09,1.201952e-06,0.000000e+00,0.000000e+00,32,sign,persistent,-1,1.276e-16,1.577e-16,-1,9.805e-09,9.805e-09,-1,-1,1,none,5.000e-04,63,1,0,4,17162,ln32_s0.5_seed1,0.000e+00,0.000e+00,0,0,fast,5.27301,0.129925,16.48,40,1,0,1,1,ln32_s0.5_seed1_L1_sign_b63_S4_t0,colored,1,0.5,1128.013,1136.750,1146.815,0.0225,0.6062,ok,5,e,0,1.000e-13
1.870525e-10,8.454940e-11,2.498041e-08,0.000000e+00,0.000000e+00,32,sign,persistent,-1,1.276e-16,1.376e-16,-1,9.805e-09,9.805e-09,-1,-1,1,none,5.000e-04,63,1,0,4,31443,ln32_s0.5_seed1,0.000e+00,0.000e+00,0,0,fast,5.27301,0.129925,16.48,40,1,0,1,1,ln32_s0.5_seed1_L1_sign_b63_S4_t1,colored,1,0.5,1147.394,1089.010,1104.057,0.0200,0.4283,ok,5,e,0,1.000e-13
1.656292e-06,2.402707e-07,8.163515e-05,0.000000e+00,0.000000e+00,32,sign,persistent,-1,1.276e-16,1.933e-16,-1,9.805e-09,9.805e-09,-1,-1,1,none,5.000e-04,63,1,0,20,17162,ln32_s0.5_seed1,0.000e+00,0.000e+00,0,0,fast,5.27301,0.129925,16.48,40,1,0,1,1,ln32_s0.5_seed1_L1_sign_b63_S20_t0,colored,1,0.5,1118.854,1130.224,1116.509,0.0078,0.3486,ok,20,e,0,1.000e-13
2.509196e-07,3.084384e-08,9.889616e-06,0.000000e+00,0.000000e+00,32,sign,persistent,-1,1.276e-16,1.188e-16,-1,9.805e-09,9.805e-09,-1,-1,1,none,5.000e-04,63,1,0,20,31443,ln32_s0.5_seed1,0.000e+00,0.000e+00,0,0,fast,5.27301,0.129925,16.48,40,1,0,1,1,ln32_s0.5_seed1_L1_sign_b63_S20_t1,colored,1,0.5,1091.128,1078.864,1158.408,0.0084,0.2056,ok,20,e,0,1.000e-13
3.560008e-05,0.000000e+00,3.560008e-05,0.000000e+00,0.000000e+00,32,sign,persistent,-1,1.276e-16,1.276e-16,-1,9.805e-09,9.805e-09,-1,-1,1,none,5.000e-04,63,1,0,36,17162,ln32_s0.5_seed1,0.000e+00,0.000e+00,0,0,fast,5.27301,0.129925,16.48,40,1,0,1,1,ln32_s0.5_seed1_L1_sign_b63_S36_t0,colored,1,0.5,1197.073,1199.492,1184.660,0.0556,0.0556,ok,39,e,0,1.000e-13
1.092100e-05,0.000000e+00,1.092100e-05,0.000000e+00,0.000000e+00,32,sign,persistent,-1,1.276e-16,1.276e-16,-1,9.805e-09,9.805e-09,-1,-1,1,none,5.000e-04,63,1,0,36,31443,ln32_s0.5_seed1,0.000e+00,0.000e+00,0,0,fast,5.27301,0.129925,16.48,40,1,0,1,1,ln32_s0.5_seed1_L1_sign_b63_S36_t1,colored,1,0.5,1104.723,1087.251,1081.142,0.0386,0.0386,ok,39,e,0,1.000e-13
1.569470e-16,4.125033e-18,6.505533e-16,0.000000e+00,0.000000e+00,32,mant_lo,benign,-1,1.276e-16,1.369e-16,-1,9.805e-09,9.805e-09,-1,-1,1,none,5.000e-04,23,2,0,4,12205,ln32_s0.5_seed1,0.000e+00,0.000e+00,0,0,fast,5.27301,0.129925,16.48,40,1,0,1,1,ln32_s0.5_seed1_L2_mant_lo_b23_S4_t0,colored,1,0.5,1163.659,1106.382,1138.139,0.0747,0.4404,ok,5,e,0,1.000e-13
1.996116e-16,5.607122e-17,1.826124e-14,0.000000e+00,0.000000e+00,32,mant_lo,benign,-1,1.276e-16,4.324e-16,-1,9.805e-09,9.805e-09,-1,-1,1,none,5.000e-04,23,2,0,4,8532,ln32_s0.5_seed1,0.000e+00,0.000e+00,0,0,fast,5.27301,0.129925,16.48,40,1,0,1,1,ln32_s0.5_seed1_L2_mant_lo_b23_S4_t1,colored,1,0.5,1144.225,1119.313,1116.220,0.0037,0.5528,ok,5,e,0,1.000e-13
4.831076e-16,9.798683e-17,3.546391e-14,0.000000e+00,0.000000e+00,32,mant_lo,benign,-1,1.276e-16,4.376e-16,-1,9.805e-09,9.805e-09,-1,-1,1,none,5.000e-04,23,2,0,20,12205,ln32_s0.5_seed1,0.000e+00,0.000e+00,0,0,fast,5.27301,0.129925,16.48,40,1,0,1,1,ln32_s0.5_seed1_L2_mant_lo_b23_S20_t0,colored,1,0.5,1194.738,1191.465,1141.071,0.0052,0.5399,ok,20,e,0,1.000e-13
4.333862e-15,1.126553e-15,4.154956e-13,0.000000e+00,0.000000e+00,32,mant_lo,transient,-1,1.276e-16,2.063e-15,-1,9.805e-09,9.805e-09,-1,-1,1,none,5.000e-04,23,2,0,20,8532,ln32_s0.5_seed1,0.000e+00,0.000e+00,0,0,fast,5.27301,0.129925,16.48,40,1,0,1,1,ln32_s0.5_seed1_L2_mant_lo_b23_S20_t1,colored,1,0.5,1144.829,1106.422,1162.033,0.0026,0.3753,ok,20,e,0,1.000e-13
5.091879e-15,0.000000e+00,5.091879e-15,0.000000e+00,0.000000e+00,32,mant_lo,benign,-1,1.276e-16,7.818e-16,-1,9.805e-09,9.805e-09,-1,-1,1,none,5.000e-04,23,2,0,36,12205,ln32_s0.5_seed1,0.000e+00,0.000e+00,0,0,fast,5.27301,0.129925,16.48,40,1,0,1,1,ln32_s0.5_seed1_L2_mant_lo_b23_S36_t0,colored,1,0.5,1070.935,1068.245,1075.262,0.1527,0.1527,ok,39,e,0,1.000e-13
5.185651e-14,0.000000e+00,5.185651e-14,0.000000e+00,0.000000e+00,32,mant_lo,benign,-1,1.276e-16,2.693e-15,-1,9.805e-09,9.805e-09,-1,-1,1,none,5.000e-04,23,2,0,36,8532,ln32_s0.5_seed1,0.000e+00,0.000e+00,0,0,fast,5.27301,0.129925,16.48,40,1,0,1,1,ln32_s0.5_seed1_L2_mant_lo_b23_S36_t1,colored,1,0.5,1126.456,1250.779,1253.688,0.0220,0.0220,ok,39,e,0,1.000e-13
1.569470e-16,4.125033e-18,6.505533e-16,0.000000e+00,0.000000e+00,32,mant_lo,benign,-1,1.276e-16,1.369e-16,-1,9.805e-09,9.805e-09,-1,-1,1,none,5.000e-04,23,2,0,4,12205,ln32_s0.5_seed1,0.000e+00,0.000e+00,0,0,fast,5.27301,0.129925,16.48,40,1,0,1,1,ln32_s0.5_seed1_L2_mant_lo_b23_S4_t0,colored,1,0.5,1155.077,1085.812,1094.884,0.0747,0.4404,ok,5,e,0,1.000e-13
1.996116e-16,5.607122e-17,1.826124e-14,0.000000e+00,0.000000e+00,32,mant_lo,benign,-1,1.276e-16,4.324e-16,-1,9.805e-09,9.805e-09,-1,-1,1,none,5.000e-04,23,2,0,4,8532,ln32_s0.5_seed1,0.000e+00,0.000e+00,0,0,fast,5.27301,0.129925,16.48,40,1,0,1,1,ln32_s0.5_seed1_L2_mant_lo_b23_S4_t1,colored,1,0.5,1228.037,1166.591,1149.349,0.0037,0.5528,ok,5,e,0,1.000e-13
4.831076e-16,9.798683e-17,3.546391e-14,0.000000e+00,0.000000e+00,32,mant_lo,benign,-1,1.276e-16,4.376e-16,-1,9.805e-09,9.805e-09,-1,-1,1,none,5.000e-04,23,2,0,20,12205,ln32_s0.5_seed1,0.000e+00,0.000e+00,0,0,fast,5.27301,0.129925,16.48,40,1,0,1,1,ln32_s0.5_seed1_L2_mant_lo_b23_S20_t0,colored,1,0.5,1180.445,1225.153,1172.669,0.0052,0.5399,ok,20,e,0,1.000e-13
4.333862e-15,1.126553e-15,4.154956e-13,0.000000e+00,0.000000e+00,32,mant_lo,transient,-1,1.276e-16,2.063e-15,-1,9.805e-09,9.805e-09,-1,-1,1,none,5.000e-04,23,2,0,20,8532,ln32_s0.5_seed1,0.000e+00,0.000e+00,0,0,fast,5.27301,0.129925,16.48,40,1,0,1,1,ln32_s0.5_seed1_L2_mant_lo_b23_S20_t1,colored,1,0.5,1137.126,1155.547,1119.291,0.0026,0.3753,ok,20,e,0,1.000e-13
5.091879e-15,0.000000e+00,5.091879e-15,0.000000e+00,0.000000e+00,32,mant_lo,benign,-1,1.276e-16,7.818e-16,-1,9.805e-09,9.805e-09,-1,-1,1,none,5.000e-04,23,2,0,36,12205,ln32_s0.5_seed1,0.000e+00,0.000e+00,0,0,fast,5.27301,0.129925,16.48,40,1,0,1,1,ln32_s0.5_seed1_L2_mant_lo_b23_S36_t0,colored,1,0.5,1281.807,1233.284,1115.082,0.1527,0.1527,ok,39,e,0,1.000e-13
5.185651e-14,0.000000e+00,5.185651e-14,0.000000e+00,0.000000e+00,32,mant_lo,benign,-1,1.276e-16,2.693e-15,-1,9.805e-09,9.805e-09,-1,-1,1,none,5.000e-04,23,2,0,36,8532,ln32_s0.5_seed1,0.000e+00,0.000e+00,0,0,fast,5.27301,0.129925,16.48,40,1,0,1,1,ln32_s0.5_seed1_L2_mant_lo_b23_S36_t1,colored,1,0.5,1139.747,1124.194,1118.111,0.0220,0.0220,ok,39,e,0,1.000e-13
3.613622e-15,1.085755e-15,3.272185e-13,0.000000e+00,0.000000e+00,32,mant_hi,transient,-1,1.276e-16,2.767e-14,-1,9.805e-09,9.805e-09,-1,-1,1,none,5.000e-04,32,2,0,4,12205,ln32_s0.5_seed1,0.000e+00,0.000e+00,0,0,fast,5.27301,0.129925,16.48,40,1,0,1,1,ln32_s0.5_seed1_L2_mant_hi_b32_S4_t0,colored,1,0.5,1127.591,1114.950,1107.082,0.0204,0.6461,ok,5,e,0,1.000e-13
7.005513e-14,2.845241e-14,9.349201e-12,0.000000e+00,0.000000e+00,32,mant_hi,transient,-1,1.276e-16,2.214e-13,-1,9.805e-09,9.805e-09,-1,-1,1,none,5.000e-04,32,2,0,4,8532,ln32_s0.5_seed1,0.000e+00,0.000e+00,0,0,fast,5.27301,0.129925,16.48,40,1,0,1,1,ln32_s0.5_seed1_L2_mant_hi_b32_S4_t1,colored,1,0.5,1137.524,1154.996,1101.993,0.0036,0.6174,ok,5,e,0,1.000e-13
2.321637e-13,5.011937e-14,1.815743e-11,0.000000e+00,0.000000e+00,32,mant_hi,persistent,-1,1.276e-16,2.561e-13,-1,9.805e-09,9.805e-09,-1,-1,1,none,5.000e-04,32,2,0,20,12205,ln32_s0.5_seed1,0.000e+00,0.000e+00,0,0,fast,5.27301,0.129925,16.48,40,1,0,1,1,ln32_s0.5_seed1_L2_mant_hi_b32_S20_t0,colored,1,0.5,1109.752,1184.473,1089.154,0.0052,0.3875,ok,20,e,0,1.000e-13
2.219514e-12,5.767747e-13,2.127335e-10,0.000000e+00,0.000000e+00,32,mant_hi,persistent,-1,1.276e-16,1.024e-12,-1,9.805e-09,9.805e-09,-1,-1,1,none,5.000e-04,32,2,0,20,8532,ln32_s0.5_seed1,0.000e+00,0.000e+00,0,0,fast,5.27301,0.129925,16.48,40,1,0,1,1,ln32_s0.5_seed1_L2_mant_hi_b32_S20_t1,colored,1,0.5,1136.625,1217.121,1308.854,0.0026,0.3343,ok,20,e,0,1.000e-13
2.605994e-12,0.000000e+00,2.605994e-12,0.000000e+00,0.000000e+00,32,mant_hi,persistent,-1,1.276e-16,3.557e-13,-1,9.805e-09,9.805e-09,-1,-1,1,none,5.000e-04,32,2,0,36,12205,ln32_s0.5_seed1,0.000e+00,0.000e+00,0,0,fast,5.27301,0.129925,16.48,40,1,0,1,1,ln32_s0.5_seed1_L2_mant_hi_b32_S36_t0,colored,1,0.5,1292.344,1264.952,1233.768,0.0606,0.0606,ok,39,e,0,1.000e-13
2.655093e-11,0.000000e+00,2.655093e-11,0.000000e+00,0.000000e+00,32,mant_hi,persistent,-1,1.276e-16,1.423e-12,-1,9.805e-09,9.805e-09,-1,-1,1,none,5.000e-04,32,2,0,36,8532,ln32_s0.5_seed1,0.000e+00,0.000e+00,0,0,fast,5.27301,0.129925,16.48,40,1,0,1,1,ln32_s0.5_seed1_L2_mant_hi_b32_S36_t1,colored,1,0.5,1189.829,1210.788,1152.113,0.0220,0.0220,ok,39,e,0,1.000e-13
5.891378e-11,1.778839e-11,5.361146e-09,0.000000e+00,0.000000e+00,32,mant_hi,persistent,4,1.276e-16,4.534e-10,-1,9.805e-09,6.789e-08,-1,-1,1,D1,5.000e-04,46,2,0,4,12205,ln32_s0.5_seed1,0.000e+00,0.000e+00,0,0,fast,5.27301,0.129925,16.48,40,1,0,1,1,ln32_s0.5_seed1_L2_mant_hi_b46_S4_t0,colored,1,0.5,1245.851,1186.586,1119.056,0.0204,0.6321,ok,5,e,0,1.000e-13
1.147866e-09,4.661646e-10,1.531773e-07,0.000000e+00,0.000000e+00,32,mant_hi,persistent,4,1.276e-16,3.627e-09,-1,9.805e-09,5.386e-07,-1,-1,1,D1,5.000e-04,46,2,0,4,8532,ln32_s0.5_seed1,0.000e+00,0.000e+00,0,0,fast,5.27301,0.129925,16.48,40,1,0,1,1,ln32_s0.5_seed1_L2_mant_hi_b46_S4_t1,colored,1,0.5,1222.857,1254.191,1282.612,0.0036,0.6185,ok,5,e,0,1.000e-13
3.803865e-09,8.211560e-10,2.974914e-07,0.000000e+00,0.000000e+00,32,mant_hi,persistent,20,1.276e-16,4.196e-09,-1,9.805e-09,7.462e-07,-1,-1,1,D1,5.000e-04,46,2,0,20,12205,ln32_s0.5_seed1,0.000e+00,0.000e+00,0,0,fast,5.27301,0.129925,16.48,40,1,0,1,1,ln32_s0.5_seed1_L2_mant_hi_b46_S20_t0,colored,1,0.5,1290.447,1219.095,1168.413,0.0052,0.3881,ok,20,e,0,1.000e-13
3.636427e-08,9.449876e-09,3.485426e-06,0.000000e+00,0.000000e+00,32,mant_hi,persistent,20,1.276e-16,1.678e-08,20,9.805e-09,2.985e-06,-1,-1,1,D1+D2,5.000e-04,46,2,0,20,8532,ln32_s0.5_seed1,0.000e+00,0.000e+00,0,0,fast,5.27301,0.129925,16.48,40,1,0,1,1,ln32_s0.5_seed1_L2_mant_hi_b46_S20_t1,colored,1,0.5,1234.560,1251.504,1232.499,0.0026,0.3343,ok,20,e,0,1.000e-13
4.269660e-08,0.000000e+00,4.269660e-08,0.000000e+00,0.000000e+00,32,mant_hi,persistent,36,1.276e-16,5.830e-09,36,9.805e-09,1.062e-06,-1,-1,1,D1+D2,5.000e-04,46,2,0,36,12205,ln32_s0.5_seed1,0.000e+00,0.000e+00,0,0,fast,5.27301,0.129925,16.48,40,1,0,1,1,ln32_s0.5_seed1_L2_mant_hi_b46_S36_t0,colored,1,0.5,1153.029,1157.096,1202.346,0.0606,0.0606,ok,39,e,0,1.000e-13
4.350105e-07,0.000000e+00,4.350105e-07,0.000000e+00,0.000000e+00,32,mant_hi,persistent,36,1.276e-16,2.332e-08,36,9.805e-09,4.248e-06,-1,-1,1,D1+D2,5.000e-04,46,2,0,36,8532,ln32_s0.5_seed1,0.000e+00,0.000e+00,0,0,fast,5.27301,0.129925,16.48,40,1,0,1,1,ln32_s0.5_seed1_L2_mant_hi_b46_S36_t1,colored,1,0.5,1239.939,1231.205,1218.768,0.0220,0.0220,ok,39,e,0,1.000e-13
4.327720e-09,1.306709e-09,3.938219e-07,0.000000e+00,0.000000e+00,32,exp,persistent,4,1.276e-16,3.330e-08,4,9.805e-09,4.945e-06,-1,-1,1,D1+D2,5.000e-04,58,2,0,4,12205,ln32_s0.5_seed1,0.000e+00,0.000e+00,0,0,fast,5.27301,0.129925,16.48,40,1,0,1,1,ln32_s0.5_seed1_L2_exp_b58_S4_t0,colored,1,0.5,1191.937,1199.075,1141.808,0.0204,0.6321,ok,5,e,0,1.000e-13
8.567736e-08,3.479480e-08,1.143324e-05,0.000000e+00,0.000000e+00,32,exp,persistent,4,1.276e-16,2.707e-07,4,9.805e-09,4.019e-05,-1,-1,1,D1+D2,5.000e-04,58,2,0,4,8532,ln32_s0.5_seed1,0.000e+00,0.000e+00,0,0,fast,5.27301,0.129925,16.48,40,1,0,1,1,ln32_s0.5_seed1_L2_exp_b58_S4_t1,colored,1,0.5,1199.253,1149.213,1200.302,0.0036,0.6185,ok,5,e,0,1.000e-13
3.122019e-07,6.739631e-08,2.441659e-05,0.000000e+00,0.000000e+00,32,exp,persistent,20,1.276e-16,3.444e-07,20,9.805e-09,6.125e-05,-1,-1,1,D1+D2,5.000e-04,58,2,0,20,12205,ln32_s0.5_seed1,0.000e+00,0.000e+00,0,0,fast,5.27301,0.129925,16.48,40,1,0,1,1,ln32_s0.5_seed1_L2_exp_b58_S20_t0,colored,1,0.5,1160.918,1147.215,1153.316,0.0052,0.3881,ok,20,e,0,1.000e-13
2.843454e-06,7.389202e-07,2.725381e-04,0.000000e+00,0.000000e+00,32,exp,persistent,20,1.276e-16,1.312e-06,20,9.805e-09,2.334e-04,-1,-1,1,D1+D2,5.000e-04,58,2,0,20,8532,ln32_s0.5_seed1,0.000e+00,0.000e+00,0,0,fast,5.27301,0.129925,16.48,40,1,0,1,1,ln32_s0.5_seed1_L2_exp_b58_S20_t1,colored,1,0.5,1214.687,1237.007,1293.080,0.0026,0.3343,ok,20,e,0,1.000e-13
5.261479e-06,0.000000e+00,5.261479e-06,0.000000e+00,0.000000e+00,32,exp,persistent,36,1.276e-16,7.184e-07,36,9.805e-09,1.309e-04,-1,-1,1,D1+D2,5.000e-04,58,2,0,36,12205,ln32_s0.5_seed1,0.000e+00,0.000e+00,0,0,fast,5.27301,0.129925,16.48,40,1,0,1,1,ln32_s0.5_seed1_L2_exp_b58_S36_t0,colored,1,0.5,1127.902,1169.927,1214.818,0.0606,0.0606,ok,39,e,0,1.000e-13
4.152165e-05,0.000000e+00,4.152165e-05,0.000000e+00,0.000000e+00,32,exp,persistent,36,1.276e-16,2.226e-06,36,9.805e-09,4.054e-04,-1,-1,1,D1+D2,5.000e-04,58,2,0,36,8532,ln32_s0.5_seed1,0.000e+00,0.000e+00,0,0,fast,5.27301,0.129925,16.48,40,1,0,1,1,ln32_s0.5_seed1_L2_exp_b58_S36_t1,colored,1,0.5,1261.623,1179.078,1212.776,0.0220,0.0220,ok,39,e,0,1.000e-13
4.327720e-09,1.306709e-09,3.938219e-07,0.000000e+00,0.000000e+00,32,exp,persistent,4,1.276e-16,3.330e-08,4,9.805e-09,4.945e-06,-1,-1,1,D1+D2,5.000e-04,61,2,0,4,12205,ln32_s0.5_seed1,0.000e+00,0.000e+00,0,0,fast,5.27301,0.129925,16.48,40,1,0,1,1,ln32_s0.5_seed1_L2_exp_b61_S4_t0,colored,1,0.5,1165.229,1162.365,1147.121,0.0204,0.6321,ok,5,e,0,1.000e-13
8.567736e-08,3.479480e-08,1.143324e-05,0.000000e+00,0.000000e+00,32,exp,persistent,4,1.276e-16,2.707e-07,4,9.805e-09,4.019e-05,-1,-1,1,D1+D2,5.000e-04,61,2,0,4,8532,ln32_s0.5_seed1,0.000e+00,0.000e+00,0,0,fast,5.27301,0.129925,16.48,40,1,0,1,1,ln32_s0.5_seed1_L2_exp_b61_S4_t1,colored,1,0.5,1170.604,1169.475,1152.078,0.0036,0.6185,ok,5,e,0,1.000e-13
3.122019e-07,6.739631e-08,2.441659e-05,0.000000e+00,0.000000e+00,32,exp,persistent,20,1.276e-16,3.444e-07,20,9.805e-09,6.125e-05,-1,-1,1,D1+D2,5.000e-04,61,2,0,20,12205,ln32_s0.5_seed1,0.000e+00,0.000e+00,0,0,fast,5.27301,0.129925,16.48,40,1,0,1,1,ln32_s0.5_seed1_L2_exp_b61_S20_t0,colored,1,0.5,1301.033,1242.464,1258.383,0.0052,0.3881,ok,20,e,0,1.000e-13
2.843454e-06,7.389202e-07,2.725381e-04,0.000000e+00,0.000000e+00,32,exp,persistent,20,1.276e-16,1.312e-06,20,9.805e-09,2.334e-04,-1,-1,1,D1+D2,5.000e-04,61,2,0,20,8532,ln32_s0.5_seed1,0.000e+00,0.000e+00,0,0,fast,5.27301,0.129925,16.48,40,1,0,1,1,ln32_s0.5_seed1_L2_exp_b61_S20_t1,colored,1,0.5,1184.474,1192.958,1189.508,0.0026,0.3343,ok,20,e,0,1.000e-13
5.261479e-06,0.000000e+00,5.261479e-06,0.000000e+00,0.000000e+00,32,exp,persistent,36,1.276e-16,7.184e-07,36,9.805e-09,1.309e-04,-1,-1,1,D1+D2,5.000e-04,61,2,0,36,12205,ln32_s0.5_seed1,0.000e+00,0.000e+00,0,0,fast,5.27301,0.129925,16.48,40,1,0,1,1,ln32_s0.5_seed1_L2_exp_b61_S36_t0,colored,1,0.5,1210.852,1261.684,1191.768,0.0606,0.0606,ok,39,e,0,1.000e-13
4.152165e-05,0.000000e+00,4.152165e-05,0.000000e+00,0.000000e+00,32,exp,persistent,36,1.276e-16,2.226e-06,36,9.805e-09,4.054e-04,-1,-1,1,D1+D2,5.000e-04,61,2,0,36,8532,ln32_s0.5_seed1,0.000e+00,0.000e+00,0,0,fast,5.27301,0.129925,16.48,40,1,0,1,1,ln32_s0.5_seed1_L2_exp_b61_S36_t1,colored,1,0.5,1319.908,1304.030,1282.513,0.0220,0.0220,ok,39,e,0,1.000e-13
8.655439e-09,2.613418e-09,7.876438e-07,0.000000e+00,0.000000e+00,32,sign,persistent,4,1.276e-16,6.661e-08,4,9.805e-09,9.889e-06,-1,-1,1,D1+D2,5.000e-04,63,2,0,4,12205,ln32_s0.5_seed1,0.000e+00,0.000e+00,0,0,fast,5.27301,0.129925,16.48,40,1,0,1,1,ln32_s0.5_seed1_L2_sign_b63_S4_t0,colored,1,0.5,1209.554,1219.534,1141.449,0.0204,0.6321,ok,5,e,0,1.000e-13
1.713547e-07,6.958960e-08,2.286649e-05,0.000000e+00,0.000000e+00,32,sign,persistent,4,1.276e-16,5.414e-07,4,9.805e-09,8.039e-05,-1,-1,1,D1+D2,5.000e-04,63,2,0,4,8532,ln32_s0.5_seed1,0.000e+00,0.000e+00,0,0,fast,5.27301,0.129925,16.48,40,1,0,1,1,ln32_s0.5_seed1_L2_sign_b63_S4_t1,colored,1,0.5,1230.132,1228.095,1285.986,0.0036,0.6185,ok,5,e,0,1.000e-13
6.244038e-07,1.347926e-07,4.883317e-05,0.000000e+00,0.000000e+00,32,sign,persistent,20,1.276e-16,6.887e-07,20,9.805e-09,1.225e-04,-1,-1,1,D1+D2,5.000e-04,63,2,0,20,12205,ln32_s0.5_seed1,0.000e+00,0.000e+00,0,0,fast,5.27301,0.129925,16.48,40,1,0,1,1,ln32_s0.5_seed1_L2_sign_b63_S20_t0,colored,1,0.5,1176.165,1191.883,1184.306,0.0052,0.3881,ok,20,e,0,1.000e-13
5.686908e-06,1.477840e-06,5.450763e-04,0.000000e+00,0.000000e+00,32,sign,persistent,20,1.276e-16,2.625e-06,20,9.805e-09,4.668e-04,-1,-1,1,D1+D2,5.000e-04,63,2,0,20,8532,ln32_s0.5_seed1,0.000e+00,0.000e+00,0,0,fast,5.27301,0.129925,16.48,40,1,0,1,1,ln32_s0.5_seed1_L2_sign_b63_S20_t1,colored,1,0.5,1176.324,1177.534,1134.300,0.0026,0.3343,ok,20,e,0,1.000e-13
1.052296e-05,0.000000e+00,1.052296e-05,0.000000e+00,0.000000e+00,32,sign,persistent,36,1.276e-16,1.437e-06,36,9.805e-09,2.617e-04,-1,-1,1,D1+D2,5.000e-04,63,2,0,36,12205,ln32_s0.5_seed1,0.000e+00,0.000e+00,0,0,fast,5.27301,0.129925,16.48,40,1,0,1,1,ln32_s0.5_seed1_L2_sign_b63_S36_t0,colored,1,0.5,1188.860,1226.354,1200.833,0.0606,0.0606,ok,39,e,0,1.000e-13
8.304330e-05,0.000000e+00,8.304330e-05,0.000000e+00,0.000000e+00,32,sign,persistent,36,1.276e-16,4.451e-06,36,9.805e-09,8.108e-04,-1,-1,1,D1+D2,5.000e-04,63,2,0,36,8532,ln32_s0.5_seed1,0.000e+00,0.000e+00,0,0,fast,5.27301,0.129925,16.48,40,1,0,1,1,ln32_s0.5_seed1_L2_sign_b63_S36_t1,colored,1,0.5,1248.403,1264.320,1234.171,0.0220,0.0220,ok,39,e,0,1.000e-13
8.655439e-09,2.613418e-09,7.876438e-07,0.000000e+00,0.000000e+00,32,sign,persistent,4,1.276e-16,6.661e-08,4,9.805e-09,9.889e-06,-1,-1,1,D1+D2,5.000e-04,63,2,0,4,12205,ln32_s0.5_seed1,0.000e+00,0.000e+00,0,0,fast,5.27301,0.129925,16.48,40,1,0,1,1,ln32_s0.5_seed1_L2_sign_b63_S4_t0,colored,1,0.5,1147.237,1143.689,1125.705,0.0204,0.6321,ok,5,e,0,1.000e-13
1.713547e-07,6.958960e-08,2.286649e-05,0.000000e+00,0.000000e+00,32,sign,persistent,4,1.276e-16,5.414e-07,4,9.805e-09,8.039e-05,-1,-1,1,D1+D2,5.000e-04,63,2,0,4,8532,ln32_s0.5_seed1,0.000e+00,0.000e+00,0,0,fast,5.27301,0.129925,16.48,40,1,0,1,1,ln32_s0.5_seed1_L2_sign_b63_S4_t1,colored,1,0.5,1197.381,1255.664,1219.417,0.0036,0.6185,ok,5,e,0,1.000e-13
6.244038e-07,1.347926e-07,4.883317e-05,0.000000e+00,0.000000e+00,32,sign,persistent,20,1.276e-16,6.887e-07,20,9.805e-09,1.225e-04,-1,-1,1,D1+D2,5.000e-04,63,2,0,20,12205,ln32_s0.5_seed1,0.000e+00,0.000e+00,0,0,fast,5.27301,0.129925,16.48,40,1,0,1,1,ln32_s0.5_seed1_L2_sign_b63_S20_t0,colored,1,0.5,1172.097,1288.507,1299.842,0.0052,0.3881,ok,20,e,0,1.000e-13
5.686908e-06,1.477840e-06,5.450763e-04,0.000000e+00,0.000000e+00,32,sign,persistent,20,1.276e-16,2.625e-06,20,9.805e-09,4.668e-04,-1,-1,1,D1+D2,5.000e-04,63,2,0,20,8532,ln32_s0.5_seed1,0.000e+00,0.000e+00,0,0,fast,5.27301,0.129925,16.48,40,1,0,1,1,ln32_s0.5_seed1_L2_sign_b63_S20_t1,colored,1,0.5,1372.699,1350.234,1271.795,0.0026,0.3343,ok,20,e,0,1.000e-13
1.052296e-05,0.000000e+00,1.052296e-05,0.000000e+00,0.000000e+00,32,sign,persistent,36,1.276e-16,1.437e-06,36,9.805e-09,2.617e-04,-1,-1,1,D1+D2,5.000e-04,63,2,0,36,12205,ln32_s0.5_seed1,0.000e+00,0.000e+00,0,0,fast,5.27301,0.129925,16.48,40,1,0,1,1,ln32_s0.5_seed1_L2_sign_b63_S36_t0,colored,1,0.5,1218.396,1264.568,1185.178,0.0606,0.0606,ok,39,e,0,1.000e-13
8.304330e-05,0.000000e+00,8.304330e-05,0.000000e+00,0.000000e+00,32,sign,persistent,36,1.276e-16,4.451e-06,36,9.805e-09,8.108e-04,-1,-1,1,D1+D2,5.000e-04,63,2,0,36,8532,ln32_s0.5_seed1,0.000e+00,0.000e+00,0,0,fast,5.27301,0.129925,16.48,40,1,0,1,1,ln32_s0.5_seed1_L2_sign_b63_S36_t1,colored,1,0.5,1188.501,1169.248,1164.708,0.0220,0.0220,ok,39,e,0,1.000e-13
1.675739e-16,2.874937e-18,1.842549e-16,0.000000e+00,0.000000e+00,32,mant_lo,benign,-1,1.232e-16,2.189e-12,-1,9.805e-09,9.805e-09,-1,-1,1,none,5.000e-04,6,3,0,4,502,ln32_s0.5_seed1,0.000e+00,0.000e+00,0,0,fast,5.27301,0.129925,16.48,40,2,0,1,1,ln32_s0.5_seed1_L3_mant_lo_b6_S4_t0,colored,1,0.5,3573.428,3574.014,3556.916,0.1504,0.3723,ok,10,e,0,1.000e-13
1.584045e-16,2.429756e-18,1.753691e-16,0.000000e+00,0.000000e+00,32,mant_lo,benign,-1,1.232e-16,2.326e-13,-1,9.805e-09,9.805e-09,-1,-1,1,none,5.000e-04,6,3,0,4,434,ln32_s0.5_seed1,0.000e+00,0.000e+00,0,0,fast,5.27301,0.129925,16.48,40,2,0,1,1,ln32_s0.5_seed1_L3_mant_lo_b6_S4_t1,colored,1,0.5,3520.419,3559.006,3512.833,0.3005,0.4599,ok,15,e,0,1.000e-13
2.096075e-16,2.075704e-18,2.352925e-16,0.000000e+00,0.000000e+00,32,mant_lo,benign,-1,1.232e-16,3.307e-12,-1,9.805e-09,9.805e-09,-1,-1,1,none,5.000e-04,6,3,0,20,502,ln32_s0.5_seed1,0.000e+00,0.000e+00,0,0,fast,5.27301,0.129925,16.48,40,2,0,1,1,ln32_s0.5_seed1_L3_mant_lo_b6_S20_t0,colored,1,0.5,3578.596,3570.208,3534.818,0.1601,0.2357,ok,25,e,0,1.000e-13
1.677601e-16,1.394174e-18,1.720374e-16,0.000000e+00,0.000000e+00,32,mant_lo,benign,-1,1.232e-16,1.406e-12,-1,9.805e-09,9.805e-09,-1,-1,1,none,5.000e-04,6,3,0,20,434,ln32_s0.5_seed1,0.000e+00,0.000e+00,0,0,fast,5.27301,0.129925,16.48,40,2,0,1,1,ln32_s0.5_seed1_L3_mant_lo_b6_S20_t1,colored,1,0.5,3536.049,3566.112,3560.757,0.2768,0.3741,ok,25,e,0,1.000e-13
2.970123e-16,0.000000e+00,2.970123e-16,0.000000e+00,0.000000e+00,32,mant_lo,benign,-1,1.232e-16,8.277e-12,-1,9.805e-09,9.805e-09,-1,-1,1,none,5.000e-04,6,3,0,36,502,ln32_s0.5_seed1,0.000e+00,0.000e+00,0,0,fast,5.27301,0.129925,16.48,40,2,0,1,1,ln32_s0.5_seed1_L3_mant_lo_b6_S36_t0,colored,1,0.5,3515.255,3578.538,3573.444,0.1428,0.1428,ok,39,e,0,1.000e-13
1.712485e-16,0.000000e+00,1.712485e-16,0.000000e+00,0.000000e+00,32,mant_lo,benign,-1,1.232e-16,3.518e-12,-1,9.805e-09,9.805e-09,-1,-1,1,none,5.000e-04,6,3,0,36,434,ln32_s0.5_seed1,0.000e+00,0.000e+00,0,0,fast,5.27301,0.129925,16.48,40,2,0,1,1,ln32_s0.5_seed1_L3_mant_lo_b6_S36_t1,colored,1,0.5,3551.664,3581.477,3568.901,0.2738,0.2738,ok,39,e,0,1.000e-13
4.804995e-12,1.503806e-13,1.762242e-11,0.000000e+00,0.000000e+00,32,mant_lo,persistent,4,1.232e-16,2.869e-07,-1,9.805e-09,9.805e-09,-1,-1,1,D1,5.000e-04,23,3,0,4,502,ln32_s0.5_seed1,0.000e+00,0.000e+00,0,0,fast,5.27301,0.129925,16.48,40,2,0,1,1,ln32_s0.5_seed1_L3_mant_lo_b23_S4_t0,colored,1,0.5,3529.182,3547.612,3541.856,0.0033,0.0356,ok,5,e,0,1.000e-13
5.064687e-13,1.578084e-14,1.839987e-12,0.000000e+00,0.000000e+00,32,mant_lo,persistent,4,1.232e-16,3.048e-08,-1,9.805e-09,9.805e-09,-1,-1,1,D1,5.000e-04,23,3,0,4,434,ln32_s0.5_seed1,0.000e+00,0.000e+00,0,0,fast,5.27301,0.129925,16.48,40,2,0,1,1,ln32_s0.5_seed1_L3_mant_lo_b23_S4_t1,colored,1,0.5,3540.537,3558.955,3536.029,0.0036,0.0436,ok,5,e,0,1.000e-13
1.773566e-11,2.104363e-13,2.593854e-11,0.000000e+00,0.000000e+00,32,mant_lo,persistent,20,1.232e-16,4.335e-07,-1,9.805e-09,9.805e-09,-1,-1,1,D1,5.000e-04,23,3,0,20,502,ln32_s0.5_seed1,0.000e+00,0.000e+00,0,0,fast,5.27301,0.129925,16.48,40,2,0,1,1,ln32_s0.5_seed1_L3_mant_lo_b23_S20_t0,colored,1,0.5,3529.746,3560.589,3567.081,0.0016,0.0259,ok,20,e,0,1.000e-13
7.468786e-12,8.829291e-14,1.085543e-11,0.000000e+00,0.000000e+00,32,mant_lo,persistent,20,1.232e-16,1.842e-07,-1,9.805e-09,9.805e-09,-1,-1,1,D1,5.000e-04,23,3,0,20,434,ln32_s0.5_seed1,0.000e+00,0.000e+00,0,0,fast,5.27301,0.129925,16.48,40,2,0,1,1,ln32_s0.5_seed1_L3_mant_lo_b23_S20_t1,colored,1,0.5,3566.398,3539.413,3555.356,0.0021,0.0313,ok,20,e,0,1.000e-13
3.485909e-11,0.000000e+00,3.485909e-11,0.000000e+00,0.000000e+00,32,mant_lo,persistent,36,1.232e-16,1.085e-06,-1,9.805e-09,9.805e-09,-1,-1,1,D1,5.000e-04,23,3,0,36,502,ln32_s0.5_seed1,0.000e+00,0.000e+00,0,0,fast,5.27301,0.129925,16.48,40,2,0,1,1,ln32_s0.5_seed1_L3_mant_lo_b23_S36_t0,colored,1,0.5,3563.187,3560.760,3595.707,0.0067,0.0067,ok,39,e,0,1.000e-13
1.459282e-11,0.000000e+00,1.459282e-11,0.000000e+00,0.000000e+00,32,mant_lo,persistent,36,1.232e-16,4.611e-07,-1,9.805e-09,9.805e-09,-1,-1,1,D1,5.000e-04,23,3,0,36,434,ln32_s0.5_seed1,0.000e+00,0.000e+00,0,0,fast,5.27301,0.129925,16.48,40,2,0,1,1,ln32_s0.5_seed1_L3_mant_lo_b23_S36_t1,colored,1,0.5,3557.663,3551.354,3572.011,0.0079,0.0079,ok,39,e,0,1.000e-13
2.460273e-09,7.699831e-11,9.023059e-09,0.000000e+00,0.000000e+00,32,mant_hi,persistent,4,1.232e-16,1.468e-04,-1,9.805e-09,9.805e-09,-1,-1,1,D1,5.000e-04,32,3,0,4,502,ln32_s0.5_seed1,0.000e+00,0.000e+00,0,0,fast,5.27301,0.129925,16.48,40,2,0,1,1,ln32_s0.5_seed1_L3_mant_hi_b32_S4_t0,colored,1,0.5,3543.455,3554.196,3557.780,0.0033,0.0356,ok,5,e,0,1.000e-13
2.593126e-10,8.079805e-12,9.420746e-10,0.000000e+00,0.000000e+00,32,mant_hi,persistent,4,1.232e-16,1.561e-05,-1,9.805e-09,9.805e-09,-1,-1,1,D1,5.000e-04,32,3,0,4,434,ln32_s0.5_seed1,0.000e+00,0.000e+00,0,0,fast,5.27301,0.129925,16.48,40,2,0,1,1,ln32_s0.5_seed1_L3_mant_hi_b32_S4_t1,colored,1,0.5,3576.344,3566.565,3587.354,0.0036,0.0436,ok,5,e,0,1.000e-13
9.081868e-09,1.077583e-10,1.328242e-08,0.000000e+00,0.000000e+00,32,mant_hi,persistent,20,1.232e-16,2.216e-04,-1,9.805e-09,9.805e-09,-1,-1,1,D1,5.000e-04,32,3,0,20,502,ln32_s0.5_seed1,0.000e+00,0.000e+00,0,0,fast,5.27301,0.129925,16.48,40,2,0,1,1,ln32_s0.5_seed1_L3_mant_hi_b32_S20_t0,colored,1,0.5,3574.435,3523.248,3575.328,0.0017,0.0259,ok,20,e,0,1.000e-13
3.824096e-09,4.520689e-11,5.558080e-09,0.000000e+00,0.000000e+00,32,mant_hi,persistent,20,1.232e-16,9.431e-05,-1,9.805e-09,9.805e-09,-1,-1,1,D1,5.000e-04,32,3,0,20,434,ln32_s0.5_seed1,0.000e+00,0.000e+00,0,0,fast,5.27301,0.129925,16.48,40,2,0,1,1,ln32_s0.5_seed1_L3_mant_hi_b32_S20_t1,colored,1,0.5,3573.809,3533.996,3559.916,0.0021,0.0313,ok,20,e,0,1.000e-13
1.786265e-08,0.000000e+00,1.786265e-08,0.000000e+00,0.000000e+00,32,mant_hi,persistent,36,1.232e-16,5.515e-04,-1,9.805e-09,9.805e-09,-1,-1,1,D1,5.000e-04,32,3,0,36,502,ln32_s0.5_seed1,0.000e+00,0.000e+00,0,0,fast,5.27301,0.129925,16.48,40,2,0,1,1,ln32_s0.5_seed1_L3_mant_hi_b32_S36_t0,colored,1,0.5,3539.692,3523.408,3571.767,0.0067,0.0067,ok,39,e,0,1.000e-13
7.472669e-09,0.000000e+00,7.472669e-09,0.000000e+00,0.000000e+00,32,mant_hi,persistent,36,1.232e-16,2.358e-04,-1,9.805e-09,9.805e-09,-1,-1,1,D1,5.000e-04,32,3,0,36,434,ln32_s0.5_seed1,0.000e+00,0.000e+00,0,0,fast,5.27301,0.129925,16.48,40,2,0,1,1,ln32_s0.5_seed1_L3_mant_hi_b32_S36_t1,colored,1,0.5,3577.848,3572.459,3556.790,0.0079,0.0079,ok,39,e,0,1.000e-13
2.739505e+07,8.558556e+05,9.988569e+07,0.000000e+00,0.000000e+00,32,mant_hi,persistent,4,1.232e-16,5.335e-03,4,9.805e-09,4.890e+05,4,-1,1,D1+D2+D3,5.000e-04,36,3,0,4,502,ln32_s0.5_seed1,0.000e+00,0.000e+00,0,483,fast,5.27301,0.129925,16.48,40,2,0,1,1,ln32_s0.5_seed1_L3_mant_hi_b36_S4_t0,colored,1,0.5,3549.493,3559.029,5704.748,0.0035,0.0358,ok,5,e,0,1.000e-13
4.149757e-09,1.293001e-10,1.507588e-08,0.000000e+00,0.000000e+00,32,mant_hi,persistent,4,1.232e-16,2.494e-04,-1,9.805e-09,9.805e-09,-1,-1,1,D1,5.000e-04,36,3,0,4,434,ln32_s0.5_seed1,0.000e+00,0.000e+00,0,0,fast,5.27301,0.129925,16.48,40,2,0,1,1,ln32_s0.5_seed1_L3_mant_hi_b36_S4_t1,colored,1,0.5,3551.024,3582.449,3530.722,0.0036,0.0436,ok,5,e,0,1.000e-13
4.679060e+06,5.493960e+04,6.614153e+06,0.000000e+00,0.000000e+00,32,mant_hi,persistent,20,1.232e-16,5.335e-03,20,9.805e-09,2.151e+04,20,-1,1,D1+D2+D3,5.000e-04,36,3,0,20,502,ln32_s0.5_seed1,0.000e+00,0.000e+00,0,484,fast,5.27301,0.129925,16.48,40,2,0,1,1,ln32_s0.5_seed1_L3_mant_hi_b36_S20_t0,colored,1,0.5,3564.960,3549.674,5903.161,0.0020,0.0260,ok,20,e,0,1.000e-13
6.853747e-08,8.108058e-10,9.978984e-08,0.000000e+00,0.000000e+00,32,mant_hi,persistent,20,1.232e-16,3.305e-03,-1,9.805e-09,9.931e-09,-1,-1,1,D1,5.000e-04,36,3,0,20,434,ln32_s0.5_seed1,0.000e+00,0.000e+00,0,1,fast,5.27301,0.129925,16.48,40,2,0,1,1,ln32_s0.5_seed1_L3_mant_hi_b36_S20_t1,colored,1,0.5,3522.398,3558.943,3581.978,0.0612,0.0318,ok,20,e,0,1.000e-13
1.514156e+02,0.000000e+00,1.514156e+02,0.000000e+00,0.000000e+00,32,mant_hi,persistent,36,1.232e-16,5.335e-03,36,9.805e-09,5.113e-01,36,-1,1,D1+D2+D3,5.000e-04,36,3,0,36,502,ln32_s0.5_seed1,0.000e+00,0.000e+00,0,484,fast,5.27301,0.129925,16.48,40,2,0,1,1,ln32_s0.5_seed1_L3_mant_hi_b36_S36_t0,colored,1,0.5,3530.266,3553.941,5971.618,0.0067,0.0067,ok,39,e,0,1.000e-13
7.157704e+10,0.000000e+00,7.157704e+10,0.000000e+00,0.000000e+00,32,mant_hi,persistent,36,1.232e-16,5.426e-03,36,9.805e-09,1.052e+09,36,-1,1,D1+D2+D3,5.000e-04,36,3,0,36,434,ln32_s0.5_seed1,0.000e+00,0.000e+00,0,484,fast,5.27301,0.129925,16.48,40,2,0,1,1,ln32_s0.5_seed1_L3_mant_hi_b36_S36_t1,colored,1,0.5,3574.378,3519.051,5972.653,0.0080,0.0080,ok,39,e,0,1.000e-13
1.018638e+06,3.182502e+04,3.714359e+06,0.000000e+00,0.000000e+00,32,exp,persistent,4,1.232e-16,5.335e-03,4,9.805e-09,6.554e+04,4,-1,1,D1+D2+D3,5.000e-04,57,3,0,4,502,ln32_s0.5_seed1,0.000e+00,0.000e+00,0,483,fast,5.27301,0.129925,16.48,40,2,0,1,1,ln32_s0.5_seed1_L3_exp_b57_S4_t0,colored,1,0.5,3542.986,3571.314,5777.544,0.0039,0.0358,ok,5,e,0,1.000e-13
1.576541e+04,4.904370e+02,5.697190e+04,0.000000e+00,0.000000e+00,32,exp,persistent,4,1.232e-16,5.425e-03,4,9.805e-09,1.675e+02,4,-1,1,D1+D2+D3,5.000e-04,57,3,0,4,434,ln32_s0.5_seed1,0.000e+00,0.000e+00,0,483,fast,5.27301,0.129925,16.48,40,2,0,1,1,ln32_s0.5_seed1_L3_exp_b57_S4_t1,colored,1,0.5,3542.459,3534.820,5680.361,0.0039,0.0439,ok,5,e,0,1.000e-13
9.717057e+04,1.140937e+03,1.373547e+05,0.000000e+00,0.000000e+00,32,exp,persistent,20,1.232e-16,5.335e-03,20,9.805e-09,3.816e+02,20,-1,1,D1+D2+D3,5.000e-04,57,3,0,20,502,ln32_s0.5_seed1,0.000e+00,0.000e+00,0,484,fast,5.27301,0.129925,16.48,40,2,0,1,1,ln32_s0.5_seed1_L3_exp_b57_S20_t0,colored,1,0.5,3562.136,3564.398,5869.570,0.0021,0.0261,ok,20,e,0,1.000e-13
2.068475e+13,2.418925e+11,2.902078e+13,0.000000e+00,0.000000e+00,32,exp,persistent,20,1.232e-16,5.425e-03,20,9.805e-09,7.224e+11,20,-1,1,D1+D2+D3,5.000e-04,57,3,0,20,434,ln32_s0.5_seed1,0.000e+00,0.000e+00,0,484,fast,5.27301,0.129925,16.48,40,2,0,1,1,ln32_s0.5_seed1_L3_exp_b57_S20_t1,colored,1,0.5,3544.342,3561.501,5935.812,0.0046,0.0313,ok,20,e,0,1.000e-13
1.013286e+06,0.000000e+00,1.013286e+06,0.000000e+00,0.000000e+00,32,exp,persistent,36,1.232e-16,5.343e-03,36,9.805e-09,1.290e+05,36,-1,1,D1+D2+D3,5.000e-04,57,3,0,36,502,ln32_s0.5_seed1,0.000e+00,0.000e+00,0,484,fast,5.27301,0.129925,16.48,40,2,0,1,1,ln32_s0.5_seed1_L3_exp_b57_S36_t0,colored,1,0.5,3584.770,3532.581,5980.719,0.0104,0.0104,ok,39,e,0,1.000e-13
9.499261e+05,0.000000e+00,9.499261e+05,0.000000e+00,0.000000e+00,32,exp,persistent,36,1.232e-16,5.426e-03,36,9.805e-09,3.139e+04,36,-1,1,D1+D2+D3,5.000e-04,57,3,0,36,434,ln32_s0.5_seed1,0.000e+00,0.000e+00,0,484,fast,5.27301,0.129925,16.48,40,2,0,1,1,ln32_s0.5_seed1_L3_exp_b57_S36_t1,colored,1,0.5,3577.260,3534.573,5964.926,0.0085,0.0085,ok,39,e,0,1.000e-13
1.018638e+06,3.182502e+04,3.714359e+06,0.000000e+00,0.000000e+00,32,exp,persistent,4,1.232e-16,5.335e-03,4,9.805e-09,6.554e+04,4,-1,1,D1+D2+D3,5.000e-04,57,3,0,4,502,ln32_s0.5_seed1,0.000e+00,0.000e+00,0,483,fast,5.27301,0.129925,16.48,40,2,0,1,1,ln32_s0.5_seed1_L3_exp_b57_S4_t0,colored,1,0.5,3572.486,3694.457,5816.416,0.0039,0.0358,ok,5,e,0,1.000e-13
1.576541e+04,4.904370e+02,5.697190e+04,0.000000e+00,0.000000e+00,32,exp,persistent,4,1.232e-16,5.425e-03,4,9.805e-09,1.675e+02,4,-1,1,D1+D2+D3,5.000e-04,57,3,0,4,434,ln32_s0.5_seed1,0.000e+00,0.000e+00,0,483,fast,5.27301,0.129925,16.48,40,2,0,1,1,ln32_s0.5_seed1_L3_exp_b57_S4_t1,colored,1,0.5,3602.001,3628.376,5729.016,0.0039,0.0439,ok,5,e,0,1.000e-13
9.717057e+04,1.140937e+03,1.373547e+05,0.000000e+00,0.000000e+00,32,exp,persistent,20,1.232e-16,5.335e-03,20,9.805e-09,3.816e+02,20,-1,1,D1+D2+D3,5.000e-04,57,3,0,20,502,ln32_s0.5_seed1,0.000e+00,0.000e+00,0,484,fast,5.27301,0.129925,16.48,40,2,0,1,1,ln32_s0.5_seed1_L3_exp_b57_S20_t0,colored,1,0.5,3622.542,3584.461,5964.762,0.0021,0.0261,ok,20,e,0,1.000e-13
2.068475e+13,2.418925e+11,2.902078e+13,0.000000e+00,0.000000e+00,32,exp,persistent,20,1.232e-16,5.425e-03,20,9.805e-09,7.224e+11,20,-1,1,D1+D2+D3,5.000e-04,57,3,0,20,434,ln32_s0.5_seed1,0.000e+00,0.000e+00,0,484,fast,5.27301,0.129925,16.48,40,2,0,1,1,ln32_s0.5_seed1_L3_exp_b57_S20_t1,colored,1,0.5,3635.851,3612.428,5957.985,0.0046,0.0313,ok,20,e,0,1.000e-13
1.013286e+06,0.000000e+00,1.013286e+06,0.000000e+00,0.000000e+00,32,exp,persistent,36,1.232e-16,5.343e-03,36,9.805e-09,1.290e+05,36,-1,1,D1+D2+D3,5.000e-04,57,3,0,36,502,ln32_s0.5_seed1,0.000e+00,0.000e+00,0,484,fast,5.27301,0.129925,16.48,40,2,0,1,1,ln32_s0.5_seed1_L3_exp_b57_S36_t0,colored,1,0.5,3592.779,3607.571,6049.596,0.0104,0.0104,ok,39,e,0,1.000e-13
9.499261e+05,0.000000e+00,9.499261e+05,0.000000e+00,0.000000e+00,32,exp,persistent,36,1.232e-16,5.426e-03,36,9.805e-09,3.139e+04,36,-1,1,D1+D2+D3,5.000e-04,57,3,0,36,434,ln32_s0.5_seed1,0.000e+00,0.000e+00,0,484,fast,5.27301,0.129925,16.48,40,2,0,1,1,ln32_s0.5_seed1_L3_exp_b57_S36_t1,colored,1,0.5,3584.628,3610.234,6047.248,0.0085,0.0085,ok,39,e,0,1.000e-13
7.438877e+09,2.323887e+08,2.712201e+10,0.000000e+00,0.000000e+00,32,sign,persistent,4,1.232e-16,5.336e-03,4,9.805e-09,1.203e+09,4,-1,1,D1+D2+D3,5.000e-04,63,3,0,4,502,ln32_s0.5_seed1,0.000e+00,0.000e+00,0,483,fast,5.27301,0.129925,16.48,40,2,0,1,1,ln32_s0.5_seed1_L3_sign_b63_S4_t0,colored,1,0.5,3616.979,3611.765,5742.365,0.0051,0.0358,ok,5,e,0,1.000e-13
1.074692e+05,3.343162e+03,3.883591e+05,0.000000e+00,0.000000e+00,32,sign,persistent,4,1.232e-16,5.425e-03,4,9.805e-09,3.055e+03,4,-1,1,D1+D2+D3,5.000e-04,63,3,0,4,434,ln32_s0.5_seed1,0.000e+00,0.000e+00,0,483,fast,5.27301,0.129925,16.48,40,2,0,1,1,ln32_s0.5_seed1_L3_sign_b63_S4_t1,colored,1,0.5,3607.612,3602.267,5762.554,0.0038,0.0438,ok,5,e,0,1.000e-13
7.193693e+13,8.446356e+11,1.016844e+14,0.000000e+00,0.000000e+00,32,sign,persistent,20,1.232e-16,5.335e-03,20,9.805e-09,1.432e+12,20,-1,1,D1+D2+D3,5.000e-04,63,3,0,20,502,ln32_s0.5_seed1,0.000e+00,0.000e+00,0,484,fast,5.27301,0.129925,16.48,40,2,0,1,1,ln32_s0.5_seed1_L3_sign_b63_S20_t0,colored,1,0.5,3609.783,3604.846,6018.505,0.0020,0.0262,ok,20,e,0,1.000e-13
3.857926e+07,4.511618e+05,5.412871e+07,0.000000e+00,0.000000e+00,32,sign,persistent,20,1.232e-16,5.425e-03,20,9.805e-09,2.461e+06,20,-1,1,D1+D2+D3,5.000e-04,63,3,0,20,434,ln32_s0.5_seed1,0.000e+00,0.000e+00,0,484,fast,5.27301,0.129925,16.48,40,2,0,1,1,ln32_s0.5_seed1_L3_sign_b63_S20_t1,colored,1,0.5,3610.627,3578.426,6023.826,0.0059,0.0316,ok,20,e,0,1.000e-13
6.568433e+03,0.000000e+00,6.568433e+03,0.000000e+00,0.000000e+00,32,sign,persistent,36,1.232e-16,5.335e-03,36,9.805e-09,5.460e+01,36,-1,1,D1+D2+D3,5.000e-04,63,3,0,36,502,ln32_s0.5_seed1,0.000e+00,0.000e+00,0,484,fast,5.27301,0.129925,16.48,40,2,0,1,1,ln32_s0.5_seed1_L3_sign_b63_S36_t0,colored,1,0.5,3608.226,3590.200,6075.064,0.0068,0.0068,ok,39,e,0,1.000e-13
7.997957e+02,0.000000e+00,7.997957e+02,0.000000e+00,0.000000e+00,32,sign,persistent,36,1.232e-16,5.424e-03,36,9.805e-09,3.381e+01,36,-1,1,D1+D2+D3,5.000e-04,63,3,0,36,434,ln32_s0.5_seed1,0.000e+00,0.000e+00,0,484,fast,5.27301,0.129925,16.48,40,2,0,1,1,ln32_s0.5_seed1_L3_sign_b63_S36_t1,colored,1,0.5,3585.318,3592.292,6068.822,0.0079,0.0079,ok,39,e,0,1.000e-13
7.438877e+09,2.323887e+08,2.712201e+10,0.000000e+00,0.000000e+00,32,sign,persistent,4,1.232e-16,5.336e-03,4,9.805e-09,1.203e+09,4,-1,1,D1+D2+D3,5.000e-04,63,3,0,4,502,ln32_s0.5_seed1,0.000e+00,0.000e+00,0,483,fast,5.27301,0.129925,16.48,40,2,0,1,1,ln32_s0.5_seed1_L3_sign_b63_S4_t0,colored,1,0.5,3610.408,3590.571,5737.371,0.0051,0.0358,ok,5,e,0,1.000e-13
1.074692e+05,3.343162e+03,3.883591e+05,0.000000e+00,0.000000e+00,32,sign,persistent,4,1.232e-16,5.425e-03,4,9.805e-09,3.055e+03,4,-1,1,D1+D2+D3,5.000e-04,63,3,0,4,434,ln32_s0.5_seed1,0.000e+00,0.000e+00,0,483,fast,5.27301,0.129925,16.48,40,2,0,1,1,ln32_s0.5_seed1_L3_sign_b63_S4_t1,colored,1,0.5,3617.156,3623.159,5808.954,0.0038,0.0438,ok,5,e,0,1.000e-13
7.193693e+13,8.446356e+11,1.016844e+14,0.000000e+00,0.000000e+00,32,sign,persistent,20,1.232e-16,5.335e-03,20,9.805e-09,1.432e+12,20,-1,1,D1+D2+D3,5.000e-04,63,3,0,20,502,ln32_s0.5_seed1,0.000e+00,0.000e+00,0,484,fast,5.27301,0.129925,16.48,40,2,0,1,1,ln32_s0.5_seed1_L3_sign_b63_S20_t0,colored,1,0.5,3603.639,3566.834,6020.909,0.0020,0.0262,ok,20,e,0,1.000e-13
3.857926e+07,4.511618e+05,5.412871e+07,0.000000e+00,0.000000e+00,32,sign,persistent,20,1.232e-16,5.425e-03,20,9.805e-09,2.461e+06,20,-1,1,D1+D2+D3,5.000e-04,63,3,0,20,434,ln32_s0.5_seed1,0.000e+00,0.000e+00,0,484,fast,5.27301,0.129925,16.48,40,2,0,1,1,ln32_s0.5_seed1_L3_sign_b63_S20_t1,colored,1,0.5,3598.367,3604.343,6000.030,0.0059,0.0316,ok,20,e,0,1.000e-13
6.568433e+03,0.000000e+00,6.568433e+03,0.000000e+00,0.000000e+00,32,sign,persistent,36,1.232e-16,5.335e-03,36,9.805e-09,5.460e+01,36,-1,1,D1+D2+D3,5.000e-04,63,3,0,36,502,ln32_s0.5_seed1,0.000e+00,0.000e+00,0,484,fast,5.27301,0.129925,16.48,40,2,0,1,1,ln32_s0.5_seed1_L3_sign_b63_S36_t0,colored,1,0.5,3594.861,3586.844,6084.453,0.0068,0.0068,ok,39,e,0,1.000e-13
7.997957e+02,0.000000e+00,7.997957e+02,0.000000e+00,0.000000e+00,32,sign,persistent,36,1.232e-16,5.424e-03,36,9.805e-09,3.381e+01,36,-1,1,D1+D2+D3,5.000e-04,63,3,0,36,434,ln32_s0.5_seed1,0.000e+00,0.000e+00,0,484,fast,5.27301,0.129925,16.48,40,2,0,1,1,ln32_s0.5_seed1_L3_sign_b63_S36_t1,colored,1,0.5,3590.225,3606.657,6029.211,0.0079,0.0079,ok,39,e,0,1.000e-13
1.906183e-16,4.327453e-18,6.702892e-16,0.000000e+00,0.000000e+00,32,mant_lo,benign,-1,1.502e-16,1.525e-16,-1,9.979e-09,9.979e-09,-1,-1,1,none,5.000e-04,20,1,0,4,13152,ln32_s1.0_seed1,0.000e+00,0.000e+00,0,0,fast,27.7728,0.0168134,29.60,40,1,0,1,1,ln32_s1.0_seed1_L1_mant_lo_b20_S4_t0,colored,1,1.0,2128.225,2066.516,2167.961,0.0934,0.4708,ok,5,e,0,1.000e-13
1.927821e-16,1.161895e-17,2.899158e-15,0.000000e+00,0.000000e+00,32,mant_lo,benign,-1,1.502e-16,1.525e-16,-1,9.979e-09,9.979e-09,-1,-1,1,none,5.000e-04,20,1,0,4,26976,ln32_s1.0_seed1,0.000e+00,0.000e+00,0,0,fast,27.7728,0.0168134,29.60,40,1,0,1,1,ln32_s1.0_seed1_L1_mant_lo_b20_S4_t1,colored,1,1.0,2214.310,2223.887,2220.839,0.0429,0.4966,ok,5,e,0,1.000e-13
4.033439e-16,5.651956e-17,1.936719e-14,0.000000e+00,0.000000e+00,32,mant_lo,benign,-1,1.502e-16,2.150e-16,-1,9.979e-09,9.979e-09,-1,-1,1,none,5.000e-04,20,1,0,20,13152,ln32_s1.0_seed1,0.000e+00,0.000e+00,0,0,fast,27.7728,0.0168134,29.60,40,1,0,1,1,ln32_s1.0_seed1_L1_mant_lo_b20_S20_t0,colored,1,1.0,2154.658,2288.048,2303.853,0.0072,0.5006,ok,20,e,0,1.000e-13
1.492327e-15,1.151036e-16,3.518695e-14,0.000000e+00,0.000000e+00,32,mant_lo,benign,-1,1.502e-16,1.502e-16,-1,9.979e-09,9.979e-09,-1,-1,1,none,5.000e-04,20,1,0,20,26976,ln32_s1.0_seed1,0.000e+00,0.000e+00,0,0,fast,27.7728,0.0168134,29.60,40,1,0,1,1,ln32_s1.0_seed1_L1_mant_lo_b20_S20_t1,colored,1,1.0,2147.811,2128.057,2124.828,0.0033,0.3868,ok,20,e,0,1.000e-13
5.011029e-15,0.000000e+00,5.011029e-15,0.000000e+00,0.000000e+00,32,mant_lo,benign,-1,1.502e-16,1.502e-16,-1,9.979e-09,9.979e-09,-1,-1,1,none,5.000e-04,20,1,0,36,13152,ln32_s1.0_seed1,0.000e+00,0.000e+00,0,0,fast,27.7728,0.0168134,29.60,40,1,0,1,1,ln32_s1.0_seed1_L1_mant_lo_b20_S36_t0,colored,1,1.0,2127.849,2135.912,2161.700,0.1050,0.1050,ok,39,e,0,1.000e-13
2.739707e-14,0.000000e+00,2.739707e-14,0.000000e+00,0.000000e+00,32,mant_lo,benign,-1,1.502e-16,1.502e-16,-1,9.979e-09,9.979e-09,-1,-1,1,none,5.000e-04,20,1,0,36,26976,ln32_s1.0_seed1,0.000e+00,0.000e+00,0,0,fast,27.7728,0.0168134,29.60,40,1,0,1,1,ln32_s1.0_seed1_L1_mant_lo_b20_S36_t1,colored,1,1.0,2133.537,2222.558,2168.053,0.0254,0.0254,ok,39,e,0,1.000e-13
1.889317e-16,2.683286e-18,1.889317e-16,0.000000e+00,0.000000e+00,32,mant_lo,benign,-1,1.502e-16,1.502e-16,-1,9.979e-09,9.979e-09,-1,-1,1,none,5.000e-04,13,1,0,4,13152,ln32_s1.0_seed1,0.000e+00,0.000e+00,0,0,fast,27.7728,0.0168134,29.60,40,1,0,1,1,ln32_s1.0_seed1_L1_mant_lo_b13_S4_t0,colored,1,1.0,2135.801,2055.216,2083.465,0.4651,0.4651,ok,39,e,0,1.000e-13
1.863611e-16,2.776779e-18,1.904402e-16,0.000000e+00,0.000000e+00,32,mant_lo,benign,-1,1.502e-16,1.502e-16,-1,9.979e-09,9.979e-09,-1,-1,1,none,5.000e-04,13,1,0,4,26976,ln32_s1.0_seed1,0.000e+00,0.000e+00,0,0,fast,27.7728,0.0168134,29.60,40,1,0,1,1,ln32_s1.0_seed1_L1_mant_lo_b13_S4_t1,colored,1,1.0,2114.416,2232.721,2297.224,0.3909,0.4985,ok,25,e,0,1.000e-13
1.812562e-16,1.685781e-18,1.889103e-16,0.000000e+00,0.000000e+00,32,mant_lo,benign,-1,1.502e-16,1.502e-16,-1,9.979e-09,9.979e-09,-1,-1,1,none,5.000e-04,13,1,0,20,13152,ln32_s1.0_seed1,0.000e+00,0.000e+00,0,0,fast,27.7728,0.0168134,29.60,40,1,0,1,1,ln32_s1.0_seed1_L1_mant_lo_b13_S20_t0,colored,1,1.0,2170.676,2118.721,2191.574,0.4516,0.4680,ok,35,e,0,1.000e-13
1.900394e-16,2.028859e-18,2.795764e-16,0.000000e+00,0.000000e+00,32,mant_lo,benign,-1,1.502e-16,1.502e-16,-1,9.979e-09,9.979e-09,-1,-1,1,none,5.000e-04,13,1,0,20,26976,ln32_s1.0_seed1,0.000e+00,0.000e+00,0,0,fast,27.7728,0.0168134,29.60,40,1,0,1,1,ln32_s1.0_seed1_L1_mant_lo_b13_S20_t1,colored,1,1.0,2197.755,2232.518,2230.468,0.0412,0.4683,ok,20,e,0,1.000e-13
1.792381e-16,0.000000e+00,1.792381e-16,0.000000e+00,0.000000e+00,32,mant_lo,benign,-1,1.502e-16,1.502e-16,-1,9.979e-09,9.979e-09,-1,-1,1,none,5.000e-04,13,1,0,36,13152,ln32_s1.0_seed1,0.000e+00,0.000e+00,0,0,fast,27.7728,0.0168134,29.60,40,1,0,1,1,ln32_s1.0_seed1_L1_mant_lo_b13_S36_t0,colored,1,1.0,2154.008,2117.994,2151.049,0.4421,0.4421,ok,39,e,0,1.000e-13
2.724545e-16,0.000000e+00,2.724545e-16,0.000000e+00,0.000000e+00,32,mant_lo,benign,-1,1.502e-16,1.502e-16,-1,9.979e-09,9.979e-09,-1,-1,1,none,5.000e-04,13,1,0,36,26976,ln32_s1.0_seed1,0.000e+00,0.000e+00,0,0,fast,27.7728,0.0168134,29.60,40,1,0,1,1,ln32_s1.0_seed1_L1_mant_lo_b13_S36_t1,colored,1,1.0,2152.477,2039.646,2105.780,0.3190,0.3190,ok,39,e,0,1.000e-13
4.063308e-14,1.687880e-14,5.353321e-12,0.000000e+00,0.000000e+00,32,mant_hi,transient,-1,1.502e-16,1.368e-16,-1,9.979e-09,9.979e-09,-1,-1,1,none,5.000e-04,33,1,0,4,13152,ln32_s1.0_seed1,0.000e+00,0.000e+00,0,0,fast,27.7728,0.0168134,29.60,40,1,0,1,1,ln32_s1.0_seed1_L1_mant_hi_b33_S4_t0,colored,1,1.0,2264.555,2315.355,2246.805,0.0197,0.6701,ok,5,e,0,1.000e-13
3.495795e-13,8.481586e-14,2.371223e-11,0.000000e+00,0.000000e+00,32,mant_hi,persistent,-1,1.502e-16,1.278e-16,-1,9.979e-09,9.979e-09,-1,-1,1,none,5.000e-04,33,1,0,4,26976,ln32_s1.0_seed1,0.000e+00,0.000e+00,0,0,fast,27.7728,0.0168134,29.60,40,1,0,1,1,ln32_s1.0_seed1_L1_mant_hi_b33_S4_t1,colored,1,1.0,2175.920,2167.690,2147.736,0.0090,0.5314,ok,5,e,0,1.000e-13
2.858470e-12,4.617987e-13,1.586523e-10,0.000000e+00,0.000000e+00,32,mant_hi,persistent,-1,1.502e-16,1.502e-16,-1,9.979e-09,9.979e-09,-1,-1,1,none,5.000e-04,33,1,0,20,13152,ln32_s1.0_seed1,0.000e+00,0.000e+00,0,0,fast,27.7728,0.0168134,29.60,40,1,0,1,1,ln32_s1.0_seed1_L1_mant_hi_b33_S20_t0,colored,1,1.0,2166.566,2126.506,2050.852,0.0072,0.3926,ok,20,e,0,1.000e-13
1.213080e-11,9.427187e-13,2.882466e-10,0.000000e+00,0.000000e+00,32,mant_hi,persistent,-1,1.502e-16,1.502e-16,-1,9.979e-09,9.979e-09,-1,-1,1,none,5.000e-04,33,1,0,20,26976,ln32_s1.0_seed1,0.000e+00,0.000e+00,0,0,fast,27.7728,0.0168134,29.60,40,1,0,1,1,ln32_s1.0_seed1_L1_mant_hi_b33_S20_t1,colored,1,1.0,2136.174,2241.046,2325.749,0.0033,0.2655,ok,20,e,0,1.000e-13
4.104792e-11,0.000000e+00,4.104792e-11,0.000000e+00,0.000000e+00,32,mant_hi,persistent,-1,1.502e-16,2.150e-16,-1,9.979e-09,9.979e-09,-1,-1,1,none,5.000e-04,33,1,0,36,13152,ln32_s1.0_seed1,0.000e+00,0.000e+00,0,0,fast,27.7728,0.0168134,29.60,40,1,0,1,1,ln32_s1.0_seed1_L1_mant_hi_b33_S36_t0,colored,1,1.0,2107.066,2142.564,2072.924,0.0466,0.0466,ok,39,e,0,1.000e-13
2.244282e-10,0.000000e+00,2.244282e-10,0.000000e+00,0.000000e+00,32,mant_hi,persistent,-1,1.502e-16,1.502e-16,-1,9.979e-09,9.979e-09,-1,-1,1,none,5.000e-04,33,1,0,36,26976,ln32_s1.0_seed1,0.000e+00,0.000e+00,0,0,fast,27.7728,0.0168134,29.60,40,1,0,1,1,ln32_s1.0_seed1_L1_mant_hi_b33_S36_t1,colored,1,1.0,2101.364,2143.294,2130.091,0.0244,0.0244,ok,39,e,0,1.000e-13
1.065012e-08,4.424654e-09,1.403341e-06,0.000000e+00,0.000000e+00,32,mant_hi,persistent,-1,1.502e-16,1.077e-16,-1,9.979e-09,9.979e-09,-1,-1,1,none,5.000e-04,51,1,0,4,13152,ln32_s1.0_seed1,0.000e+00,0.000e+00,0,0,fast,27.7728,0.0168134,29.60,40,1,0,1,1,ln32_s1.0_seed1_L1_mant_hi_b51_S4_t0,colored,1,1.0,2133.273,2284.256,2199.844,0.0197,0.6720,ok,5,e,0,1.000e-13
9.164321e-08,2.223397e-08,6.216020e-06,0.000000e+00,0.000000e+00,32,mant_hi,persistent,-1,1.502e-16,1.124e-16,-1,9.979e-09,9.979e-09,-1,-1,1,none,5.000e-04,51,1,0,4,26976,ln32_s1.0_seed1,0.000e+00,0.000e+00,0,0,fast,27.7728,0.0168134,29.60,40,1,0,1,1,ln32_s1.0_seed1_L1_mant_hi_b51_S4_t1,colored,1,1.0,2205.033,2149.196,2212.952,0.0090,0.5311,ok,5,e,0,1.000e-13
7.493287e-07,1.210578e-07,4.158974e-05,0.000000e+00,0.000000e+00,32,mant_hi,persistent,-1,1.502e-16,1.502e-16,-1,9.979e-09,9.979e-09,-1,-1,1,none,5.000e-04,51,1,0,20,13152,ln32_s1.0_seed1,0.000e+00,0.000e+00,0,0,fast,27.7728,0.0168134,29.60,40,1,0,1,1,ln32_s1.0_seed1_L1_mant_hi_b51_S20_t0,colored,1,1.0,2129.779,2149.138,2066.955,0.0072,0.3926,ok,20,e,0,1.000e-13
3.180017e-06,2.471280e-07,7.556212e-05,0.000000e+00,0.000000e+00,32,mant_hi,persistent,-1,1.502e-16,1.693e-16,-1,9.979e-09,9.979e-09,-1,-1,1,none,5.000e-04,51,1,0,20,26976,ln32_s1.0_seed1,0.000e+00,0.000e+00,0,0,fast,27.7728,0.0168134,29.60,40,1,0,1,1,ln32_s1.0_seed1_L1_mant_hi_b51_S20_t1,colored,1,1.0,2124.959,2103.113,2098.680,0.0033,0.2655,ok,20,e,0,1.000e-13
1.076047e-05,0.000000e+00,1.076047e-05,0.000000e+00,0.000000e+00,32,mant_hi,persistent,-1,1.502e-16,1.502e-16,-1,9.979e-09,9.979e-09,-1,-1,1,none,5.000e-04,51,1,0,36,13152,ln32_s1.0_seed1,0.000e+00,0.000e+00,0,0,fast,27.7728,0.0168134,29.60,40,1,0,1,1,ln32_s1.0_seed1_L1_mant_hi_b51_S36_t0,colored,1,1.0,2077.527,2059.224,2196.878,0.0466,0.0466,ok,39,e,0,1.000e-13
5.883251e-05,0.000000e+00,5.883251e-05,0.000000e+00,0.000000e+00,32,mant_hi,persistent,-1,1.502e-16,1.502e-16,-1,9.979e-09,9.979e-09,-1,-1,1,none,5.000e-04,51,1,0,36,26976,ln32_s1.0_seed1,0.000e+00,0.000e+00,0,0,fast,27.7728,0.0168134,29.60,40,1,0,1,1,ln32_s1.0_seed1_L1_mant_hi_b51_S36_t1,colored,1,1.0,2296.123,2312.126,2342.076,0.0244,0.0244,ok,39,e,0,1.000e-13
2.702407e-08,1.122731e-08,3.560898e-06,0.000000e+00,0.000000e+00,32,exp,persistent,-1,1.502e-16,1.185e-16,-1,9.979e-09,9.979e-09,-1,-1,1,none,5.000e-04,61,1,0,4,13152,ln32_s1.0_seed1,0.000e+00,0.000e+00,0,0,fast,27.7728,0.0168134,29.60,40,1,0,1,1,ln32_s1.0_seed1_L1_exp_b61_S4_t0,colored,1,1.0,2099.172,2258.848,2314.428,0.0197,0.6720,ok,5,e,0,1.000e-13
2.084242e-07,5.056675e-08,1.413710e-05,0.000000e+00,0.000000e+00,32,exp,persistent,-1,1.502e-16,1.743e-16,-1,9.979e-09,9.979e-09,-1,-1,1,none,5.000e-04,61,1,0,4,26976,ln32_s1.0_seed1,0.000e+00,0.000e+00,0,0,fast,27.7728,0.0168134,29.60,40,1,0,1,1,ln32_s1.0_seed1_L1_exp_b61_S4_t1,colored,1,1.0,2158.023,2114.416,2103.462,0.0090,0.5311,ok,5,e,0,1.000e-13
2.000991e-06,3.232699e-07,1.110603e-04,0.000000e+00,0.000000e+00,32,exp,persistent,-1,1.502e-16,1.502e-16,-1,9.979e-09,9.979e-09,-1,-1,1,none,5.000e-04,61,1,0,20,13152,ln32_s1.0_seed1,0.000e+00,0.000e+00,0,0,fast,27.7728,0.0168134,29.60,40,1,0,1,1,ln32_s1.0_seed1_L1_exp_b61_S20_t0,colored,1,1.0,2042.819,2148.225,2225.663,0.0072,0.3926,ok,20,e,0,1.000e-13
9.035292e-06,7.021579e-07,2.146925e-04,0.000000e+00,0.000000e+00,32,exp,persistent,-1,1.502e-16,1.502e-16,-1,9.979e-09,9.979e-09,-1,-1,1,none,5.000e-04,61,1,0,20,26976,ln32_s1.0_seed1,0.000e+00,0.000e+00,0,0,fast,27.7728,0.0168134,29.60,40,1,0,1,1,ln32_s1.0_seed1_L1_exp_b61_S20_t1,colored,1,1.0,2287.430,2209.787,2202.889,0.0033,0.2655,ok,20,e,0,1.000e-13
3.579288e-05,0.000000e+00,3.579288e-05,0.000000e+00,0.000000e+00,32,exp,persistent,-1,1.502e-16,1.502e-16,-1,9.979e-09,9.979e-09,-1,-1,1,none,5.000e-04,61,1,0,36,13152,ln32_s1.0_seed1,0.000e+00,0.000e+00,0,0,fast,27.7728,0.0168134,29.60,40,1,0,1,1,ln32_s1.0_seed1_L1_exp_b61_S36_t0,colored,1,1.0,2145.016,2160.663,2112.651,0.0466,0.0466,ok,39,e,0,1.000e-13
1.349994e-04,0.000000e+00,1.349994e-04,0.000000e+00,0.000000e+00,32,exp,persistent,-1,1.502e-16,1.502e-16,-1,9.979e-09,9.979e-09,-1,-1,1,none,5.000e-04,61,1,0,36,26976,ln32_s1.0_seed1,0.000e+00,0.000e+00,0,0,fast,27.7728,0.0168134,29.60,40,1,0,1,1,ln32_s1.0_seed1_L1_exp_b61_S36_t1,colored,1,1.0,2055.276,2053.450,2129.104,0.0244,0.0244,ok,39,e,0,1.000e-13
2.533506e-08,1.052560e-08,3.338342e-06,0.000000e+00,0.000000e+00,32,exp,persistent,-1,1.502e-16,1.162e-16,-1,9.979e-09,9.979e-09,-1,-1,1,none,5.000e-04,54,1,0,4,13152,ln32_s1.0_seed1,0.000e+00,0.000e+00,0,0,fast,27.7728,0.0168134,29.60,40,1,0,1,1,ln32_s1.0_seed1_L1_exp_b54_S4_t0,colored,1,1.0,2153.753,2087.149,2074.619,0.0197,0.6720,ok,5,e,0,1.000e-13
1.953977e-07,4.740632e-08,1.325353e-05,0.000000e+00,0.000000e+00,32,exp,persistent,-1,1.502e-16,1.774e-16,-1,9.979e-09,9.979e-09,-1,-1,1,none,5.000e-04,54,1,0,4,26976,ln32_s1.0_seed1,0.000e+00,0.000e+00,0,0,fast,27.7728,0.0168134,29.60,40,1,0,1,1,ln32_s1.0_seed1_L1_exp_b54_S4_t1,colored,1,1.0,2108.681,2158.367,2134.207,0.0090,0.5311,ok,5,e,0,1.000e-13
3.001486e-05,4.849049e-06,1.665905e-03,0.000000e+00,0.000000e+00,32,exp,persistent,-1,1.502e-16,1.502e-16,-1,9.979e-09,9.978e-09,-1,-1,1,none,5.000e-04,54,1,0,20,13152,ln32_s1.0_seed1,0.000e+00,0.000e+00,0,0,fast,27.7728,0.0168134,29.60,40,1,0,1,1,ln32_s1.0_seed1_L1_exp_b54_S20_t0,colored,1,1.0,2045.551,2046.088,2227.557,0.0072,0.3926,ok,20,e,0,1.000e-13
1.355294e-04,1.053237e-05,3.220387e-03,0.000000e+00,0.000000e+00,32,exp,persistent,-1,1.502e-16,1.502e-16,-1,9.979e-09,9.978e-09,36,-1,1,D3,5.000e-04,54,1,0,20,26976,ln32_s1.0_seed1,0.000e+00,0.000e+00,0,0,fast,27.7728,0.0168134,29.60,40,1,0,1,1,ln32_s1.0_seed1_L1_exp_b54_S20_t1,colored,1,1.0,2227.136,2177.126,2099.922,0.0033,0.2655,ok,20,e,0,1.000e-13
5.368932e-04,0.000000e+00,5.368932e-04,0.000000e+00,0.000000e+00,32,exp,persistent,-1,1.502e-16,1.502e-16,-1,9.979e-09,9.979e-09,-1,-1,1,none,5.000e-04,54,1,0,36,13152,ln32_s1.0_seed1,0.000e+00,0.000e+00,0,1,fast,27.7728,0.0168134,29.60,40,1,0,1,1,ln32_s1.0_seed1_L1_exp_b54_S36_t0,colored,1,1.0,2151.335,2171.394,2119.182,0.0466,0.0466,ok,39,e,0,1.000e-13
1.265620e-04,0.000000e+00,1.265620e-04,0.000000e+00,0.000000e+00,32,exp,persistent,-1,1.502e-16,1.502e-16,-1,9.979e-09,9.979e-09,-1,-1,1,none,5.000e-04,54,1,0,36,26976,ln32_s1.0_seed1,0.000e+00,0.000e+00,0,0,fast,27.7728,0.0168134,29.60,40,1,0,1,1,ln32_s1.0_seed1_L1_exp_b54_S36_t1,colored,1,1.0,2071.550,2048.017,2202.912,0.0244,0.0244,ok,39,e,0,1.000e-13
5.404814e-08,2.245461e-08,7.121796e-06,0.000000e+00,0.000000e+00,32,sign,persistent,-1,1.502e-16,1.091e-16,-1,9.979e-09,9.979e-09,-1,-1,1,none,5.000e-04,63,1,0,4,13152,ln32_s1.0_seed1,0.000e+00,0.000e+00,0,0,fast,27.7728,0.0168134,29.60,40,1,0,1,1,ln32_s1.0_seed1_L1_sign_b63_S4_t0,colored,1,1.0,2164.614,2263.918,2256.646,0.0197,0.6720,ok,5,e,0,1.000e-13
4.168485e-07,1.011335e-07,2.827420e-05,0.000000e+00,0.000000e+00,32,sign,persistent,-1,1.502e-16,1.481e-16,-1,9.979e-09,9.979e-09,-1,-1,1,none,5.000e-04,63,1,0,4,26976,ln32_s1.0_seed1,0.000e+00,0.000e+00,0,0,fast,27.7728,0.0168134,29.60,40,1,0,1,1,ln32_s1.0_seed1_L1_sign_b63_S4_t1,colored,1,1.0,2168.120,2090.032,2139.087,0.0090,0.5311,ok,5,e,0,1.000e-13
4.001981e-06,6.465399e-07,2.221206e-04,0.000000e+00,0.000000e+00,32,sign,persistent,-1,1.502e-16,1.502e-16,-1,9.979e-09,9.979e-09,-1,-1,1,none,5.000e-04,63,1,0,20,13152,ln32_s1.0_seed1,0.000e+00,0.000e+00,0,0,fast,27.7728,0.0168134,29.60,40,1,0,1,1,ln32_s1.0_seed1_L1_sign_b63_S20_t0,colored,1,1.0,2097.055,2141.931,2086.592,0.0072,0.3926,ok,20,e,0,1.000e-13
1.807058e-05,1.404316e-06,4.293850e-04,0.000000e+00,0.000000e+00,32,sign,persistent,-1,1.502e-16,1.502e-16,-1,9.979e-09,9.979e-09,-1,-1,1,none,5.000e-04,63,1,0,20,26976,ln32_s1.0_seed1,0.000e+00,0.000e+00,0,0,fast,27.7728,0.0168134,29.60,40,1,0,1,1,ln32_s1.0_seed1_L1_sign_b63_S20_t1,colored,1,1.0,2244.154,2233.257,2179.725,0.0033,0.2655,ok,20,e,0,1.000e-13
7.158577e-05,0.000000e+00,7.158577e-05,0.000000e+00,0.000000e+00,32,sign,persistent,-1,1.502e-16,2.150e-16,-1,9.979e-09,9.979e-09,-1,-1,1,none,5.000e-04,63,1,0,36,13152,ln32_s1.0_seed1,0.000e+00,0.000e+00,0,0,fast,27.7728,0.0168134,29.60,40,1,0,1,1,ln32_s1.0_seed1_L1_sign_b63_S36_t0,colored,1,1.0,2196.233,2276.835,2344.083,0.0466,0.0466,ok,39,e,0,1.000e-13
2.699989e-04,0.000000e+00,2.699989e-04,0.000000e+00,0.000000e+00,32,sign,persistent,-1,1.502e-16,1.502e-16,-1,9.979e-09,9.979e-09,-1,-1,1,none,5.000e-04,63,1,0,36,26976,ln32_s1.0_seed1,0.000e+00,0.000e+00,0,0,fast,27.7728,0.0168134,29.60,40,1,0,1,1,ln32_s1.0_seed1_L1_sign_b63_S36_t1,colored,1,1.0,2109.812,2096.477,2067.469,0.0244,0.0244,ok,39,e,0,1.000e-13
5.404814e-08,2.245461e-08,7.121796e-06,0.000000e+00,0.000000e+00,32,sign,persistent,-1,1.502e-16,1.091e-16,-1,9.979e-09,9.979e-09,-1,-1,1,none,5.000e-04,63,1,0,4,13152,ln32_s1.0_seed1,0.000e+00,0.000e+00,0,0,fast,27.7728,0.0168134,29.60,40,1,0,1,1,ln32_s1.0_seed1_L1_sign_b63_S4_t0,colored,1,1.0,2113.218,2214.268,2102.925,0.0197,0.6720,ok,5,e,0,1.000e-13
4.168485e-07,1.011335e-07,2.827420e-05,0.000000e+00,0.000000e+00,32,sign,persistent,-1,1.502e-16,1.481e-16,-1,9.979e-09,9.979e-09,-1,-1,1,none,5.000e-04,63,1,0,4,26976,ln32_s1.0_seed1,0.000e+00,0.000e+00,0,0,fast,27.7728,0.0168134,29.60,40,1,0,1,1,ln32_s1.0_seed1_L1_sign_b63_S4_t1,colored,1,1.0,2084.653,2072.282,2197.218,0.0090,0.5311,ok,5,e,0,1.000e-13
4.001981e-06,6.465399e-07,2.221206e-04,0.000000e+00,0.000000e+00,32,sign,persistent,-1,1.502e-16,1.502e-16,-1,9.979e-09,9.979e-09,-1,-1,1,none,5.000e-04,63,1,0,20,13152,ln32_s1.0_seed1,0.000e+00,0.000e+00,0,0,fast,27.7728,0.0168134,29.60,40,1,0,1,1,ln32_s1.0_seed1_L1_sign_b63_S20_t0,colored,1,1.0,2094.976,2083.637,2085.555,0.0072,0.3926,ok,20,e,0,1.000e-13
1.807058e-05,1.404316e-06,4.293850e-04,0.000000e+00,0.000000e+00,32,sign,persistent,-1,1.502e-16,1.502e-16,-1,9.979e-09,9.979e-09,-1,-1,1,none,5.000e-04,63,1,0,20,26976,ln32_s1.0_seed1,0.000e+00,0.000e+00,0,0,fast,27.7728,0.0168134,29.60,40,1,0,1,1,ln32_s1.0_seed1_L1_sign_b63_S20_t1,colored,1,1.0,2057.703,2176.574,2344.453,0.0033,0.2655,ok,20,e,0,1.000e-13
7.158577e-05,0.000000e+00,7.158577e-05,0.000000e+00,0.000000e+00,32,sign,persistent,-1,1.502e-16,2.150e-16,-1,9.979e-09,9.979e-09,-1,-1,1,none,5.000e-04,63,1,0,36,13152,ln32_s1.0_seed1,0.000e+00,0.000e+00,0,0,fast,27.7728,0.0168134,29.60,40,1,0,1,1,ln32_s1.0_seed1_L1_sign_b63_S36_t0,colored,1,1.0,2220.716,2187.229,2153.566,0.0466,0.0466,ok,39,e,0,1.000e-13
2.699989e-04,0.000000e+00,2.699989e-04,0.000000e+00,0.000000e+00,32,sign,persistent,-1,1.502e-16,1.502e-16,-1,9.979e-09,9.979e-09,-1,-1,1,none,5.000e-04,63,1,0,36,26976,ln32_s1.0_seed1,0.000e+00,0.000e+00,0,0,fast,27.7728,0.0168134,29.60,40,1,0,1,1,ln32_s1.0_seed1_L1_sign_b63_S36_t1,colored,1,1.0,2244.260,2134.325,2181.850,0.0244,0.0244,ok,39,e,0,1.000e-13
1.836044e-16,2.601721e-18,1.901628e-16,0.000000e+00,0.000000e+00,32,mant_lo,benign,-1,1.502e-16,1.625e-16,-1,9.979e-09,9.979e-09,-1,-1,1,none,5.000e-04,16,2,0,4,2135,ln32_s1.0_seed1,0.000e+00,0.000e+00,0,0,fast,27.7728,0.0168134,29.60,40,1,0,1,1,ln32_s1.0_seed1_L2_mant_lo_b16_S4_t0,colored,1,1.0,2128.296,2137.816,2104.155,0.4523,0.4676,ok,35,e,0,1.000e-13
1.911687e-16,2.640160e-18,1.911687e-16,0.000000e+00,0.000000e+00,32,mant_lo,benign,-1,1.502e-16,1.502e-16,-1,9.979e-09,9.979e-09,-1,-1,1,none,5.000e-04,16,2,0,4,29946,ln32_s1.0_seed1,0.000e+00,0.000e+00,0,0,fast,27.7728,0.0168134,29.60,40,1,0,1,1,ln32_s1.0_seed1_L2_mant_lo_b16_S4_t1,colored,1,1.0,2138.709,2149.944,2068.749,0.4682,0.4682,ok,39,e,0,1.000e-13
1.890760e-16,1.203226e-18,1.890760e-16,0.000000e+00,0.000000e+00,32,mant_lo,benign,-1,1.502e-16,1.502e-16,-1,9.979e-09,9.979e-09,-1,-1,1,none,5.000e-04,16,2,0,20,2135,ln32_s1.0_seed1,0.000e+00,0.000e+00,0,0,fast,27.7728,0.0168134,29.60,40,1,0,1,1,ln32_s1.0_seed1_L2_mant_lo_b16_S20_t0,colored,1,1.0,2297.569,2269.232,2361.767,0.4609,0.4609,ok,39,e,0,1.000e-13
1.847749e-16,1.977560e-18,2.819056e-16,0.000000e+00,0.000000e+00,32,mant_lo,benign,-1,1.502e-16,1.502e-16,-1,9.979e-09,9.979e-09,-1,-1,1,none,5.000e-04,16,2,0,20,29946,ln32_s1.0_seed1,0.000e+00,0.000e+00,0,0,fast,27.7728,0.0168134,29.60,40,1,0,1,1,ln32_s1.0_seed1_L2_mant_lo_b16_S20_t1,colored,1,1.0,2105.494,2050.544,2046.373,0.0038,0.4713,ok,20,e,0,1.000e-13
7.003798e-17,0.000000e+00,7.003798e-17,0.000000e+00,0.000000e+00,32,mant_lo,benign,-1,1.502e-16,1.502e-16,-1,9.979e-09,9.979e-09,-1,-1,1,none,5.000e-04,16,2,0,36,2135,ln32_s1.0_seed1,0.000e+00,0.000e+00,0,0,fast,27.7728,0.0168134,29.60,40,1,0,1,1,ln32_s1.0_seed1_L2_mant_lo_b16_S36_t0,colored,1,1.0,2231.891,2144.041,2152.970,0.2325,0.2325,ok,39,e,0,1.000e-13
1.775645e-16,0.000000e+00,1.775645e-16,0.000000e+00,0.000000e+00,32,mant_lo,benign,-1,1.502e-16,1.502e-16,-1,9.979e-09,9.979e-09,-1,-1,1,none,5.000e-04,16,2,0,36,29946,ln32_s1.0_seed1,0.000e+00,0.000e+00,0,0,fast,27.7728,0.0168134,29.60,40,1,0,1,1,ln32_s1.0_seed1_L2_mant_lo_b16_S36_t1,colored,1,1.0,2232.842,2294.970,2327.225,0.3875,0.3875,ok,39,e,0,1.000e-13
1.854592e-16,2.592200e-18,1.900044e-16,0.000000e+00,0.000000e+00,32,mant_lo,benign,-1,1.502e-16,1.625e-16,-1,9.979e-09,9.979e-09,-1,-1,1,none,5.000e-04,19,2,0,4,2135,ln32_s1.0_seed1,0.000e+00,0.000e+00,0,0,fast,27.7728,0.0168134,29.60,40,1,0,1,1,ln32_s1.0_seed1_L2_mant_lo_b19_S4_t0,colored,1,1.0,2085.876,2034.803,2218.583,0.4257,0.4672,ok,30,e,0,1.000e-13
1.866953e-16,2.660824e-18,1.907952e-16,0.000000e+00,0.000000e+00,32,mant_lo,benign,-1,1.502e-16,1.204e-16,-1,9.979e-09,9.979e-09,-1,-1,1,none,5.000e-04,19,2,0,4,29946,ln32_s1.0_seed1,0.000e+00,0.000e+00,0,0,fast,27.7728,0.0168134,29.60,40,1,0,1,1,ln32_s1.0_seed1_L2_mant_lo_b19_S4_t1,colored,1,1.0,2251.673,2210.132,2217.650,0.4446,0.4679,ok,35,e,0,1.000e-13
1.852372e-16,1.244262e-18,1.868815e-16,0.000000e+00,0.000000e+00,32,mant_lo,benign,-1,1.502e-16,1.502e-16,-1,9.979e-09,9.979e-09,-1,-1,1,none,5.000e-04,19,2,0,20,2135,ln32_s1.0_seed1,0.000e+00,0.000e+00,0,0,fast,27.7728,0.0168134,29.60,40,1,0,1,1,ln32_s1.0_seed1_L2_mant_lo_b19_S20_t0,colored,1,1.0,2101.306,2059.419,2088.342,0.4486,0.4664,ok,35,e,0,1.000e-13
1.879998e-16,7.045337e-18,2.255499e-15,0.000000e+00,0.000000e+00,32,mant_lo,benign,-1,1.502e-16,1.502e-16,-1,9.979e-09,9.979e-09,-1,-1,1,none,5.000e-04,19,2,0,20,29946,ln32_s1.0_seed1,0.000e+00,0.000e+00,0,0,fast,27.7728,0.0168134,29.60,40,1,0,1,1,ln32_s1.0_seed1_L2_mant_lo_b19_S20_t1,colored,1,1.0,2105.835,2166.288,2079.903,0.0041,0.4769,ok,20,e,0,1.000e-13
9.881763e-17,0.000000e+00,9.881763e-17,0.000000e+00,0.000000e+00,32,mant_lo,benign,-1,1.502e-16,1.502e-16,-1,9.979e-09,9.979e-09,-1,-1,1,none,5.000e-04,19,2,0,36,2135,ln32_s1.0_seed1,0.000e+00,0.000e+00,0,0,fast,27.7728,0.0168134,29.60,40,1,0,1,1,ln32_s1.0_seed1_L2_mant_lo_b19_S36_t0,colored,1,1.0,2101.976,2213.885,2351.634,0.3073,0.3073,ok,39,e,0,1.000e-13
6.326940e-16,0.000000e+00,6.326940e-16,0.000000e+00,0.000000e+00,32,mant_lo,benign,-1,1.502e-16,1.502e-16,-1,9.979e-09,9.979e-09,-1,-1,1,none,5.000e-04,19,2,0,36,29946,ln32_s1.0_seed1,0.000e+00,0.000e+00,0,0,fast,27.7728,0.0168134,29.60,40,1,0,1,1,ln32_s1.0_seed1_L2_mant_lo_b19_S36_t1,colored,1,1.0,2275.386,2237.073,2137.568,0.1828,0.1828,ok,39,e,0,1.000e-13
1.904204e-16,1.026983e-17,2.878048e-15,0.000000e+00,0.000000e+00,32,mant_hi,benign,-1,1.502e-16,1.204e-16,-1,9.979e-09,9.979e-09,-1,-1,1,none,5.000e-04,40,2,0,4,2135,ln32_s1.0_seed1,0.000e+00,0.000e+00,0,0,fast,27.7728,0.0168134,29.60,40,1,0,1,1,ln32_s1.0_seed1_L2_mant_hi_b40_S4_t0,colored,1,1.0,2223.629,2095.346,2147.217,0.0022,0.4792,ok,5,e,0,1.000e-13
4.895690e-14,4.179365e-14,1.415126e-11,0.000000e+00,0.000000e+00,32,mant_hi,transient,-1,1.502e-16,2.112e-13,-1,9.979e-09,9.979e-09,-1,-1,1,none,5.000e-04,40,2,0,4,29946,ln32_s1.0_seed1,0.000e+00,0.000e+00,0,0,fast,27.7728,0.0168134,29.60,40,1,0,1,1,ln32_s1.0_seed1_L2_mant_hi_b40_S4_t1,colored,1,1.0,2128.069,2116.291,2099.504,0.0029,0.4069,ok,5,e,0,1.000e-13
8.463858e-14,4.395085e-14,1.642254e-11,0.000000e+00,0.000000e+00,32,mant_hi,transient,-1,1.502e-16,6.343e-14,-1,9.979e-09,9.979e-09,-1,-1,1,none,5.000e-04,40,2,0,20,2135,ln32_s1.0_seed1,0.000e+00,0.000e+00,0,0,fast,27.7728,0.0168134,29.60,40,1,0,1,1,ln32_s1.0_seed1_L2_mant_hi_b40_S20_t0,colored,1,1.0,2090.881,2139.143,2157.068,0.0019,0.0800,ok,20,e,0,1.000e-13
3.764640e-11,1.281661e-11,4.729632e-09,0.000000e+00,0.000000e+00,32,mant_hi,persistent,-1,1.502e-16,1.624e-11,-1,9.979e-09,9.979e-09,-1,-1,1,none,5.000e-04,40,2,0,20,29946,ln32_s1.0_seed1,0.000e+00,0.000e+00,0,0,fast,27.7728,0.0168134,29.60,40,1,0,1,1,ln32_s1.0_seed1_L2_mant_hi_b40_S20_t1,colored,1,1.0,2041.463,2112.781,2329.384,0.0026,0.1952,ok,20,e,0,1.000e-13
1.709229e-11,0.000000e+00,1.709229e-11,0.000000e+00,0.000000e+00,32,mant_hi,persistent,-1,1.502e-16,7.139e-13,-1,9.979e-09,9.979e-09,-1,-1,1,none,5.000e-04,40,2,0,36,2135,ln32_s1.0_seed1,0.000e+00,0.000e+00,0,0,fast,27.7728,0.0168134,29.60,40,1,0,1,1,ln32_s1.0_seed1_L2_mant_hi_b40_S36_t0,colored,1,1.0,2171.731,2172.368,2182.312,0.0058,0.0058,ok,39,e,0,1.000e-13
1.274872e-09,0.000000e+00,1.274872e-09,0.000000e+00,0.000000e+00,32,mant_hi,persistent,-1,1.502e-16,4.570e-11,-1,9.979e-09,1.319e-08,-1,-1,1,none,5.000e-04,40,2,0,36,29946,ln32_s1.0_seed1,0.000e+00,0.000e+00,0,0,fast,27.7728,0.0168134,29.60,40,1,0,1,1,ln32_s1.0_seed1_L2_mant_hi_b40_S36_t1,colored,1,1.0,2102.902,2118.903,2185.545,0.0134,0.0134,ok,39,e,0,1.000e-13
1.894875e-16,2.626849e-18,1.926086e-16,0.000000e+00,0.000000e+00,32,mant_hi,benign,-1,1.502e-16,1.502e-16,-1,9.979e-09,9.979e-09,-1,-1,1,none,5.000e-04,31,2,0,4,2135,ln32_s1.0_seed1,0.000e+00,0.000e+00,0,0,fast,27.7728,0.0168134,29.60,40,1,0,1,1,ln32_s1.0_seed1_L2_mant_hi_b31_S4_t0,colored,1,1.0,1990.343,2092.401,2156.043,0.3942,0.4661,ok,25,e,0,1.000e-13
2.114371e-16,8.225226e-17,2.763936e-14,0.000000e+00,0.000000e+00,32,mant_hi,benign,-1,1.502e-16,3.610e-16,-1,9.979e-09,9.979e-09,-1,-1,1,none,5.000e-04,31,2,0,4,29946,ln32_s1.0_seed1,0.000e+00,0.000e+00,0,0,fast,27.7728,0.0168134,29.60,40,1,0,1,1,ln32_s1.0_seed1_L2_mant_hi_b31_S4_t1,colored,1,1.0,2101.942,2001.894,2016.616,0.0029,0.5069,ok,5,e,0,1.000e-13
2.506040e-16,8.606619e-17,3.207528e-14,0.000000e+00,0.000000e+00,32,mant_hi,benign,-1,1.502e-16,2.214e-16,-1,9.979e-09,9.979e-09,-1,-1,1,none,5.000e-04,31,2,0,20,2135,ln32_s1.0_seed1,0.000e+00,0.000e+00,0,0,fast,27.7728,0.0168134,29.60,40,1,0,1,1,ln32_s1.0_seed1_L2_mant_hi_b31_S20_t0,colored,1,1.0,1988.318,1987.626,1965.379,0.0019,0.4925,ok,20,e,0,1.000e-13
7.353060e-14,2.503245e-14,9.237563e-12,0.000000e+00,0.000000e+00,32,mant_hi,transient,-1,1.502e-16,3.172e-14,-1,9.979e-09,9.979e-09,-1,-1,1,none,5.000e-04,31,2,0,20,29946,ln32_s1.0_seed1,0.000e+00,0.000e+00,0,0,fast,27.7728,0.0168134,29.60,40,1,0,1,1,ln32_s1.0_seed1_L2_mant_hi_b31_S20_t1,colored,1,1.0,1992.008,2019.640,1933.404,0.0026,0.1958,ok,20,e,0,1.000e-13
3.338385e-14,0.000000e+00,3.338385e-14,0.000000e+00,0.000000e+00,32,mant_hi,benign,-1,1.502e-16,1.307e-15,-1,9.979e-09,9.979e-09,-1,-1,1,none,5.000e-04,31,2,0,36,2135,ln32_s1.0_seed1,0.000e+00,0.000e+00,0,0,fast,27.7728,0.0168134,29.60,40,1,0,1,1,ln32_s1.0_seed1_L2_mant_hi_b31_S36_t0,colored,1,1.0,2007.874,1942.286,1926.046,0.0059,0.0059,ok,39,e,0,1.000e-13
2.489985e-12,0.000000e+00,2.489985e-12,0.000000e+00,0.000000e+00,32,mant_hi,persistent,-1,1.502e-16,8.916e-14,-1,9.979e-09,9.979e-09,-1,-1,1,none,5.000e-04,31,2,0,36,29946,ln32_s1.0_seed1,0.000e+00,0.000e+00,0,0,fast,27.7728,0.0168134,29.60,40,1,0,1,1,ln32_s1.0_seed1_L2_mant_hi_b31_S36_t1,colored,1,1.0,2063.035,2138.527,2199.685,0.0134,0.0134,ok,39,e,0,1.000e-13
8.440810e-12,1.072391e-11,3.721752e-09,0.000000e+00,0.000000e+00,32,exp,persistent,-1,1.502e-16,6.669e-11,-1,9.979e-09,1.350e-08,-1,-1,1,none,5.000e-04,55,2,0,4,2135,ln32_s1.0_seed1,0.000e+00,0.000e+00,0,0,fast,27.7728,0.0168134,29.60,40,1,0,1,1,ln32_s1.0_seed1_L2_exp_b55_S4_t0,colored,1,1.0,1959.943,1916.614,2065.576,0.0022,0.2266,ok,5,e,0,1.000e-13
2.167179e-10,1.850399e-10,6.265427e-08,0.000000e+00,0.000000e+00,32,exp,persistent,4,1.502e-16,9.352e-10,-1,9.979e-09,1.541e-07,-1,-1,1,D1,5.000e-04,55,2,0,4,29946,ln32_s1.0_seed1,0.000e+00,0.000e+00,0,0,fast,27.7728,0.0168134,29.60,40,1,0,1,1,ln32_s1.0_seed1_L2_exp_b55_S4_t1,colored,1,1.0,1943.341,1958.675,1914.565,0.0029,0.4061,ok,5,e,0,1.000e-13
5.367624e-10,2.787293e-10,1.041491e-07,0.000000e+00,0.000000e+00,32,exp,persistent,20,1.502e-16,4.023e-10,-1,9.979e-09,8.050e-08,-1,-1,1,D1,5.000e-04,55,2,0,20,2135,ln32_s1.0_seed1,0.000e+00,0.000e+00,0,0,fast,27.7728,0.0168134,29.60,40,1,0,1,1,ln32_s1.0_seed1_L2_exp_b55_S20_t0,colored,1,1.0,2156.108,2120.214,2123.403,0.0019,0.0790,ok,20,e,0,1.000e-13
5.352599e-05,1.822276e-05,6.724633e-03,0.000000e+00,0.000000e+00,32,exp,persistent,20,1.502e-16,2.309e-05,20,9.979e-09,4.592e-03,20,-1,1,D1+D2+D3,5.000e-04,55,2,0,20,29946,ln32_s1.0_seed1,0.000e+00,0.000e+00,0,0,fast,27.7728,0.0168134,29.60,40,1,0,1,1,ln32_s1.0_seed1_L2_exp_b55_S20_t1,colored,1,1.0,2061.156,2156.094,2040.892,0.0026,0.1952,ok,20,e,0,1.000e-13
3.134719e-05,0.000000e+00,3.134719e-05,0.000000e+00,0.000000e+00,32,exp,persistent,36,1.502e-16,1.309e-06,36,9.979e-09,2.672e-04,36,-1,1,D1+D2+D3,5.000e-04,55,2,0,36,2135,ln32_s1.0_seed1,0.000e+00,0.000e+00,0,0,fast,27.7728,0.0168134,29.60,40,1,0,1,1,ln32_s1.0_seed1_L2_exp_b55_S36_t0,colored,1,1.0,1989.328,1977.513,1934.433,0.0058,0.0058,ok,39,e,0,1.000e-13
7.825666e-06,0.000000e+00,7.825666e-06,0.000000e+00,0.000000e+00,32,exp,persistent,36,1.502e-16,2.805e-07,36,9.979e-09,5.723e-05,-1,-1,1,D1+D2,5.000e-04,55,2,0,36,29946,ln32_s1.0_seed1,0.000e+00,0.000e+00,0,0,fast,27.7728,0.0168134,29.60,40,1,0,1,1,ln32_s1.0_seed1_L2_exp_b55_S36_t1,colored,1,1.0,2007.827,1990.621,1926.168,0.0134,0.0134,ok,39,e,0,1.000e-13
2.482606e-14,3.154092e-14,1.094633e-11,0.000000e+00,0.000000e+00,32,exp,transient,-1,1.502e-16,1.962e-13,-1,9.979e-09,9.979e-09,-1,-1,1,none,5.000e-04,53,2,0,4,2135,ln32_s1.0_seed1,0.000e+00,0.000e+00,0,0,fast,27.7728,0.0168134,29.60,40,1,0,1,1,ln32_s1.0_seed1_L2_exp_b53_S4_t0,colored,1,1.0,1941.906,2096.275,2133.356,0.0022,0.2620,ok,5,e,0,1.000e-13
1.631758e-10,1.393242e-10,4.717498e-08,0.000000e+00,0.000000e+00,32,exp,persistent,4,1.502e-16,7.042e-10,-1,9.979e-09,1.161e-07,-1,-1,1,D1,5.000e-04,53,2,0,4,29946,ln32_s1.0_seed1,0.000e+00,0.000e+00,0,0,fast,27.7728,0.0168134,29.60,40,1,0,1,1,ln32_s1.0_seed1_L2_exp_b53_S4_t1,colored,1,1.0,2018.904,1999.743,1953.540,0.0029,0.4061,ok,5,e,0,1.000e-13
4.041505e-10,2.098667e-10,7.841818e-08,0.000000e+00,0.000000e+00,32,exp,persistent,20,1.502e-16,3.029e-10,-1,9.979e-09,6.088e-08,-1,-1,1,D1,5.000e-04,53,2,0,20,2135,ln32_s1.0_seed1,0.000e+00,0.000e+00,0,0,fast,27.7728,0.0168134,29.60,40,1,0,1,1,ln32_s1.0_seed1_L2_exp_b53_S20_t0,colored,1,1.0,2061.162,1972.732,2001.750,0.0019,0.0790,ok,20,e,0,1.000e-13
1.574294e-07,5.359636e-08,1.977833e-05,0.000000e+00,0.000000e+00,32,exp,persistent,20,1.502e-16,6.791e-08,20,9.979e-09,1.351e-05,-1,-1,1,D1+D2,5.000e-04,53,2,0,20,29946,ln32_s1.0_seed1,0.000e+00,0.000e+00,0,0,fast,27.7728,0.0168134,29.60,40,1,0,1,1,ln32_s1.0_seed1_L2_exp_b53_S20_t1,colored,1,1.0,1956.381,1991.044,1945.188,0.0026,0.1952,ok,20,e,0,1.000e-13
9.219761e-08,0.000000e+00,9.219761e-08,0.000000e+00,0.000000e+00,32,exp,persistent,36,1.502e-16,3.851e-09,-1,9.979e-09,7.859e-07,-1,-1,1,D1,5.000e-04,53,2,0,36,2135,ln32_s1.0_seed1,0.000e+00,0.000e+00,0,0,fast,27.7728,0.0168134,29.60,40,1,0,1,1,ln32_s1.0_seed1_L2_exp_b53_S36_t0,colored,1,1.0,1943.289,1922.724,1937.015,0.0058,0.0058,ok,39,e,0,1.000e-13
2.356906e-05,0.000000e+00,2.356906e-05,0.000000e+00,0.000000e+00,32,exp,persistent,36,1.502e-16,8.448e-07,36,9.979e-09,1.724e-04,-1,-1,1,D1+D2,5.000e-04,53,2,0,36,29946,ln32_s1.0_seed1,0.000e+00,0.000e+00,0,0,fast,27.7728,0.0168134,29.60,40,1,0,1,1,ln32_s1.0_seed1_L2_exp_b53_S36_t1,colored,1,1.0,1933.377,2055.837,2101.843,0.0134,0.0134,ok,39,e,0,1.000e-13
6.620144e-14,8.410912e-14,2.919021e-11,0.000000e+00,0.000000e+00,32,sign,transient,-1,1.502e-16,5.231e-13,-1,9.979e-09,9.979e-09,-1,-1,1,none,5.000e-04,63,2,0,4,2135,ln32_s1.0_seed1,0.000e+00,0.000e+00,0,0,fast,27.7728,0.0168134,29.60,40,1,0,1,1,ln32_s1.0_seed1_L2_sign_b63_S4_t0,colored,1,1.0,1976.636,1925.828,1970.700,0.0022,0.2280,ok,5,e,0,1.000e-13
4.351356e-10,3.715311e-10,1.257999e-07,0.000000e+00,0.000000e+00,32,sign,persistent,4,1.502e-16,1.878e-09,-1,9.979e-09,3.091e-07,-1,-1,1,D1,5.000e-04,63,2,0,4,29946,ln32_s1.0_seed1,0.000e+00,0.000e+00,0,0,fast,27.7728,0.0168134,29.60,40,1,0,1,1,ln32_s1.0_seed1_L2_sign_b63_S4_t1,colored,1,1.0,2209.246,2041.835,2063.716,0.0029,0.4061,ok,5,e,0,1.000e-13
1.077735e-09,5.596447e-10,2.091151e-07,0.000000e+00,0.000000e+00,32,sign,persistent,20,1.502e-16,8.077e-10,-1,9.979e-09,1.609e-07,-1,-1,1,D1,5.000e-04,63,2,0,20,2135,ln32_s1.0_seed1,0.000e+00,0.000e+00,0,0,fast,27.7728,0.0168134,29.60,40,1,0,1,1,ln32_s1.0_seed1_L2_sign_b63_S20_t0,colored,1,1.0,2078.967,2096.327,2100.870,0.0019,0.0790,ok,20,e,0,1.000e-13
4.198117e-07,1.429236e-07,5.274222e-05,0.000000e+00,0.000000e+00,32,sign,persistent,20,1.502e-16,1.811e-07,20,9.979e-09,3.602e-05,-1,-1,1,D1+D2,5.000e-04,63,2,0,20,29946,ln32_s1.0_seed1,0.000e+00,0.000e+00,0,0,fast,27.7728,0.0168134,29.60,40,1,0,1,1,ln32_s1.0_seed1_L2_sign_b63_S20_t1,colored,1,1.0,2034.319,2060.779,1985.209,0.0026,0.1952,ok,20,e,0,1.000e-13
2.458603e-07,0.000000e+00,2.458603e-07,0.000000e+00,0.000000e+00,32,sign,persistent,36,1.502e-16,1.027e-08,36,9.979e-09,2.096e-06,-1,-1,1,D1+D2,5.000e-04,63,2,0,36,2135,ln32_s1.0_seed1,0.000e+00,0.000e+00,0,0,fast,27.7728,0.0168134,29.60,40,1,0,1,1,ln32_s1.0_seed1_L2_sign_b63_S36_t0,colored,1,1.0,1925.769,1978.326,2231.259,0.0058,0.0058,ok,39,e,0,1.000e-13
1.571271e-05,0.000000e+00,1.571271e-05,0.000000e+00,0.000000e+00,32,sign,persistent,36,1.502e-16,5.632e-07,36,9.979e-09,1.149e-04,-1,-1,1,D1+D2,5.000e-04,63,2,0,36,29946,ln32_s1.0_seed1,0.000e+00,0.000e+00,0,0,fast,27.7728,0.0168134,29.60,40,1,0,1,1,ln32_s1.0_seed1_L2_sign_b63_S36_t1,colored,1,1.0,2193.821,2119.018,2109.332,0.0134,0.0134,ok,39,e,0,1.000e-13
6.620144e-14,8.410912e-14,2.919021e-11,0.000000e+00,0.000000e+00,32,sign,transient,-1,1.502e-16,5.231e-13,-1,9.979e-09,9.979e-09,-1,-1,1,none,5.000e-04,63,2,0,4,2135,ln32_s1.0_seed1,0.000e+00,0.000e+00,0,0,fast,27.7728,0.0168134,29.60,40,1,0,1,1,ln32_s1.0_seed1_L2_sign_b63_S4_t0,colored,1,1.0,2049.087,2040.150,1968.729,0.0022,0.2280,ok,5,e,0,1.000e-13
4.351356e-10,3.715311e-10,1.257999e-07,0.000000e+00,0.000000e+00,32,sign,persistent,4,1.502e-16,1.878e-09,-1,9.979e-09,3.091e-07,-1,-1,1,D1,5.000e-04,63,2,0,4,29946,ln32_s1.0_seed1,0.000e+00,0.000e+00,0,0,fast,27.7728,0.0168134,29.60,40,1,0,1,1,ln32_s1.0_seed1_L2_sign_b63_S4_t1,colored,1,1.0,2069.408,2039.820,2060.470,0.0029,0.4061,ok,5,e,0,1.000e-13
1.077735e-09,5.596447e-10,2.091151e-07,0.000000e+00,0.000000e+00,32,sign,persistent,20,1.502e-16,8.077e-10,-1,9.979e-09,1.609e-07,-1,-1,1,D1,5.000e-04,63,2,0,20,2135,ln32_s1.0_seed1,0.000e+00,0.000e+00,0,0,fast,27.7728,0.0168134,29.60,40,1,0,1,1,ln32_s1.0_seed1_L2_sign_b63_S20_t0,colored,1,1.0,2188.271,2177.365,2103.993,0.0019,0.0790,ok,20,e,0,1.000e-13
4.198117e-07,1.429236e-07,5.274222e-05,0.000000e+00,0.000000e+00,32,sign,persistent,20,1.502e-16,1.811e-07,20,9.979e-09,3.602e-05,-1,-1,1,D1+D2,5.000e-04,63,2,0,20,29946,ln32_s1.0_seed1,0.000e+00,0.000e+00,0,0,fast,27.7728,0.0168134,29.60,40,1,0,1,1,ln32_s1.0_seed1_L2_sign_b63_S20_t1,colored,1,1.0,2038.386,1985.722,2042.017,0.0026,0.1952,ok,20,e,0,1.000e-13
2.458603e-07,0.000000e+00,2.458603e-07,0.000000e+00,0.000000e+00,32,sign,persistent,36,1.502e-16,1.027e-08,36,9.979e-09,2.096e-06,-1,-1,1,D1+D2,5.000e-04,63,2,0,36,2135,ln32_s1.0_seed1,0.000e+00,0.000e+00,0,0,fast,27.7728,0.0168134,29.60,40,1,0,1,1,ln32_s1.0_seed1_L2_sign_b63_S36_t0,colored,1,1.0,1988.580,2081.619,2175.122,0.0058,0.0058,ok,39,e,0,1.000e-13
1.571271e-05,0.000000e+00,1.571271e-05,0.000000e+00,0.000000e+00,32,sign,persistent,36,1.502e-16,5.632e-07,36,9.979e-09,1.149e-04,-1,-1,1,D1+D2,5.000e-04,63,2,0,36,29946,ln32_s1.0_seed1,0.000e+00,0.000e+00,0,0,fast,27.7728,0.0168134,29.60,40,1,0,1,1,ln32_s1.0_seed1_L2_sign_b63_S36_t1,colored,1,1.0,2200.372,2103.163,2036.638,0.0134,0.0134,ok,39,e,0,1.000e-13
4.225933e-12,1.289087e-13,1.474130e-11,0.000000e+00,0.000000e+00,32,mant_lo,persistent,4,1.107e-16,1.801e-07,-1,9.979e-09,9.979e-09,-1,-1,1,D1,5.000e-04,23,3,0,4,667,ln32_s1.0_seed1,0.000e+00,0.000e+00,0,0,fast,27.7728,0.0168134,29.60,40,2,0,1,1,ln32_s1.0_seed1_L3_mant_lo_b23_S4_t0,colored,1,1.0,6115.253,6150.975,6094.723,0.0051,0.0318,ok,5,e,0,1.000e-13
2.062049e-12,6.279915e-14,7.185490e-12,0.000000e+00,0.000000e+00,32,mant_lo,persistent,4,1.107e-16,1.053e-07,-1,9.979e-09,9.979e-09,-1,-1,1,D1,5.000e-04,23,3,0,4,368,ln32_s1.0_seed1,0.000e+00,0.000e+00,0,0,fast,27.7728,0.0168134,29.60,40,2,0,1,1,ln32_s1.0_seed1_L3_mant_lo_b23_S4_t1,colored,1,1.0,6130.570,6139.833,6094.038,0.0023,0.0277,ok,5,e,0,1.000e-13
3.152080e-11,3.664518e-13,4.380650e-11,0.000000e+00,0.000000e+00,32,mant_lo,persistent,20,1.107e-16,4.861e-07,-1,9.979e-09,9.979e-09,-1,-1,1,D1,5.000e-04,23,3,0,20,667,ln32_s1.0_seed1,0.000e+00,0.000e+00,0,0,fast,27.7728,0.0168134,29.60,40,2,0,1,1,ln32_s1.0_seed1_L3_mant_lo_b23_S20_t0,colored,1,1.0,6167.547,6121.648,6102.775,0.0029,0.0250,ok,20,e,0,1.000e-13
3.072785e-11,3.586219e-13,4.343591e-11,0.000000e+00,0.000000e+00,32,mant_lo,persistent,20,1.107e-16,5.687e-07,-1,9.979e-09,9.979e-09,-1,-1,1,D1,5.000e-04,23,3,0,20,368,ln32_s1.0_seed1,0.000e+00,0.000e+00,0,0,fast,27.7728,0.0168134,29.60,40,2,0,1,1,ln32_s1.0_seed1_L3_mant_lo_b23_S20_t1,colored,1,1.0,6125.909,6142.530,6152.676,0.0015,0.0188,ok,20,e,0,1.000e-13
6.002054e-11,0.000000e+00,6.002054e-11,0.000000e+00,0.000000e+00,32,mant_lo,persistent,36,1.107e-16,7.247e-07,-1,9.979e-09,9.979e-09,-1,-1,1,D1,5.000e-04,23,3,0,36,667,ln32_s1.0_seed1,0.000e+00,0.000e+00,0,0,fast,27.7728,0.0168134,29.60,40,2,0,1,1,ln32_s1.0_seed1_L3_mant_lo_b23_S36_t0,colored,1,1.0,6152.369,6127.354,6143.908,0.0092,0.0092,ok,39,e,0,1.000e-13
5.831458e-11,0.000000e+00,5.831458e-11,0.000000e+00,0.000000e+00,32,mant_lo,persistent,36,1.107e-16,8.478e-07,-1,9.979e-09,9.979e-09,-1,-1,1,D1,5.000e-04,23,3,0,36,368,ln32_s1.0_seed1,0.000e+00,0.000e+00,0,0,fast,27.7728,0.0168134,29.60,40,2,0,1,1,ln32_s1.0_seed1_L3_mant_lo_b23_S36_t1,colored,1,1.0,6134.636,6141.370,6151.055,0.0041,0.0041,ok,39,e,0,1.000e-13
1.690373e-11,5.156348e-13,5.896519e-11,0.000000e+00,0.000000e+00,32,mant_lo,persistent,4,1.107e-16,7.203e-07,-1,9.979e-09,9.979e-09,-1,-1,1,D1,5.000e-04,25,3,0,4,667,ln32_s1.0_seed1,0.000e+00,0.000e+00,0,0,fast,27.7728,0.0168134,29.60,40,2,0,1,1,ln32_s1.0_seed1_L3_mant_lo_b25_S4_t0,colored,1,1.0,6118.803,6137.738,6125.060,0.0051,0.0318,ok,5,e,0,1.000e-13
8.248195e-12,2.511966e-13,2.874196e-11,0.000000e+00,0.000000e+00,32,mant_lo,persistent,4,1.107e-16,4.213e-07,-1,9.979e-09,9.979e-09,-1,-1,1,D1,5.000e-04,25,3,0,4,368,ln32_s1.0_seed1,0.000e+00,0.000e+00,0,0,fast,27.7728,0.0168134,29.60,40,2,0,1,1,ln32_s1.0_seed1_L3_mant_lo_b25_S4_t1,colored,1,1.0,6166.450,6123.807,6107.320,0.0023,0.0277,ok,5,e,0,1.000e-13
1.260832e-10,1.465808e-12,1.752261e-10,0.000000e+00,0.000000e+00,32,mant_lo,persistent,20,1.107e-16,1.945e-06,-1,9.979e-09,9.979e-09,-1,-1,1,D1,5.000e-04,25,3,0,20,667,ln32_s1.0_seed1,0.000e+00,0.000e+00,0,0,fast,27.7728,0.0168134,29.60,40,2,0,1,1,ln32_s1.0_seed1_L3_mant_lo_b25_S20_t0,colored,1,1.0,6148.777,6153.773,6141.437,0.0029,0.0250,ok,20,e,0,1.000e-13
1.229114e-10,1.434488e-12,1.737437e-10,0.000000e+00,0.000000e+00,32,mant_lo,persistent,20,1.107e-16,2.275e-06,-1,9.979e-09,9.979e-09,-1,-1,1,D1,5.000e-04,25,3,0,20,368,ln32_s1.0_seed1,0.000e+00,0.000e+00,0,0,fast,27.7728,0.0168134,29.60,40,2,0,1,1,ln32_s1.0_seed1_L3_mant_lo_b25_S20_t1,colored,1,1.0,6122.644,6152.899,6138.390,0.0015,0.0188,ok,20,e,0,1.000e-13
2.400821e-10,0.000000e+00,2.400821e-10,0.000000e+00,0.000000e+00,32,mant_lo,persistent,36,1.107e-16,2.899e-06,-1,9.979e-09,9.979e-09,-1,-1,1,D1,5.000e-04,25,3,0,36,667,ln32_s1.0_seed1,0.000e+00,0.000e+00,0,0,fast,27.7728,0.0168134,29.60,40,2,0,1,1,ln32_s1.0_seed1_L3_mant_lo_b25_S36_t0,colored,1,1.0,6130.735,6178.980,6134.531,0.0092,0.0092,ok,39,e,0,1.000e-13
2.332583e-10,0.000000e+00,2.332583e-10,0.000000e+00,0.000000e+00,32,mant_lo,persistent,36,1.107e-16,3.391e-06,-1,9.979e-09,9.979e-09,-1,-1,1,D1,5.000e-04,25,3,0,36,368,ln32_s1.0_seed1,0.000e+00,0.000e+00,0,0,fast,27.7728,0.0168134,29.60,40,2,0,1,1,ln32_s1.0_seed1_L3_mant_lo_b25_S36_t1,colored,1,1.0,6174.662,6115.107,6141.502,0.0041,0.0041,ok,39,e,0,1.000e-13
5.653018e+08,1.723732e+07,1.969370e+09,0.000000e+00,0.000000e+00,32,mant_hi,persistent,4,1.107e-16,4.630e-03,4,9.979e-09,5.884e+07,4,-1,1,D1+D2+D3,5.000e-04,47,3,0,4,667,ln32_s1.0_seed1,0.000e+00,0.000e+00,0,469,fast,27.7728,0.0168134,29.60,40,2,0,1,1,ln32_s1.0_seed1_L3_mant_hi_b47_S4_t0,colored,1,1.0,6117.705,6161.714,7927.049,0.0060,0.0316,ok,5,e,0,1.000e-13
1.922143e+11,5.847154e+09,6.672237e+11,0.000000e+00,0.000000e+00,32,mant_hi,persistent,4,1.107e-16,5.496e-03,4,9.979e-09,2.299e+09,4,-1,1,D1+D2+D3,5.000e-04,47,3,0,4,368,ln32_s1.0_seed1,0.000e+00,0.000e+00,0,469,fast,27.7728,0.0168134,29.60,40,2,0,1,1,ln32_s1.0_seed1_L3_mant_hi_b47_S4_t1,colored,1,1.0,6142.160,6153.975,7968.903,0.0023,0.0277,ok,5,e,0,1.000e-13
3.150096e+04,3.650009e+02,4.329604e+04,0.000000e+00,0.000000e+00,32,mant_hi,persistent,20,1.107e-16,4.631e-03,20,9.979e-09,1.024e+03,20,-1,1,D1+D2+D3,5.000e-04,47,3,0,20,667,ln32_s1.0_seed1,0.000e+00,0.000e+00,0,471,fast,27.7728,0.0168134,29.60,40,2,0,1,1,ln32_s1.0_seed1_L3_mant_hi_b47_S20_t0,colored,1,1.0,6133.888,6132.351,8363.987,0.0035,0.0252,ok,20,e,0,1.000e-13
3.200494e+07,3.716012e+05,4.448212e+07,0.000000e+00,0.000000e+00,32,mant_hi,persistent,20,1.107e-16,5.496e-03,20,9.979e-09,1.156e+05,20,-1,1,D1+D2+D3,5.000e-04,47,3,0,20,368,ln32_s1.0_seed1,0.000e+00,0.000e+00,0,471,fast,27.7728,0.0168134,29.60,40,2,0,1,1,ln32_s1.0_seed1_L3_mant_hi_b47_S20_t1,colored,1,1.0,6163.633,6129.062,8344.440,0.0016,0.0189,ok,20,e,0,1.000e-13
1.098701e+03,0.000000e+00,1.098701e+03,0.000000e+00,0.000000e+00,32,mant_hi,persistent,36,1.107e-16,4.630e-03,36,9.979e-09,5.561e+00,36,-1,1,D1+D2+D3,5.000e-04,47,3,0,36,667,ln32_s1.0_seed1,0.000e+00,0.000e+00,0,472,fast,27.7728,0.0168134,29.60,40,2,0,1,1,ln32_s1.0_seed1_L3_mant_hi_b47_S36_t0,colored,1,1.0,6117.244,6146.145,8449.209,0.0094,0.0094,ok,39,e,0,1.000e-13
3.155386e+06,0.000000e+00,3.155386e+06,0.000000e+00,0.000000e+00,32,mant_hi,persistent,36,1.107e-16,5.496e-03,36,9.979e-09,1.472e+04,36,-1,1,D1+D2+D3,5.000e-04,47,3,0,36,368,ln32_s1.0_seed1,0.000e+00,0.000e+00,0,472,fast,27.7728,0.0168134,29.60,40,2,0,1,1,ln32_s1.0_seed1_L3_mant_hi_b47_S36_t1,colored,1,1.0,6137.712,6130.474,8446.772,0.0043,0.0043,ok,39,e,0,1.000e-13
2.673578e+02,8.152205e+00,9.313506e+02,0.000000e+00,0.000000e+00,32,mant_hi,persistent,4,1.107e-16,4.630e-03,4,9.979e-09,1.188e+00,4,-1,1,D1+D2+D3,5.000e-04,51,3,0,4,667,ln32_s1.0_seed1,0.000e+00,0.000e+00,0,469,fast,27.7728,0.0168134,29.60,40,2,0,1,1,ln32_s1.0_seed1_L3_mant_hi_b51_S4_t0,colored,1,1.0,6168.524,6114.931,7862.639,0.0055,0.0318,ok,5,e,0,1.000e-13
3.256081e+13,9.904995e+11,1.130270e+14,0.000000e+00,0.000000e+00,32,mant_hi,persistent,4,1.107e-16,5.496e-03,4,9.979e-09,2.863e+11,4,-1,1,D1+D2+D3,5.000e-04,51,3,0,4,368,ln32_s1.0_seed1,0.000e+00,0.000e+00,0,469,fast,27.7728,0.0168134,29.60,40,2,0,1,1,ln32_s1.0_seed1_L3_mant_hi_b51_S4_t1,colored,1,1.0,6177.472,6141.875,7948.214,0.0023,0.0277,ok,5,e,0,1.000e-13
4.247565e+03,4.921836e+01,5.838679e+03,0.000000e+00,0.000000e+00,32,mant_hi,persistent,20,1.107e-16,4.630e-03,20,9.979e-09,1.842e+01,20,-1,1,D1+D2+D3,5.000e-04,51,3,0,20,667,ln32_s1.0_seed1,0.000e+00,0.000e+00,0,471,fast,27.7728,0.0168134,29.60,40,2,0,1,1,ln32_s1.0_seed1_L3_mant_hi_b51_S20_t0,colored,1,1.0,6143.566,6105.699,8314.520,0.0031,0.0251,ok,20,e,0,1.000e-13
9.382740e+04,1.089406e+03,1.304060e+05,0.000000e+00,0.000000e+00,32,mant_hi,persistent,20,1.107e-16,5.496e-03,20,9.979e-09,5.651e+01,20,-1,1,D1+D2+D3,5.000e-04,51,3,0,20,368,ln32_s1.0_seed1,0.000e+00,0.000e+00,0,471,fast,27.7728,0.0168134,29.60,40,2,0,1,1,ln32_s1.0_seed1_L3_mant_hi_b51_S20_t1,colored,1,1.0,6152.506,6098.364,8299.191,0.0016,0.0189,ok,20,e,0,1.000e-13
1.524506e+12,0.000000e+00,1.524506e+12,0.000000e+00,0.000000e+00,32,mant_hi,persistent,36,1.107e-16,4.630e-03,36,9.979e-09,2.911e+10,36,-1,1,D1+D2+D3,5.000e-04,51,3,0,36,667,ln32_s1.0_seed1,0.000e+00,0.000e+00,0,472,fast,27.7728,0.0168134,29.60,40,2,0,1,1,ln32_s1.0_seed1_L3_mant_hi_b51_S36_t0,colored,1,1.0,6188.061,6152.629,8487.551,0.0094,0.0094,ok,39,e,0,1.000e-13
2.086400e+05,0.000000e+00,2.086400e+05,0.000000e+00,0.000000e+00,32,mant_hi,persistent,36,1.107e-16,5.496e-03,36,9.979e-09,4.618e+02,36,-1,1,D1+D2+D3,5.000e-04,51,3,0,36,368,ln32_s1.0_seed1,0.000e+00,0.000e+00,0,472,fast,27.7728,0.0168134,29.60,40,2,0,1,1,ln32_s1.0_seed1_L3_mant_hi_b51_S36_t1,colored,1,1.0,6126.285,6155.213,8457.759,0.0043,0.0043,ok,39,e,0,1.000e-13
3.833586e+14,1.168919e+13,1.335437e+15,0.000000e+00,0.000000e+00,32,exp,persistent,4,1.107e-16,4.631e-03,4,9.979e-09,4.172e+13,4,-1,1,D1+D2+D3,5.000e-04,54,3,0,4,667,ln32_s1.0_seed1,0.000e+00,0.000e+00,0,469,fast,27.7728,0.0168134,29.60,40,2,0,1,1,ln32_s1.0_seed1_L3_exp_b54_S4_t0,colored,1,1.0,6148.226,6176.002,7940.564,0.0056,0.0318,ok,5,e,0,1.000e-13
1.165191e+06,3.544513e+04,4.044680e+06,0.000000e+00,0.000000e+00,32,exp,persistent,4,1.107e-16,5.496e-03,4,9.979e-09,4.916e+03,4,-1,1,D1+D2+D3,5.000e-04,54,3,0,4,368,ln32_s1.0_seed1,0.000e+00,0.000e+00,0,469,fast,27.7728,0.0168134,29.60,40,2,0,1,1,ln32_s1.0_seed1_L3_exp_b54_S4_t1,colored,1,1.0,6150.600,6170.595,7946.527,0.0023,0.0277,ok,5,e,0,1.000e-13
2.958801e+14,3.428443e+12,4.066833e+14,0.000000e+00,0.000000e+00,32,exp,persistent,20,1.107e-16,4.631e-03,20,9.979e-09,9.315e+12,20,-1,1,D1+D2+D3,5.000e-04,54,3,0,20,667,ln32_s1.0_seed1,0.000e+00,0.000e+00,0,471,fast,27.7728,0.0168134,29.60,40,2,0,1,1,ln32_s1.0_seed1_L3_exp_b54_S20_t0,colored,1,1.0,6173.192,6135.877,8354.618,0.0034,0.0250,ok,20,e,0,1.000e-13
3.952068e+05,4.588641e+03,5.492772e+05,0.000000e+00,0.000000e+00,32,exp,persistent,20,1.107e-16,5.496e-03,20,9.979e-09,6.224e+02,20,-1,1,D1+D2+D3,5.000e-04,54,3,0,20,368,ln32_s1.0_seed1,0.000e+00,0.000e+00,0,471,fast,27.7728,0.0168134,29.60,40,2,0,1,1,ln32_s1.0_seed1_L3_exp_b54_S20_t1,colored,1,1.0,6176.112,6096.625,8349.265,0.0016,0.0189,ok,20,e,0,1.000e-13
3.341618e+05,0.000000e+00,3.341618e+05,0.000000e+00,0.000000e+00,32,exp,persistent,36,1.107e-16,4.631e-03,36,9.979e-09,6.656e+03,36,-1,1,D1+D2+D3,5.000e-04,54,3,0,36,667,ln32_s1.0_seed1,0.000e+00,0.000e+00,0,472,fast,27.7728,0.0168134,29.60,40,2,0,1,1,ln32_s1.0_seed1_L3_exp_b54_S36_t0,colored,1,1.0,6175.941,6139.795,8499.762,0.0095,0.0095,ok,39,e,0,1.000e-13
1.011509e+05,0.000000e+00,1.011509e+05,0.000000e+00,0.000000e+00,32,exp,persistent,36,1.107e-16,5.496e-03,36,9.979e-09,1.431e+02,36,-1,1,D1+D2+D3,5.000e-04,54,3,0,36,368,ln32_s1.0_seed1,0.000e+00,0.000e+00,0,472,fast,27.7728,0.0168134,29.60,40,2,0,1,1,ln32_s1.0_seed1_L3_exp_b54_S36_t1,colored,1,1.0,6160.251,6130.932,8515.946,0.0043,0.0043,ok,39,e,0,1.000e-13
4.396416e+03,1.312247e+02,1.417573e+04,0.000000e+00,0.000000e+00,32,exp,persistent,4,1.107e-16,4.830e-01,4,9.979e-09,5.044e+02,4,-1,1,D1+D2+D3,5.000e-04,56,3,0,4,667,ln32_s1.0_seed1,0.000e+00,0.000e+00,0,469,fast,27.7728,0.0168134,29.60,40,2,0,1,1,ln32_s1.0_seed1_L3_exp_b56_S4_t0,colored,1,1.0,6116.296,6160.064,7977.013,0.0061,0.0313,ok,5,e,0,1.000e-13
2.643097e+06,7.543822e+04,7.258615e+06,0.000000e+00,0.000000e+00,32,exp,persistent,4,1.107e-16,1.075e-01,4,9.979e-09,7.209e+05,4,-1,1,D1+D2+D3,5.000e-04,56,3,0,4,368,ln32_s1.0_seed1,0.000e+00,0.000e+00,0,469,fast,27.7728,0.0168134,29.60,40,2,0,1,1,ln32_s1.0_seed1_L3_exp_b56_S4_t1,colored,1,1.0,6172.324,6114.535,7998.088,0.0035,0.0282,ok,5,e,0,1.000e-13
2.954391e+18,2.806854e+16,3.733913e+18,0.000000e+00,0.000000e+00,32,exp,persistent,20,1.107e-16,1.068e+00,20,9.979e-09,5.312e+16,20,-1,1,D1+D2+D3,5.000e-04,56,3,0,20,667,ln32_s1.0_seed1,0.000e+00,0.000e+00,0,215,fast,27.7728,0.0168134,29.60,40,2,0,1,1,ln32_s1.0_seed1_L3_exp_b56_S20_t0,colored,1,1.0,6125.682,6138.756,7069.465,0.0142,0.0255,ok,25,e,0,1.000e-13
2.658162e+08,2.645626e+06,3.335263e+08,0.000000e+00,0.000000e+00,32,exp,persistent,20,1.107e-16,5.824e-01,20,9.979e-09,3.459e+06,20,-1,1,D1+D2+D3,5.000e-04,56,3,0,20,368,ln32_s1.0_seed1,0.000e+00,0.000e+00,0,471,fast,27.7728,0.0168134,29.60,40,2,0,1,1,ln32_s1.0_seed1_L3_exp_b56_S20_t1,colored,1,1.0,6148.774,6138.914,8353.417,0.0089,0.0199,ok,25,e,0,1.000e-13
5.552033e+11,0.000000e+00,5.552033e+11,0.000000e+00,0.000000e+00,32,exp,persistent,36,1.107e-16,1.267e+00,36,9.979e-09,6.283e+09,36,-1,1,D1+D2+D3,5.000e-04,56,3,0,36,667,ln32_s1.0_seed1,0.000e+00,0.000e+00,0,472,fast,27.7728,0.0168134,29.60,40,2,0,1,1,ln32_s1.0_seed1_L3_exp_b56_S36_t0,colored,1,1.0,6124.673,6120.144,8494.961,0.0096,0.0096,ok,39,e,0,1.000e-13
1.865720e+19,0.000000e+00,1.865720e+19,0.000000e+00,0.000000e+00,32,exp,persistent,36,1.107e-16,8.845e-01,36,9.979e-09,1.383e+17,36,-1,1,D1+D2+D3,5.000e-04,56,3,0,36,368,ln32_s1.0_seed1,0.000e+00,0.000e+00,0,33,fast,27.7728,0.0168134,29.60,40,2,0,1,1,ln32_s1.0_seed1_L3_exp_b56_S36_t1,colored,1,1.0,6127.034,6125.436,6372.713,0.0057,0.0057,ok,39,e,0,1.000e-13
4.613102e+10,1.406596e+09,1.606952e+11,0.000000e+00,0.000000e+00,32,sign,persistent,4,1.107e-16,4.631e-03,4,9.979e-09,5.427e+09,4,-1,1,D1+D2+D3,5.000e-04,63,3,0,4,667,ln32_s1.0_seed1,0.000e+00,0.000e+00,0,469,fast,27.7728,0.0168134,29.60,40,2,0,1,1,ln32_s1.0_seed1_L3_sign_b63_S4_t0,colored,1,1.0,6153.781,6127.289,7920.102,0.0056,0.0318,ok,5,e,0,1.000e-13
9.378712e+11,2.853002e+10,3.255588e+12,0.000000e+00,0.000000e+00,32,sign,persistent,4,1.107e-16,5.496e-03,4,9.979e-09,4.751e+09,4,-1,1,D1+D2+D3,5.000e-04,63,3,0,4,368,ln32_s1.0_seed1,0.000e+00,0.000e+00,0,469,fast,27.7728,0.0168134,29.60,40,2,0,1,1,ln32_s1.0_seed1_L3_sign_b63_S4_t1,colored,1,1.0,6133.882,6148.897,7930.732,0.0023,0.0277,ok,5,e,0,1.000e-13
7.524179e+06,8.718354e+04,1.034162e+07,0.000000e+00,0.000000e+00,32,sign,persistent,20,1.107e-16,4.631e-03,20,9.979e-09,2.397e+05,20,-1,1,D1+D2+D3,5.000e-04,63,3,0,20,667,ln32_s1.0_seed1,0.000e+00,0.000e+00,0,471,fast,27.7728,0.0168134,29.60,40,2,0,1,1,ln32_s1.0_seed1_L3_sign_b63_S20_t0,colored,1,1.0,6123.515,6131.243,8337.940,0.0033,0.0252,ok,20,e,0,1.000e-13
2.264952e+05,2.629779e+03,3.147939e+05,0.000000e+00,0.000000e+00,32,sign,persistent,20,1.107e-16,5.496e-03,20,9.979e-09,9.454e+02,20,-1,1,D1+D2+D3,5.000e-04,63,3,0,20,368,ln32_s1.0_seed1,0.000e+00,0.000e+00,0,471,fast,27.7728,0.0168134,29.60,40,2,0,1,1,ln32_s1.0_seed1_L3_sign_b63_S20_t1,colored,1,1.0,6143.091,6154.576,8335.007,0.0016,0.0189,ok,20,e,0,1.000e-13
5.579898e+03,0.000000e+00,5.579898e+03,0.000000e+00,0.000000e+00,32,sign,persistent,36,1.107e-16,4.631e-03,36,9.979e-09,4.290e+01,36,-1,1,D1+D2+D3,5.000e-04,63,3,0,36,667,ln32_s1.0_seed1,0.000e+00,0.000e+00,0,472,fast,27.7728,0.0168134,29.60,40,2,0,1,1,ln32_s1.0_seed1_L3_sign_b63_S36_t0,colored,1,1.0,6090.274,6169.174,8481.818,0.0094,0.0094,ok,39,e,0,1.000e-13
8.380095e+03,0.000000e+00,8.380095e+03,0.000000e+00,0.000000e+00,32,sign,persistent,36,1.107e-16,5.496e-03,36,9.979e-09,8.659e+01,36,-1,1,D1+D2+D3,5.000e-04,63,3,0,36,368,ln32_s1.0_seed1,0.000e+00,0.000e+00,0,472,fast,27.7728,0.0168134,29.60,40,2,0,1,1,ln32_s1.0_seed1_L3_sign_b63_S36_t1,colored,1,1.0,6166.569,6135.808,8524.646,0.0042,0.0042,ok,39,e,0,1.000e-13
4.613102e+10,1.406596e+09,1.606952e+11,0.000000e+00,0.000000e+00,32,sign,persistent,4,1.107e-16,4.631e-03,4,9.979e-09,5.427e+09,4,-1,1,D1+D2+D3,5.000e-04,63,3,0,4,667,ln32_s1.0_seed1,0.000e+00,0.000e+00,0,469,fast,27.7728,0.0168134,29.60,40,2,0,1,1,ln32_s1.0_seed1_L3_sign_b63_S4_t0,colored,1,1.0,6176.258,6138.518,7892.468,0.0056,0.0318,ok,5,e,0,1.000e-13
9.378712e+11,2.853002e+10,3.255588e+12,0.000000e+00,0.000000e+00,32,sign,persistent,4,1.107e-16,5.496e-03,4,9.979e-09,4.751e+09,4,-1,1,D1+D2+D3,5.000e-04,63,3,0,4,368,ln32_s1.0_seed1,0.000e+00,0.000e+00,0,469,fast,27.7728,0.0168134,29.60,40,2,0,1,1,ln32_s1.0_seed1_L3_sign_b63_S4_t1,colored,1,1.0,6159.230,6143.969,7967.696,0.0023,0.0277,ok,5,e,0,1.000e-13
7.524179e+06,8.718354e+04,1.034162e+07,0.000000e+00,0.000000e+00,32,sign,persistent,20,1.107e-16,4.631e-03,20,9.979e-09,2.397e+05,20,-1,1,D1+D2+D3,5.000e-04,63,3,0,20,667,ln32_s1.0_seed1,0.000e+00,0.000e+00,0,471,fast,27.7728,0.0168134,29.60,40,2,0,1,1,ln32_s1.0_seed1_L3_sign_b63_S20_t0,colored,1,1.0,6143.430,6158.128,8376.932,0.0033,0.0252,ok,20,e,0,1.000e-13
2.264952e+05,2.629779e+03,3.147939e+05,0.000000e+00,0.000000e+00,32,sign,persistent,20,1.107e-16,5.496e-03,20,9.979e-09,9.454e+02,20,-1,1,D1+D2+D3,5.000e-04,63,3,0,20,368,ln32_s1.0_seed1,0.000e+00,0.000e+00,0,471,fast,27.7728,0.0168134,29.60,40,2,0,1,1,ln32_s1.0_seed1_L3_sign_b63_S20_t1,colored,1,1.0,6136.935,6148.121,8341.525,0.0016,0.0189,ok,20,e,0,1.000e-13
5.579898e+03,0.000000e+00,5.579898e+03,0.000000e+00,0.000000e+00,32,sign,persistent,36,1.107e-16,4.631e-03,36,9.979e-09,4.290e+01,36,-1,1,D1+D2+D3,5.000e-04,63,3,0,36,667,ln32_s1.0_seed1,0.000e+00,0.000e+00,0,472,fast,27.7728,0.0168134,29.60,40,2,0,1,1,ln32_s1.0_seed1_L3_sign_b63_S36_t0,colored,1,1.0,6157.052,6134.219,8518.262,0.0094,0.0094,ok,39,e,0,1.000e-13
8.380095e+03,0.000000e+00,8.380095e+03,0.000000e+00,0.000000e+00,32,sign,persistent,36,1.107e-16,5.496e-03,36,9.979e-09,8.659e+01,36,-1,1,D1+D2+D3,5.000e-04,63,3,0,36,368,ln32_s1.0_seed1,0.000e+00,0.000e+00,0,472,fast,27.7728,0.0168134,29.60,40,2,0,1,1,ln32_s1.0_seed1_L3_sign_b63_S36_t1,colored,1,1.0,6134.574,6156.401,8519.746,0.0042,0.0042,ok,39,e,0,1.000e-13
2.917873e-12,8.970128e-14,9.879149e-12,0.000000e+00,0.000000e+00,32,mant_lo,persistent,-1,1.902e-16,1.650e-16,-1,9.918e-09,9.918e-09,-1,-1,1,none,5.000e-04,1,1,0,4,3509,ln32_s2.0_seed1,0.000e+00,0.000e+00,0,0,fast,767.784,0.000278331,70.42,40,1,0,1,1,ln32_s2.0_seed1_L1_mant_lo_b1_S4_t0,colored,1,2.0,5010.648,5609.705,6624.186,0.0275,0.0693,ok,15,e,0,1.000e-13
1.371484e-12,4.591929e-14,6.731953e-12,0.000000e+00,0.000000e+00,32,mant_lo,persistent,-1,1.902e-16,2.086e-16,-1,9.918e-09,9.918e-09,-1,-1,1,none,5.000e-04,1,1,0,4,32507,ln32_s2.0_seed1,0.000e+00,0.000e+00,0,0,fast,767.784,0.000278331,70.42,40,1,0,1,1,ln32_s2.0_seed1_L1_mant_lo_b1_S4_t1,colored,1,2.0,4786.785,5228.190,6186.797,0.0170,0.0667,ok,5,e,0,1.000e-13
8.333310e-13,5.203376e-15,1.110521e-12,0.000000e+00,0.000000e+00,32,mant_lo,persistent,-1,1.902e-16,1.648e-16,-1,9.918e-09,9.918e-09,-1,-1,1,none,5.000e-04,1,1,0,20,3509,ln32_s2.0_seed1,0.000e+00,0.000e+00,0,0,fast,767.784,0.000278331,70.42,40,1,0,1,1,ln32_s2.0_seed1_L1_mant_lo_b1_S20_t0,colored,1,2.0,4579.589,5441.073,6077.189,0.0427,0.0539,ok,35,e,0,1.000e-13
2.626441e-14,2.400737e-15,4.917243e-13,0.000000e+00,0.000000e+00,32,mant_lo,transient,-1,1.902e-16,1.865e-16,-1,9.918e-09,9.918e-09,-1,-1,1,none,5.000e-04,1,1,0,20,32507,ln32_s2.0_seed1,0.000e+00,0.000e+00,0,0,fast,767.784,0.000278331,70.42,40,1,0,1,1,ln32_s2.0_seed1_L1_mant_lo_b1_S20_t1,colored,1,2.0,5062.470,5381.215,6142.589,0.0232,0.1796,ok,25,e,0,1.000e-13
8.361550e-14,0.000000e+00,8.361550e-14,0.000000e+00,0.000000e+00,32,mant_lo,benign,-1,1.902e-16,1.902e-16,-1,9.918e-09,9.918e-09,-1,-1,1,none,5.000e-04,1,1,0,36,3509,ln32_s2.0_seed1,0.000e+00,0.000e+00,0,0,fast,767.784,0.000278331,70.42,40,1,0,1,1,ln32_s2.0_seed1_L1_mant_lo_b1_S36_t0,colored,1,2.0,4917.416,5729.984,6369.951,0.0202,0.0202,ok,39,e,0,1.000e-13
8.485597e-14,0.000000e+00,8.485597e-14,0.000000e+00,0.000000e+00,32,mant_lo,benign,-1,1.902e-16,1.902e-16,-1,9.918e-09,9.918e-09,-1,-1,1,none,5.000e-04,1,1,0,36,32507,ln32_s2.0_seed1,0.000e+00,0.000e+00,0,0,fast,767.784,0.000278331,70.42,40,1,0,1,1,ln32_s2.0_seed1_L1_mant_lo_b1_S36_t1,colored,1,2.0,4667.267,5786.569,6480.841,0.0206,0.0206,ok,39,e,0,1.000e-13
2.301514e-12,6.334362e-14,5.648083e-12,0.000000e+00,0.000000e+00,32,mant_lo,persistent,-1,1.902e-16,1.559e-16,-1,9.918e-09,9.918e-09,-1,-1,1,none,5.000e-04,22,1,0,4,3509,ln32_s2.0_seed1,0.000e+00,0.000e+00,0,0,fast,767.784,0.000278331,70.42,40,1,0,1,1,ln32_s2.0_seed1_L1_mant_lo_b22_S4_t0,colored,1,2.0,4728.997,5259.871,6315.180,0.0197,0.0672,ok,5,e,0,1.000e-13
3.756166e-12,8.740181e-14,1.034164e-11,0.000000e+00,0.000000e+00,32,mant_lo,persistent,-1,1.902e-16,1.071e-16,-1,9.918e-09,9.918e-09,-1,-1,1,none,5.000e-04,22,1,0,4,32507,ln32_s2.0_seed1,0.000e+00,0.000e+00,0,0,fast,767.784,0.000278331,70.42,40,1,0,1,1,ln32_s2.0_seed1_L1_mant_lo_b22_S4_t1,colored,1,2.0,5129.728,5414.517,6137.241,0.0183,0.0619,ok,5,e,0,1.000e-13
1.616357e-13,3.480157e-15,5.843216e-13,0.000000e+00,0.000000e+00,32,mant_lo,persistent,-1,1.902e-16,1.462e-16,-1,9.918e-09,9.918e-09,-1,-1,1,none,5.000e-04,22,1,0,20,3509,ln32_s2.0_seed1,0.000e+00,0.000e+00,0,0,fast,767.784,0.000278331,70.42,40,1,0,1,1,ln32_s2.0_seed1_L1_mant_lo_b22_S20_t0,colored,1,2.0,4745.253,5441.525,6414.282,0.0284,0.0798,ok,25,e,0,1.000e-13
5.219900e-13,5.969569e-15,9.447348e-13,0.000000e+00,0.000000e+00,32,mant_lo,persistent,-1,1.902e-16,1.462e-16,-1,9.918e-09,9.918e-09,-1,-1,1,none,5.000e-04,22,1,0,20,32507,ln32_s2.0_seed1,0.000e+00,0.000e+00,0,0,fast,767.784,0.000278331,70.42,40,1,0,1,1,ln32_s2.0_seed1_L1_mant_lo_b22_S20_t1,colored,1,2.0,5095.007,5518.182,6312.615,0.0170,0.0548,ok,20,e,0,1.000e-13
8.827975e-14,0.000000e+00,8.827975e-14,0.000000e+00,0.000000e+00,32,mant_lo,benign,-1,1.902e-16,1.902e-16,-1,9.918e-09,9.918e-09,-1,-1,1,none,5.000e-04,22,1,0,36,3509,ln32_s2.0_seed1,0.000e+00,0.000e+00,0,0,fast,767.784,0.000278331,70.42,40,1,0,1,1,ln32_s2.0_seed1_L1_mant_lo_b22_S36_t0,colored,1,2.0,4774.934,5591.136,6261.523,0.0705,0.0705,ok,39,e,0,1.000e-13
8.401927e-14,0.000000e+00,8.401927e-14,0.000000e+00,0.000000e+00,32,mant_lo,benign,-1,1.902e-16,1.902e-16,-1,9.918e-09,9.918e-09,-1,-1,1,none,5.000e-04,22,1,0,36,32507,ln32_s2.0_seed1,0.000e+00,0.000e+00,0,0,fast,767.784,0.000278331,70.42,40,1,0,1,1,ln32_s2.0_seed1_L1_mant_lo_b22_S36_t1,colored,1,2.0,4767.853,5563.666,6596.095,0.0327,0.0327,ok,39,e,0,1.000e-13
4.417523e-11,2.121392e-11,6.400293e-09,0.000000e+00,0.000000e+00,32,mant_hi,persistent,-1,1.902e-16,8.345e-17,-1,9.918e-09,9.918e-09,-1,-1,1,none,5.000e-04,44,1,0,4,3509,ln32_s2.0_seed1,0.000e+00,0.000e+00,0,0,fast,767.784,0.000278331,70.42,40,1,0,1,1,ln32_s2.0_seed1_L1_mant_hi_b44_S4_t0,colored,1,2.0,4727.937,5208.569,6596.498,0.0619,0.6876,ok,5,e,0,1.000e-13
6.818582e-12,4.406650e-13,7.253658e-11,0.000000e+00,0.000000e+00,32,mant_hi,persistent,-1,1.902e-16,1.462e-16,-1,9.918e-09,9.918e-09,-1,-1,1,none,5.000e-04,44,1,0,4,32507,ln32_s2.0_seed1,0.000e+00,0.000e+00,0,0,fast,767.784,0.000278331,70.42,40,1,0,1,1,ln32_s2.0_seed1_L1_mant_hi_b44_S4_t1,colored,1,2.0,4717.818,5463.572,6667.301,0.0065,0.0064,ok,5,e,0,1.000e-13
1.930491e-09,2.891931e-10,9.399066e-08,0.000000e+00,0.000000e+00,32,mant_hi,persistent,-1,1.902e-16,1.591e-16,-1,9.918e-09,9.918e-09,-1,-1,1,none,5.000e-04,44,1,0,20,3509,ln32_s2.0_seed1,0.000e+00,0.000e+00,0,0,fast,767.784,0.000278331,70.42,40,1,0,1,1,ln32_s2.0_seed1_L1_mant_hi_b44_S20_t0,colored,1,2.0,4709.026,5407.876,6296.218,0.0253,0.5267,ok,20,e,0,1.000e-13
6.870490e-10,1.340470e-11,2.159695e-09,0.000000e+00,0.000000e+00,32,mant_hi,persistent,-1,1.902e-16,1.462e-16,-1,9.918e-09,9.918e-09,-1,-1,1,none,5.000e-04,44,1,0,20,32507,ln32_s2.0_seed1,0.000e+00,0.000e+00,0,0,fast,767.784,0.000278331,70.42,40,1,0,1,1,ln32_s2.0_seed1_L1_mant_hi_b44_S20_t1,colored,1,2.0,4837.418,5648.224,6477.453,0.0005,0.0020,ok,20,e,0,1.000e-13
3.503110e-08,0.000000e+00,3.503110e-08,0.000000e+00,0.000000e+00,32,mant_hi,persistent,-1,1.902e-16,1.902e-16,-1,9.918e-09,9.918e-09,-1,-1,1,none,5.000e-04,44,1,0,36,3509,ln32_s2.0_seed1,0.000e+00,0.000e+00,0,0,fast,767.784,0.000278331,70.42,40,1,0,1,1,ln32_s2.0_seed1_L1_mant_hi_b44_S36_t0,colored,1,2.0,4806.725,5493.832,6677.226,0.1227,0.1227,ok,39,e,0,1.000e-13
2.697789e-09,0.000000e+00,2.697789e-09,0.000000e+00,0.000000e+00,32,mant_hi,persistent,-1,1.902e-16,1.902e-16,-1,9.918e-09,9.918e-09,-1,-1,1,none,5.000e-04,44,1,0,36,32507,ln32_s2.0_seed1,0.000e+00,0.000e+00,0,0,fast,767.784,0.000278331,70.42,40,1,0,1,1,ln32_s2.0_seed1_L1_mant_hi_b44_S36_t1,colored,1,2.0,4742.098,5280.831,6564.125,0.0008,0.0008,ok,39,e,0,1.000e-13
9.526753e-12,2.427187e-13,2.070145e-11,0.000000e+00,0.000000e+00,32,mant_hi,persistent,-1,1.902e-16,1.043e-16,-1,9.918e-09,9.918e-09,-1,-1,1,none,5.000e-04,32,1,0,4,3509,ln32_s2.0_seed1,0.000e+00,0.000e+00,0,0,fast,767.784,0.000278331,70.42,40,1,0,1,1,ln32_s2.0_seed1_L1_mant_hi_b32_S4_t0,colored,1,2.0,4868.690,5161.905,6026.908,0.0541,0.0635,ok,10,e,0,1.000e-13
4.635682e-12,7.733407e-14,8.613890e-12,0.000000e+00,0.000000e+00,32,mant_hi,persistent,-1,1.902e-16,1.742e-16,-1,9.918e-09,9.918e-09,-1,-1,1,none,5.000e-04,32,1,0,4,32507,ln32_s2.0_seed1,0.000e+00,0.000e+00,0,0,fast,767.784,0.000278331,70.42,40,1,0,1,1,ln32_s2.0_seed1_L1_mant_hi_b32_S4_t1,colored,1,2.0,4711.164,5532.875,6286.285,0.0436,0.0653,ok,20,e,0,1.000e-13
1.167293e-12,7.439620e-14,2.294920e-11,0.000000e+00,0.000000e+00,32,mant_hi,persistent,-1,1.902e-16,1.865e-16,-1,9.918e-09,9.918e-09,-1,-1,1,none,5.000e-04,32,1,0,20,3509,ln32_s2.0_seed1,0.000e+00,0.000e+00,0,0,fast,767.784,0.000278331,70.42,40,1,0,1,1,ln32_s2.0_seed1_L1_mant_hi_b32_S20_t0,colored,1,2.0,4824.565,5384.704,6154.559,0.0286,0.3420,ok,20,e,0,1.000e-13
5.991999e-13,4.489364e-15,6.466868e-13,0.000000e+00,0.000000e+00,32,mant_hi,persistent,-1,1.902e-16,1.559e-16,-1,9.918e-09,9.918e-09,-1,-1,1,none,5.000e-04,32,1,0,20,32507,ln32_s2.0_seed1,0.000e+00,0.000e+00,0,0,fast,767.784,0.000278331,70.42,40,1,0,1,1,ln32_s2.0_seed1_L1_mant_hi_b32_S20_t1,colored,1,2.0,4868.525,5418.721,6121.133,0.0129,0.0403,ok,20,e,0,1.000e-13
8.553343e-12,0.000000e+00,8.553343e-12,0.000000e+00,0.000000e+00,32,mant_hi,persistent,-1,1.902e-16,1.902e-16,-1,9.918e-09,9.918e-09,-1,-1,1,none,5.000e-04,32,1,0,36,3509,ln32_s2.0_seed1,0.000e+00,0.000e+00,0,0,fast,767.784,0.000278331,70.42,40,1,0,1,1,ln32_s2.0_seed1_L1_mant_hi_b32_S36_t0,colored,1,2.0,4629.607,5305.884,6041.280,0.1311,0.1311,ok,39,e,0,1.000e-13
6.802304e-13,0.000000e+00,6.802304e-13,0.000000e+00,0.000000e+00,32,mant_hi,persistent,-1,1.902e-16,1.902e-16,-1,9.918e-09,9.918e-09,-1,-1,1,none,5.000e-04,32,1,0,36,32507,ln32_s2.0_seed1,0.000e+00,0.000e+00,0,0,fast,767.784,0.000278331,70.42,40,1,0,1,1,ln32_s2.0_seed1_L1_mant_hi_b32_S36_t1,colored,1,2.0,5189.517,5831.434,6470.041,0.0112,0.0112,ok,39,e,0,1.000e-13
1.313038e-08,6.324705e-09,1.908273e-06,0.000000e+00,0.000000e+00,32,exp,persistent,-1,1.902e-16,1.716e-16,-1,9.918e-09,9.918e-09,-1,-1,1,none,5.000e-04,58,1,0,4,3509,ln32_s2.0_seed1,0.000e+00,0.000e+00,0,0,fast,767.784,0.000278331,70.42,40,1,0,1,1,ln32_s2.0_seed1_L1_exp_b58_S4_t0,colored,1,2.0,4801.199,5698.331,6445.432,0.0619,0.6862,ok,5,e,0,1.000e-13
3.319739e-09,2.138438e-10,3.524667e-08,0.000000e+00,0.000000e+00,32,exp,persistent,-1,1.902e-16,1.103e-16,-1,9.918e-09,9.918e-09,-1,-1,1,none,5.000e-04,58,1,0,4,32507,ln32_s2.0_seed1,0.000e+00,0.000e+00,0,0,fast,767.784,0.000278331,70.42,40,1,0,1,1,ln32_s2.0_seed1_L1_exp_b58_S4_t1,colored,1,2.0,4639.222,5278.588,6412.679,0.0006,0.0031,ok,5,e,0,1.000e-13
7.922978e-07,1.186886e-07,3.857497e-05,0.000000e+00,0.000000e+00,32,exp,persistent,-1,1.902e-16,1.986e-16,-1,9.918e-09,9.918e-09,-1,-1,1,none,5.000e-04,58,1,0,20,3509,ln32_s2.0_seed1,0.000e+00,0.000e+00,0,0,fast,767.784,0.000278331,70.42,40,1,0,1,1,ln32_s2.0_seed1_L1_exp_b58_S20_t0,colored,1,2.0,4945.001,5241.553,6124.770,0.0253,0.5266,ok,20,e,0,1.000e-13
1.963978e-07,3.831831e-09,6.173651e-07,0.000000e+00,0.000000e+00,32,exp,persistent,-1,1.902e-16,1.942e-16,-1,9.918e-09,9.918e-09,-1,-1,1,none,5.000e-04,58,1,0,20,32507,ln32_s2.0_seed1,0.000e+00,0.000e+00,0,0,fast,767.784,0.000278331,70.42,40,1,0,1,1,ln32_s2.0_seed1_L1_exp_b58_S20_t1,colored,1,2.0,4900.906,5330.673,6038.430,0.0005,0.0020,ok,20,e,0,1.000e-13
1.335354e-05,0.000000e+00,1.335354e-05,0.000000e+00,0.000000e+00,32,exp,persistent,-1,1.902e-16,1.902e-16,-1,9.918e-09,9.918e-09,-1,-1,1,none,5.000e-04,58,1,0,36,3509,ln32_s2.0_seed1,0.000e+00,0.000e+00,0,0,fast,767.784,0.000278331,70.42,40,1,0,1,1,ln32_s2.0_seed1_L1_exp_b58_S36_t0,colored,1,2.0,5073.533,5377.464,6177.037,0.1227,0.1227,ok,39,e,0,1.000e-13
7.557673e-07,0.000000e+00,7.557673e-07,0.000000e+00,0.000000e+00,32,exp,persistent,-1,1.902e-16,1.902e-16,-1,9.918e-09,9.918e-09,-1,-1,1,none,5.000e-04,58,1,0,36,32507,ln32_s2.0_seed1,0.000e+00,0.000e+00,0,0,fast,767.784,0.000278331,70.42,40,1,0,1,1,ln32_s2.0_seed1_L1_exp_b58_S36_t1,colored,1,2.0,4660.146,6006.843,6367.289,0.0008,0.0008,ok,39,e,0,1.000e-13
1.230983e-08,5.929412e-09,1.789005e-06,0.000000e+00,0.000000e+00,32,exp,persistent,-1,1.902e-16,1.865e-16,-1,9.918e-09,9.918e-09,-1,-1,1,none,5.000e-04,54,1,0,4,3509,ln32_s2.0_seed1,0.000e+00,0.000e+00,0,0,fast,767.784,0.000278331,70.42,40,1,0,1,1,ln32_s2.0_seed1_L1_exp_b54_S4_t0,colored,1,2.0,4494.341,5546.152,6591.558,0.0619,0.6863,ok,5,e,0,1.000e-13
4.979605e-08,3.207657e-09,5.287001e-07,0.000000e+00,0.000000e+00,32,exp,persistent,-1,1.902e-16,1.071e-16,-1,9.918e-09,9.918e-09,-1,-1,1,none,5.000e-04,54,1,0,4,32507,ln32_s2.0_seed1,0.000e+00,0.000e+00,0,0,fast,767.784,0.000278331,70.42,40,1,0,1,1,ln32_s2.0_seed1_L1_exp_b54_S4_t1,colored,1,2.0,4885.278,5490.156,6391.262,0.0006,0.0031,ok,5,e,0,1.000e-13
1.188447e-05,1.780329e-06,5.786246e-04,0.000000e+00,0.000000e+00,32,exp,persistent,-1,1.902e-16,1.462e-16,-1,9.918e-09,9.918e-09,-1,-1,1,none,5.000e-04,54,1,0,20,3509,ln32_s2.0_seed1,0.000e+00,0.000e+00,0,0,fast,767.784,0.000278331,70.42,40,1,0,1,1,ln32_s2.0_seed1_L1_exp_b54_S20_t0,colored,1,2.0,4693.150,5316.798,6266.863,0.0253,0.5266,ok,20,e,0,1.000e-13
2.945967e-06,5.747747e-08,9.260476e-06,0.000000e+00,0.000000e+00,32,exp,persistent,-1,1.902e-16,1.559e-16,-1,9.918e-09,9.918e-09,-1,-1,1,none,5.000e-04,54,1,0,20,32507,ln32_s2.0_seed1,0.000e+00,0.000e+00,0,0,fast,767.784,0.000278331,70.42,40,1,0,1,1,ln32_s2.0_seed1_L1_exp_b54_S20_t1,colored,1,2.0,5047.334,5618.035,6667.786,0.0005,0.0020,ok,20,e,0,1.000e-13
2.003030e-04,0.000000e+00,2.003030e-04,0.000000e+00,0.000000e+00,32,exp,persistent,-1,1.902e-16,1.902e-16,-1,9.918e-09,9.918e-09,-1,-1,1,none,5.000e-04,54,1,0,36,3509,ln32_s2.0_seed1,0.000e+00,0.000e+00,0,0,fast,767.784,0.000278331,70.42,40,1,0,1,1,ln32_s2.0_seed1_L1_exp_b54_S36_t0,colored,1,2.0,4746.047,5221.603,6594.958,0.1227,0.1227,ok,39,e,0,1.000e-13
1.133651e-05,0.000000e+00,1.133651e-05,0.000000e+00,0.000000e+00,32,exp,persistent,-1,1.902e-16,1.902e-16,-1,9.918e-09,9.918e-09,-1,-1,1,none,5.000e-04,54,1,0,36,32507,ln32_s2.0_seed1,0.000e+00,0.000e+00,0,0,fast,767.784,0.000278331,70.42,40,1,0,1,1,ln32_s2.0_seed1_L1_exp_b54_S36_t1,colored,1,2.0,4796.452,5810.306,6475.561,0.0008,0.0008,ok,39,e,0,1.000e-13
2.626073e-08,1.264941e-08,3.816545e-06,0.000000e+00,0.000000e+00,32,sign,persistent,-1,1.902e-16,1.220e-16,-1,9.918e-09,9.918e-09,-1,-1,1,none,5.000e-04,63,1,0,4,3509,ln32_s2.0_seed1,0.000e+00,0.000e+00,0,0,fast,767.784,0.000278331,70.42,40,1,0,1,1,ln32_s2.0_seed1_L1_sign_b63_S4_t0,colored,1,2.0,5067.981,5697.847,6319.913,0.0619,0.6862,ok,5,e,0,1.000e-13
6.639474e-09,4.276876e-10,7.049335e-08,0.000000e+00,0.000000e+00,32,sign,persistent,-1,1.902e-16,1.548e-16,-1,9.918e-09,9.918e-09,-1,-1,1,none,5.000e-04,63,1,0,4,32507,ln32_s2.0_seed1,0.000e+00,0.000e+00,0,0,fast,767.784,0.000278331,70.42,40,1,0,1,1,ln32_s2.0_seed1_L1_sign_b63_S4_t1,colored,1,2.0,5015.532,5794.110,6492.737,0.0006,0.0031,ok,5,e,0,1.000e-13
1.584596e-06,2.373772e-07,7.714995e-05,0.000000e+00,0.000000e+00,32,sign,persistent,-1,1.902e-16,1.462e-16,-1,9.918e-09,9.918e-09,-1,-1,1,none,5.000e-04,63,1,0,20,3509,ln32_s2.0_seed1,0.000e+00,0.000e+00,0,0,fast,767.784,0.000278331,70.42,40,1,0,1,1,ln32_s2.0_seed1_L1_sign_b63_S20_t0,colored,1,2.0,4903.428,5641.191,6654.415,0.0253,0.5267,ok,20,e,0,1.000e-13
3.927956e-07,7.663662e-09,1.234730e-06,0.000000e+00,0.000000e+00,32,sign,persistent,-1,1.902e-16,1.462e-16,-1,9.918e-09,9.918e-09,-1,-1,1,none,5.000e-04,63,1,0,20,32507,ln32_s2.0_seed1,0.000e+00,0.000e+00,0,0,fast,767.784,0.000278331,70.42,40,1,0,1,1,ln32_s2.0_seed1_L1_sign_b63_S20_t1,colored,1,2.0,5017.555,5616.410,6588.357,0.0005,0.0020,ok,20,e,0,1.000e-13
2.670708e-05,0.000000e+00,2.670708e-05,0.000000e+00,0.000000e+00,32,sign,persistent,-1,1.902e-16,1.902e-16,-1,9.918e-09,9.918e-09,-1,-1,1,none,5.000e-04,63,1,0,36,3509,ln32_s2.0_seed1,0.000e+00,0.000e+00,0,0,fast,767.784,0.000278331,70.42,40,1,0,1,1,ln32_s2.0_seed1_L1_sign_b63_S36_t0,colored,1,2.0,4815.513,6127.629,6449.461,0.1227,0.1227,ok,39,e,0,1.000e-13
1.511535e-06,0.000000e+00,1.511535e-06,0.000000e+00,0.000000e+00,32,sign,persistent,-1,1.902e-16,1.902e-16,-1,9.918e-09,9.918e-09,-1,-1,1,none,5.000e-04,63,1,0,36,32507,ln32_s2.0_seed1,0.000e+00,0.000e+00,0,0,fast,767.784,0.000278331,70.42,40,1,0,1,1,ln32_s2.0_seed1_L1_sign_b63_S36_t1,colored,1,2.0,4894.637,5576.822,6321.993,0.0008,0.0008,ok,39,e,0,1.000e-13
2.626073e-08,1.264941e-08,3.816545e-06,0.000000e+00,0.000000e+00,32,sign,persistent,-1,1.902e-16,1.220e-16,-1,9.918e-09,9.918e-09,-1,-1,1,none,5.000e-04,63,1,0,4,3509,ln32_s2.0_seed1,0.000e+00,0.000e+00,0,0,fast,767.784,0.000278331,70.42,40,1,0,1,1,ln32_s2.0_seed1_L1_sign_b63_S4_t0,colored,1,2.0,5146.395,5741.999,6244.275,0.0619,0.6862,ok,5,e,0,1.000e-13
6.639474e-09,4.276876e-10,7.049335e-08,0.000000e+00,0.000000e+00,32,sign,persistent,-1,1.902e-16,1.548e-16,-1,9.918e-09,9.918e-09,-1,-1,1,none,5.000e-04,63,1,0,4,32507,ln32_s2.0_seed1,0.000e+00,0.000e+00,0,0,fast,767.784,0.000278331,70.42,40,1,0,1,1,ln32_s2.0_seed1_L1_sign_b63_S4_t1,colored,1,2.0,4878.311,5840.620,6562.188,0.0006,0.0031,ok,5,e,0,1.000e-13
1.584596e-06,2.373772e-07,7.714995e-05,0.000000e+00,0.000000e+00,32,sign,persistent,-1,1.902e-16,1.462e-16,-1,9.918e-09,9.918e-09,-1,-1,1,none,5.000e-04,63,1,0,20,3509,ln32_s2.0_seed1,0.000e+00,0.000e+00,0,0,fast,767.784,0.000278331,70.42,40,1,0,1,1,ln32_s2.0_seed1_L1_sign_b63_S20_t0,colored,1,2.0,4878.046,5299.679,6549.813,0.0253,0.5267,ok,20,e,0,1.000e-13
3.927956e-07,7.663662e-09,1.234730e-06,0.000000e+00,0.000000e+00,32,sign,persistent,-1,1.902e-16,1.462e-16,-1,9.918e-09,9.918e-09,-1,-1,1,none,5.000e-04,63,1,0,20,32507,ln32_s2.0_seed1,0.000e+00,0.000e+00,0,0,fast,767.784,0.000278331,70.42,40,1,0,1,1,ln32_s2.0_seed1_L1_sign_b63_S20_t1,colored,1,2.0,4960.311,5557.859,6310.402,0.0005,0.0020,ok,20,e,0,1.000e-13
2.670708e-05,0.000000e+00,2.670708e-05,0.000000e+00,0.000000e+00,32,sign,persistent,-1,1.902e-16,1.902e-16,-1,9.918e-09,9.918e-09,-1,-1,1,none,5.000e-04,63,1,0,36,3509,ln32_s2.0_seed1,0.000e+00,0.000e+00,0,0,fast,767.784,0.000278331,70.42,40,1,0,1,1,ln32_s2.0_seed1_L1_sign_b63_S36_t0,colored,1,2.0,4999.256,5788.600,6490.131,0.1227,0.1227,ok,39,e,0,1.000e-13
1.511535e-06,0.000000e+00,1.511535e-06,0.000000e+00,0.000000e+00,32,sign,persistent,-1,1.902e-16,1.902e-16,-1,9.918e-09,9.918e-09,-1,-1,1,none,5.000e-04,63,1,0,36,32507,ln32_s2.0_seed1,0.000e+00,0.000e+00,0,0,fast,767.784,0.000278331,70.42,40,1,0,1,1,ln32_s2.0_seed1_L1_sign_b63_S36_t1,colored,1,2.0,4751.492,5456.577,6197.592,0.0008,0.0008,ok,39,e,0,1.000e-13
3.518366e-12,8.974157e-14,9.064631e-12,0.000000e+00,0.000000e+00,32,mant_lo,persistent,-1,1.902e-16,1.071e-16,-1,9.918e-09,9.918e-09,-1,-1,1,none,5.000e-04,6,2,0,4,6445,ln32_s2.0_seed1,0.000e+00,0.000e+00,0,0,fast,767.784,0.000278331,70.42,40,1,0,1,1,ln32_s2.0_seed1_L2_mant_lo_b6_S4_t0,colored,1,2.0,4819.755,5917.677,6475.584,0.0272,0.0640,ok,15,e,0,1.000e-13
2.845706e-12,8.309361e-14,8.987156e-12,0.000000e+00,0.000000e+00,32,mant_lo,persistent,-1,1.902e-16,1.043e-16,-1,9.918e-09,9.918e-09,-1,-1,1,none,5.000e-04,6,2,0,4,19847,ln32_s2.0_seed1,0.000e+00,0.000e+00,0,0,fast,767.784,0.000278331,70.42,40,1,0,1,1,ln32_s2.0_seed1_L2_mant_lo_b6_S4_t1,colored,1,2.0,4949.566,5647.279,6670.784,0.0341,0.0636,ok,10,e,0,1.000e-13
1.048214e-12,8.637910e-15,1.344636e-12,0.000000e+00,0.000000e+00,32,mant_lo,persistent,-1,1.902e-16,1.742e-16,-1,9.918e-09,9.918e-09,-1,-1,1,none,5.000e-04,6,2,0,20,6445,ln32_s2.0_seed1,0.000e+00,0.000e+00,0,0,fast,767.784,0.000278331,70.42,40,1,0,1,1,ln32_s2.0_seed1_L2_mant_lo_b6_S20_t0,colored,1,2.0,5007.112,5355.977,6581.193,0.0363,0.0555,ok,30,e,0,1.000e-13
1.646545e-12,1.449843e-14,2.280103e-12,0.000000e+00,0.000000e+00,32,mant_lo,persistent,-1,1.902e-16,1.559e-16,-1,9.918e-09,9.918e-09,-1,-1,1,none,5.000e-04,6,2,0,20,19847,ln32_s2.0_seed1,0.000e+00,0.000e+00,0,0,fast,767.784,0.000278331,70.42,40,1,0,1,1,ln32_s2.0_seed1_L2_mant_lo_b6_S20_t1,colored,1,2.0,4995.077,5717.843,6378.832,0.0440,0.0601,ok,30,e,0,1.000e-13
9.096315e-14,0.000000e+00,9.096315e-14,0.000000e+00,0.000000e+00,32,mant_lo,benign,-1,1.902e-16,1.902e-16,-1,9.918e-09,9.918e-09,-1,-1,1,none,5.000e-04,6,2,0,36,6445,ln32_s2.0_seed1,0.000e+00,0.000e+00,0,0,fast,767.784,0.000278331,70.42,40,1,0,1,1,ln32_s2.0_seed1_L2_mant_lo_b6_S36_t0,colored,1,2.0,4808.158,6012.116,6554.098,0.0219,0.0219,ok,39,e,0,1.000e-13
9.477790e-14,0.000000e+00,9.477790e-14,0.000000e+00,0.000000e+00,32,mant_lo,benign,-1,1.902e-16,1.902e-16,-1,9.918e-09,9.918e-09,-1,-1,1,none,5.000e-04,6,2,0,36,19847,ln32_s2.0_seed1,0.000e+00,0.000e+00,0,0,fast,767.784,0.000278331,70.42,40,1,0,1,1,ln32_s2.0_seed1_L2_mant_lo_b6_S36_t1,colored,1,2.0,4945.213,5548.434,6638.210,0.0393,0.0393,ok,39,e,0,1.000e-13
3.250211e-12,9.041100e-14,1.157515e-11,0.000000e+00,0.000000e+00,32,mant_lo,persistent,-1,1.902e-16,1.324e-16,-1,9.918e-09,9.918e-09,-1,-1,1,none,5.000e-04,21,2,0,4,6445,ln32_s2.0_seed1,0.000e+00,0.000e+00,0,0,fast,767.784,0.000278331,70.42,40,1,0,1,1,ln32_s2.0_seed1_L2_mant_lo_b21_S4_t0,colored,1,2.0,4869.010,5670.037,6379.314,0.0336,0.0649,ok,15,e,0,1.000e-13
4.555943e-12,7.395379e-14,5.477713e-12,0.000000e+00,0.000000e+00,32,mant_lo,persistent,-1,1.902e-16,2.143e-16,-1,9.918e-09,9.918e-09,-1,-1,1,none,5.000e-04,21,2,0,4,19847,ln32_s2.0_seed1,0.000e+00,0.000e+00,0,0,fast,767.784,0.000278331,70.42,40,1,0,1,1,ln32_s2.0_seed1_L2_mant_lo_b21_S4_t1,colored,1,2.0,4986.824,5724.452,6407.285,0.0173,0.0592,ok,5,e,0,1.000e-13
1.399594e-12,1.153499e-14,1.546678e-12,0.000000e+00,0.000000e+00,32,mant_lo,persistent,-1,1.902e-16,1.462e-16,-1,9.918e-09,9.918e-09,-1,-1,1,none,5.000e-04,21,2,0,20,6445,ln32_s2.0_seed1,0.000e+00,0.000e+00,0,0,fast,767.784,0.000278331,70.42,40,1,0,1,1,ln32_s2.0_seed1_L2_mant_lo_b21_S20_t0,colored,1,2.0,4896.153,6154.785,6544.158,0.0497,0.0555,ok,35,e,0,1.000e-13
7.539028e-13,5.747619e-15,1.060387e-12,0.000000e+00,0.000000e+00,32,mant_lo,persistent,-1,1.902e-16,1.831e-16,-1,9.918e-09,9.918e-09,-1,-1,1,none,5.000e-04,21,2,0,20,19847,ln32_s2.0_seed1,0.000e+00,0.000e+00,0,0,fast,767.784,0.000278331,70.42,40,1,0,1,1,ln32_s2.0_seed1_L2_mant_lo_b21_S20_t1,colored,1,2.0,4936.797,5348.004,6550.461,0.0441,0.0602,ok,25,e,0,1.000e-13
1.460037e-13,0.000000e+00,1.460037e-13,0.000000e+00,0.000000e+00,32,mant_lo,persistent,-1,1.902e-16,1.902e-16,-1,9.918e-09,9.918e-09,-1,-1,1,none,5.000e-04,21,2,0,36,6445,ln32_s2.0_seed1,0.000e+00,0.000e+00,0,0,fast,767.784,0.000278331,70.42,40,1,0,1,1,ln32_s2.0_seed1_L2_mant_lo_b21_S36_t0,colored,1,2.0,4891.139,5496.271,6549.049,0.0364,0.0364,ok,39,e,0,1.000e-13
3.310630e-13,0.000000e+00,3.310630e-13,0.000000e+00,0.000000e+00,32,mant_lo,persistent,-1,1.902e-16,2.060e-16,-1,9.918e-09,9.918e-09,-1,-1,1,none,5.000e-04,21,2,0,36,19847,ln32_s2.0_seed1,0.000e+00,0.000e+00,0,0,fast,767.784,0.000278331,70.42,40,1,0,1,1,ln32_s2.0_seed1_L2_mant_lo_b21_S36_t1,colored,1,2.0,4853.562,5704.074,6371.365,0.0416,0.0416,ok,39,e,0,1.000e-13
1.967612e-11,9.150023e-12,2.958304e-09,0.000000e+00,0.000000e+00,32,mant_hi,persistent,-1,1.902e-16,6.198e-11,-1,9.918e-09,4.332e-08,-1,-1,1,none,5.000e-04,46,2,0,4,6445,ln32_s2.0_seed1,0.000e+00,0.000e+00,0,0,fast,767.784,0.000278331,70.42,40,1,0,1,1,ln32_s2.0_seed1_L2_mant_hi_b46_S4_t0,colored,1,2.0,5116.699,5853.948,6551.146,0.0306,0.6695,ok,5,e,0,1.000e-13
3.524208e-09,6.494552e-10,1.913751e-07,0.000000e+00,0.000000e+00,32,mant_hi,persistent,4,1.902e-16,1.983e-09,4,9.918e-09,1.350e-06,-1,-1,1,D1+D2,5.000e-04,46,2,0,4,19847,ln32_s2.0_seed1,0.000e+00,0.000e+00,0,0,fast,767.784,0.000278331,70.42,40,1,0,1,1,ln32_s2.0_seed1_L2_mant_hi_b46_S4_t1,colored,1,2.0,4936.540,5650.329,6433.745,0.0154,0.7029,ok,5,e,0,1.000e-13
1.387148e-09,6.342547e-10,2.394927e-07,0.000000e+00,0.000000e+00,32,mant_hi,persistent,20,1.902e-16,6.575e-10,-1,9.918e-09,5.556e-07,-1,-1,1,D1,5.000e-04,46,2,0,20,6445,ln32_s2.0_seed1,0.000e+00,0.000e+00,0,0,fast,767.784,0.000278331,70.42,40,1,0,1,1,ln32_s2.0_seed1_L2_mant_hi_b46_S20_t0,colored,1,2.0,4968.972,5468.258,6329.331,0.0093,0.4548,ok,20,e,0,1.000e-13
4.834651e-08,8.102505e-09,2.941333e-06,0.000000e+00,0.000000e+00,32,mant_hi,persistent,20,1.902e-16,5.260e-09,20,9.918e-09,4.444e-06,-1,-1,1,D1+D2,5.000e-04,46,2,0,20,19847,ln32_s2.0_seed1,0.000e+00,0.000e+00,0,0,fast,767.784,0.000278331,70.42,40,1,0,1,1,ln32_s2.0_seed1_L2_mant_hi_b46_S20_t1,colored,1,2.0,4901.493,5952.918,6586.223,0.0034,0.5467,ok,20,e,0,1.000e-13
2.427090e-08,0.000000e+00,2.427090e-08,0.000000e+00,0.000000e+00,32,mant_hi,persistent,36,1.902e-16,9.874e-10,-1,9.918e-09,8.576e-07,-1,-1,1,D1,5.000e-04,46,2,0,36,6445,ln32_s2.0_seed1,0.000e+00,0.000e+00,0,0,fast,767.784,0.000278331,70.42,40,1,0,1,1,ln32_s2.0_seed1_L2_mant_hi_b46_S36_t0,colored,1,2.0,5106.002,5562.697,6216.996,0.0761,0.0761,ok,39,e,0,1.000e-13
4.082454e-07,0.000000e+00,4.082454e-07,0.000000e+00,0.000000e+00,32,mant_hi,persistent,36,1.902e-16,7.899e-09,36,9.918e-09,6.860e-06,-1,-1,1,D1+D2,5.000e-04,46,2,0,36,19847,ln32_s2.0_seed1,0.000e+00,0.000e+00,0,0,fast,767.784,0.000278331,70.42,40,1,0,1,1,ln32_s2.0_seed1_L2_mant_hi_b46_S36_t1,colored,1,2.0,4848.836,5602.648,6479.093,0.0844,0.0844,ok,39,e,0,1.000e-13
6.214027e-12,1.326400e-13,1.270236e-11,0.000000e+00,0.000000e+00,32,mant_hi,persistent,-1,1.902e-16,7.580e-15,-1,9.918e-09,9.918e-09,-1,-1,1,none,5.000e-04,33,2,0,4,6445,ln32_s2.0_seed1,0.000e+00,0.000e+00,0,0,fast,767.784,0.000278331,70.42,40,1,0,1,1,ln32_s2.0_seed1_L2_mant_hi_b33_S4_t0,colored,1,2.0,4929.173,5565.443,6371.916,0.0359,0.0653,ok,15,e,0,1.000e-13
2.470202e-12,1.147619e-13,2.337187e-11,0.000000e+00,0.000000e+00,32,mant_hi,persistent,-1,1.902e-16,2.421e-13,-1,9.918e-09,9.918e-09,-1,-1,1,none,5.000e-04,33,2,0,4,19847,ln32_s2.0_seed1,0.000e+00,0.000e+00,0,0,fast,767.784,0.000278331,70.42,40,1,0,1,1,ln32_s2.0_seed1_L2_mant_hi_b33_S4_t1,colored,1,2.0,4966.840,5708.378,6335.353,0.0203,0.3404,ok,5,e,0,1.000e-13
3.685042e-13,7.963462e-14,2.923497e-11,0.000000e+00,0.000000e+00,32,mant_hi,persistent,-1,1.902e-16,8.030e-14,-1,9.918e-09,9.918e-09,-1,-1,1,none,5.000e-04,33,2,0,20,6445,ln32_s2.0_seed1,0.000e+00,0.000e+00,0,0,fast,767.784,0.000278331,70.42,40,1,0,1,1,ln32_s2.0_seed1_L2_mant_hi_b33_S20_t0,colored,1,2.0,4782.792,5696.523,6510.532,0.0093,0.3890,ok,20,e,0,1.000e-13
5.949208e-12,9.893800e-13,3.590496e-10,0.000000e+00,0.000000e+00,32,mant_hi,persistent,-1,1.902e-16,6.420e-13,-1,9.918e-09,9.918e-09,-1,-1,1,none,5.000e-04,33,2,0,20,19847,ln32_s2.0_seed1,0.000e+00,0.000e+00,0,0,fast,767.784,0.000278331,70.42,40,1,0,1,1,ln32_s2.0_seed1_L2_mant_hi_b33_S20_t1,colored,1,2.0,4893.227,5406.195,6430.839,0.0034,0.5506,ok,20,e,0,1.000e-13
2.962774e-12,0.000000e+00,2.962774e-12,0.000000e+00,0.000000e+00,32,mant_hi,persistent,-1,1.902e-16,1.205e-13,-1,9.918e-09,9.918e-09,-1,-1,1,none,5.000e-04,33,2,0,36,6445,ln32_s2.0_seed1,0.000e+00,0.000e+00,0,0,fast,767.784,0.000278331,70.42,40,1,0,1,1,ln32_s2.0_seed1_L2_mant_hi_b33_S36_t0,colored,1,2.0,4925.522,5589.033,6596.811,0.0765,0.0765,ok,39,e,0,1.000e-13
4.983470e-11,0.000000e+00,4.983470e-11,0.000000e+00,0.000000e+00,32,mant_hi,persistent,-1,1.902e-16,9.643e-13,-1,9.918e-09,9.918e-09,-1,-1,1,none,5.000e-04,33,2,0,36,19847,ln32_s2.0_seed1,0.000e+00,0.000e+00,0,0,fast,767.784,0.000278331,70.42,40,1,0,1,1,ln32_s2.0_seed1_L2_mant_hi_b33_S36_t1,colored,1,2.0,5037.287,5770.780,6278.726,0.0850,0.0850,ok,39,e,0,1.000e-13
1.292996e-09,6.969029e-10,2.258628e-07,0.000000e+00,0.000000e+00,32,exp,persistent,4,1.902e-16,4.732e-09,4,9.918e-09,3.221e-06,-1,-1,1,D1+D2,5.000e-04,59,2,0,4,6445,ln32_s2.0_seed1,0.000e+00,0.000e+00,0,0,fast,767.784,0.000278331,70.42,40,1,0,1,1,ln32_s2.0_seed1_L2_exp_b59_S4_t0,colored,1,2.0,4870.201,5688.675,6448.495,0.0306,0.6615,ok,5,e,0,1.000e-13
2.442685e-07,4.501119e-08,1.326339e-05,0.000000e+00,0.000000e+00,32,exp,persistent,4,1.902e-16,1.375e-07,4,9.918e-09,9.356e-05,-1,-1,1,D1+D2,5.000e-04,59,2,0,4,19847,ln32_s2.0_seed1,0.000e+00,0.000e+00,0,0,fast,767.784,0.000278331,70.42,40,1,0,1,1,ln32_s2.0_seed1_L2_exp_b59_S4_t1,colored,1,2.0,4938.208,5625.018,6204.728,0.0154,0.7029,ok,5,e,0,1.000e-13
1.352853e-07,6.185725e-08,2.335711e-05,0.000000e+00,0.000000e+00,32,exp,persistent,20,1.902e-16,6.412e-08,20,9.918e-09,5.418e-05,-1,-1,1,D1+D2,5.000e-04,59,2,0,20,6445,ln32_s2.0_seed1,0.000e+00,0.000e+00,0,0,fast,767.784,0.000278331,70.42,40,1,0,1,1,ln32_s2.0_seed1_L2_exp_b59_S20_t0,colored,1,2.0,5004.388,5659.452,6296.705,0.0093,0.4549,ok,20,e,0,1.000e-13
5.208195e-06,8.728529e-07,3.168589e-04,0.000000e+00,0.000000e+00,32,exp,persistent,20,1.902e-16,5.666e-07,20,9.918e-09,4.788e-04,-1,-1,1,D1+D2,5.000e-04,59,2,0,20,19847,ln32_s2.0_seed1,0.000e+00,0.000e+00,0,0,fast,767.784,0.000278331,70.42,40,1,0,1,1,ln32_s2.0_seed1_L2_exp_b59_S20_t1,colored,1,2.0,5147.687,5541.900,6370.278,0.0034,0.5467,ok,20,e,0,1.000e-13
2.385261e-06,0.000000e+00,2.385261e-06,0.000000e+00,0.000000e+00,32,exp,persistent,36,1.902e-16,9.704e-08,36,9.918e-09,8.428e-05,-1,-1,1,D1+D2,5.000e-04,59,2,0,36,6445,ln32_s2.0_seed1,0.000e+00,0.000e+00,0,0,fast,767.784,0.000278331,70.42,40,1,0,1,1,ln32_s2.0_seed1_L2_exp_b59_S36_t0,colored,1,2.0,4859.814,5747.756,6399.870,0.0761,0.0761,ok,39,e,0,1.000e-13
3.838409e-05,0.000000e+00,3.838409e-05,0.000000e+00,0.000000e+00,32,exp,persistent,36,1.902e-16,7.427e-07,36,9.918e-09,6.450e-04,-1,-1,1,D1+D2,5.000e-04,59,2,0,36,19847,ln32_s2.0_seed1,0.000e+00,0.000e+00,0,0,fast,767.784,0.000278331,70.42,40,1,0,1,1,ln32_s2.0_seed1_L2_exp_b59_S36_t1,colored,1,2.0,4972.403,5871.370,6265.216,0.0844,0.0844,ok,39,e,0,1.000e-13
1.292996e-09,6.969029e-10,2.258628e-07,0.000000e+00,0.000000e+00,32,exp,persistent,4,1.902e-16,4.732e-09,4,9.918e-09,3.221e-06,-1,-1,1,D1+D2,5.000e-04,61,2,0,4,6445,ln32_s2.0_seed1,0.000e+00,0.000e+00,0,0,fast,767.784,0.000278331,70.42,40,1,0,1,1,ln32_s2.0_seed1_L2_exp_b61_S4_t0,colored,1,2.0,5228.739,5930.333,6258.014,0.0306,0.6615,ok,5,e,0,1.000e-13
2.442685e-07,4.501119e-08,1.326339e-05,0.000000e+00,0.000000e+00,32,exp,persistent,4,1.902e-16,1.375e-07,4,9.918e-09,9.356e-05,-1,-1,1,D1+D2,5.000e-04,61,2,0,4,19847,ln32_s2.0_seed1,0.000e+00,0.000e+00,0,0,fast,767.784,0.000278331,70.42,40,1,0,1,1,ln32_s2.0_seed1_L2_exp_b61_S4_t1,colored,1,2.0,4876.758,5330.920,6307.345,0.0154,0.7029,ok,5,e,0,1.000e-13
1.352853e-07,6.185725e-08,2.335711e-05,0.000000e+00,0.000000e+00,32,exp,persistent,20,1.902e-16,6.412e-08,20,9.918e-09,5.418e-05,-1,-1,1,D1+D2,5.000e-04,61,2,0,20,6445,ln32_s2.0_seed1,0.000e+00,0.000e+00,0,0,fast,767.784,0.000278331,70.42,40,1,0,1,1,ln32_s2.0_seed1_L2_exp_b61_S20_t0,colored,1,2.0,4800.469,5957.679,6440.908,0.0093,0.4549,ok,20,e,0,1.000e-13
5.208195e-06,8.728529e-07,3.168589e-04,0.000000e+00,0.000000e+00,32,exp,persistent,20,1.902e-16,5.666e-07,20,9.918e-09,4.788e-04,-1,-1,1,D1+D2,5.000e-04,61,2,0,20,19847,ln32_s2.0_seed1,0.000e+00,0.000e+00,0,0,fast,767.784,0.000278331,70.42,40,1,0,1,1,ln32_s2.0_seed1_L2_exp_b61_S20_t1,colored,1,2.0,4867.717,5821.293,6337.329,0.0034,0.5467,ok,20,e,0,1.000e-13
2.385261e-06,0.000000e+00,2.385261e-06,0.000000e+00,0.000000e+00,32,exp,persistent,36,1.902e-16,9.704e-08,36,9.918e-09,8.428e-05,-1,-1,1,D1+D2,5.000e-04,61,2,0,36,6445,ln32_s2.0_seed1,0.000e+00,0.000e+00,0,0,fast,767.784,0.000278331,70.42,40,1,0,1,1,ln32_s2.0_seed1_L2_exp_b61_S36_t0,colored,1,2.0,5006.724,5682.867,6466.558,0.0761,0.0761,ok,39,e,0,1.000e-13
3.838409e-05,0.000000e+00,3.838409e-05,0.000000e+00,0.000000e+00,32,exp,persistent,36,1.902e-16,7.427e-07,36,9.918e-09,6.450e-04,-1,-1,1,D1+D2,5.000e-04,61,2,0,36,19847,ln32_s2.0_seed1,0.000e+00,0.000e+00,0,0,fast,767.784,0.000278331,70.42,40,1,0,1,1,ln32_s2.0_seed1_L2_exp_b61_S36_t1,colored,1,2.0,4800.374,5871.593,6460.805,0.0844,0.0844,ok,39,e,0,1.000e-13
2.586010e-09,1.393806e-09,4.517256e-07,0.000000e+00,0.000000e+00,32,sign,persistent,4,1.902e-16,9.464e-09,4,9.918e-09,6.442e-06,-1,-1,1,D1+D2,5.000e-04,63,2,0,4,6445,ln32_s2.0_seed1,0.000e+00,0.000e+00,0,0,fast,767.784,0.000278331,70.42,40,1,0,1,1,ln32_s2.0_seed1_L2_sign_b63_S4_t0,colored,1,2.0,4924.762,5640.855,6462.410,0.0306,0.6612,ok,5,e,0,1.000e-13
4.885370e-07,9.002238e-08,2.652679e-05,0.000000e+00,0.000000e+00,32,sign,persistent,4,1.902e-16,2.749e-07,4,9.918e-09,1.871e-04,-1,-1,1,D1+D2,5.000e-04,63,2,0,4,19847,ln32_s2.0_seed1,0.000e+00,0.000e+00,0,0,fast,767.784,0.000278331,70.42,40,1,0,1,1,ln32_s2.0_seed1_L2_sign_b63_S4_t1,colored,1,2.0,4787.218,5900.884,6602.851,0.0154,0.7029,ok,5,e,0,1.000e-13
2.705707e-07,1.237145e-07,4.671422e-05,0.000000e+00,0.000000e+00,32,sign,persistent,20,1.902e-16,1.282e-07,20,9.918e-09,1.084e-04,-1,-1,1,D1+D2,5.000e-04,63,2,0,20,6445,ln32_s2.0_seed1,0.000e+00,0.000e+00,0,0,fast,767.784,0.000278331,70.42,40,1,0,1,1,ln32_s2.0_seed1_L2_sign_b63_S20_t0,colored,1,2.0,5031.700,5632.619,6275.769,0.0093,0.4549,ok,20,e,0,1.000e-13
1.041639e-05,1.745706e-06,6.337178e-04,0.000000e+00,0.000000e+00,32,sign,persistent,20,1.902e-16,1.133e-06,20,9.918e-09,9.576e-04,-1,-1,1,D1+D2,5.000e-04,63,2,0,20,19847,ln32_s2.0_seed1,0.000e+00,0.000e+00,0,0,fast,767.784,0.000278331,70.42,40,1,0,1,1,ln32_s2.0_seed1_L2_sign_b63_S20_t1,colored,1,2.0,4906.045,5532.359,6613.527,0.0034,0.5467,ok,20,e,0,1.000e-13
4.770523e-06,0.000000e+00,4.770523e-06,0.000000e+00,0.000000e+00,32,sign,persistent,36,1.902e-16,1.941e-07,36,9.918e-09,1.686e-04,-1,-1,1,D1+D2,5.000e-04,63,2,0,36,6445,ln32_s2.0_seed1,0.000e+00,0.000e+00,0,0,fast,767.784,0.000278331,70.42,40,1,0,1,1,ln32_s2.0_seed1_L2_sign_b63_S36_t0,colored,1,2.0,4915.735,5627.461,6542.667,0.0761,0.0761,ok,39,e,0,1.000e-13
7.676817e-05,0.000000e+00,7.676817e-05,0.000000e+00,0.000000e+00,32,sign,persistent,36,1.902e-16,1.485e-06,36,9.918e-09,1.290e-03,-1,-1,1,D1+D2,5.000e-04,63,2,0,36,19847,ln32_s2.0_seed1,0.000e+00,0.000e+00,0,0,fast,767.784,0.000278331,70.42,40,1,0,1,1,ln32_s2.0_seed1_L2_sign_b63_S36_t1,colored,1,2.0,5002.781,5446.989,6509.531,0.0844,0.0844,ok,39,e,0,1.000e-13
2.586010e-09,1.393806e-09,4.517256e-07,0.000000e+00,0.000000e+00,32,sign,persistent,4,1.902e-16,9.464e-09,4,9.918e-09,6.442e-06,-1,-1,1,D1+D2,5.000e-04,63,2,0,4,6445,ln32_s2.0_seed1,0.000e+00,0.000e+00,0,0,fast,767.784,0.000278331,70.42,40,1,0,1,1,ln32_s2.0_seed1_L2_sign_b63_S4_t0,colored,1,2.0,4810.900,5875.780,6506.088,0.0306,0.6612,ok,5,e,0,1.000e-13
4.885370e-07,9.002238e-08,2.652679e-05,0.000000e+00,0.000000e+00,32,sign,persistent,4,1.902e-16,2.749e-07,4,9.918e-09,1.871e-04,-1,-1,1,D1+D2,5.000e-04,63,2,0,4,19847,ln32_s2.0_seed1,0.000e+00,0.000e+00,0,0,fast,767.784,0.000278331,70.42,40,1,0,1,1,ln32_s2.0_seed1_L2_sign_b63_S4_t1,colored,1,2.0,4945.964,5644.228,6379.344,0.0154,0.7029,ok,5,e,0,1.000e-13
2.705707e-07,1.237145e-07,4.671422e-05,0.000000e+00,0.000000e+00,32,sign,persistent,20,1.902e-16,1.282e-07,20,9.918e-09,1.084e-04,-1,-1,1,D1+D2,5.000e-04,63,2,0,20,6445,ln32_s2.0_seed1,0.000e+00,0.000e+00,0,0,fast,767.784,0.000278331,70.42,40,1,0,1,1,ln32_s2.0_seed1_L2_sign_b63_S20_t0,colored,1,2.0,4870.625,5467.732,6324.353,0.0093,0.4549,ok,20,e,0,1.000e-13
1.041639e-05,1.745706e-06,6.337178e-04,0.000000e+00,0.000000e+00,32,sign,persistent,20,1.902e-16,1.133e-06,20,9.918e-09,9.576e-04,-1,-1,1,D1+D2,5.000e-04,63,2,0,20,19847,ln32_s2.0_seed1,0.000e+00,0.000e+00,0,0,fast,767.784,0.000278331,70.42,40,1,0,1,1,ln32_s2.0_seed1_L2_sign_b63_S20_t1,colored,1,2.0,5208.590,5730.358,6367.896,0.0034,0.5467,ok,20,e,0,1.000e-13
4.770523e-06,0.000000e+00,4.770523e-06,0.000000e+00,0.000000e+00,32,sign,persistent,36,1.902e-16,1.941e-07,36,9.918e-09,1.686e-04,-1,-1,1,D1+D2,5.000e-04,63,2,0,36,6445,ln32_s2.0_seed1,0.000e+00,0.000e+00,0,0,fast,767.784,0.000278331,70.42,40,1,0,1,1,ln32_s2.0_seed1_L2_sign_b63_S36_t0,colored,1,2.0,5089.619,5779.937,6280.451,0.0761,0.0761,ok,39,e,0,1.000e-13
7.676817e-05,0.000000e+00,7.676817e-05,0.000000e+00,0.000000e+00,32,sign,persistent,36,1.902e-16,1.485e-06,36,9.918e-09,1.290e-03,-1,-1,1,D1+D2,5.000e-04,63,2,0,36,19847,ln32_s2.0_seed1,0.000e+00,0.000e+00,0,0,fast,767.784,0.000278331,70.42,40,1,0,1,1,ln32_s2.0_seed1_L2_sign_b63_S36_t1,colored,1,2.0,4988.066,5985.172,6357.629,0.0844,0.0844,ok,39,e,0,1.000e-13
1.014687e-10,5.896130e-12,1.055454e-09,0.000000e+00,0.000000e+00,32,mant_lo,persistent,4,1.548e-16,2.887e-08,-1,9.918e-09,9.918e-09,-1,-1,1,D1,5.000e-04,20,3,0,4,474,ln32_s2.0_seed1,0.000e+00,0.000e+00,0,1,fast,767.784,0.000278331,70.42,40,2,0,1,1,ln32_s2.0_seed1_L3_mant_lo_b20_S4_t0,colored,1,2.0,14425.735,14425.294,14453.025,0.7778,0.5501,ok,5,e,0,1.000e-13
4.884855e-12,1.171647e-13,1.219745e-11,0.000000e+00,0.000000e+00,32,mant_lo,persistent,-1,1.548e-16,6.520e-14,-1,9.918e-09,9.918e-09,-1,-1,1,none,5.000e-04,20,3,0,4,69,ln32_s2.0_seed1,0.000e+00,0.000e+00,0,0,fast,767.784,0.000278331,70.42,40,2,0,1,1,ln32_s2.0_seed1_L3_mant_lo_b20_S4_t1,colored,1,2.0,14475.610,14463.225,14394.436,0.0173,0.0650,ok,5,e,0,1.000e-13
8.028921e-10,1.238425e-11,1.863933e-09,0.000000e+00,0.000000e+00,32,mant_lo,persistent,20,1.548e-16,2.788e-08,-1,9.918e-09,9.918e-09,-1,-1,1,D1,5.000e-04,20,3,0,20,474,ln32_s2.0_seed1,0.000e+00,0.000e+00,0,0,fast,767.784,0.000278331,70.42,40,2,0,1,1,ln32_s2.0_seed1_L3_mant_lo_b20_S20_t0,colored,1,2.0,14433.355,14405.609,14420.013,0.7899,0.5115,ok,20,e,0,1.000e-13
8.566477e-14,3.521122e-15,1.148511e-12,0.000000e+00,0.000000e+00,32,mant_lo,transient,-1,1.548e-16,2.360e-11,-1,9.918e-09,9.918e-09,-1,-1,1,none,5.000e-04,20,3,0,20,69,ln32_s2.0_seed1,0.000e+00,0.000e+00,0,0,fast,767.784,0.000278331,70.42,40,2,0,1,1,ln32_s2.0_seed1_L3_mant_lo_b20_S20_t1,colored,1,2.0,14425.274,14402.730,14483.232,0.0171,0.0851,ok,20,e,0,1.000e-13
1.120815e-09,0.000000e+00,1.120815e-09,0.000000e+00,0.000000e+00,32,mant_lo,persistent,36,1.548e-16,4.702e-08,-1,9.918e-09,9.918e-09,-1,-1,1,D1,5.000e-04,20,3,0,36,474,ln32_s2.0_seed1,0.000e+00,0.000e+00,0,0,fast,767.784,0.000278331,70.42,40,2,0,1,1,ln32_s2.0_seed1_L3_mant_lo_b20_S36_t0,colored,1,2.0,14445.337,14482.449,14483.814,0.6200,0.6200,ok,39,e,0,1.000e-13
1.064916e-13,0.000000e+00,1.064916e-13,0.000000e+00,0.000000e+00,32,mant_lo,persistent,-1,1.548e-16,7.260e-11,-1,9.918e-09,9.918e-09,-1,-1,1,none,5.000e-04,20,3,0,36,69,ln32_s2.0_seed1,0.000e+00,0.000e+00,0,0,fast,767.784,0.000278331,70.42,40,2,0,1,1,ln32_s2.0_seed1_L3_mant_lo_b20_S36_t1,colored,1,2.0,14452.616,14434.810,14456.776,0.0252,0.0252,ok,39,e,0,1.000e-13
1.445635e-10,4.426675e-12,5.215363e-10,0.000000e+00,0.000000e+00,32,mant_lo,persistent,4,1.548e-16,7.291e-10,-1,9.918e-09,9.918e-09,-1,-1,1,D1,5.000e-04,15,3,0,4,474,ln32_s2.0_seed1,0.000e+00,0.000e+00,0,0,fast,767.784,0.000278331,70.42,40,2,0,1,1,ln32_s2.0_seed1_L3_mant_lo_b15_S4_t0,colored,1,2.0,14372.405,14439.402,14467.223,0.3003,0.1117,ok,5,e,0,1.000e-13
5.672005e-12,1.296500e-13,1.001568e-11,0.000000e+00,0.000000e+00,32,mant_lo,persistent,-1,1.548e-16,2.039e-15,-1,9.918e-09,9.918e-09,-1,-1,1,none,5.000e-04,15,3,0,4,69,ln32_s2.0_seed1,0.000e+00,0.000e+00,0,0,fast,767.784,0.000278331,70.42,40,2,0,1,1,ln32_s2.0_seed1_L3_mant_lo_b15_S4_t1,colored,1,2.0,14369.526,14320.983,14387.744,0.0169,0.0641,ok,10,e,0,1.000e-13
9.619603e-11,1.165658e-12,1.476852e-10,0.000000e+00,0.000000e+00,32,mant_lo,persistent,20,1.548e-16,1.041e-09,-1,9.918e-09,9.918e-09,-1,-1,1,D1,5.000e-04,15,3,0,20,474,ln32_s2.0_seed1,0.000e+00,0.000e+00,0,0,fast,767.784,0.000278331,70.42,40,2,0,1,1,ln32_s2.0_seed1_L3_mant_lo_b15_S20_t0,colored,1,2.0,14347.013,14361.543,14370.395,0.2230,0.1012,ok,20,e,0,1.000e-13
1.382448e-13,4.236498e-15,1.143238e-12,0.000000e+00,0.000000e+00,32,mant_lo,persistent,-1,1.548e-16,7.376e-13,-1,9.918e-09,9.918e-09,-1,-1,1,none,5.000e-04,15,3,0,20,69,ln32_s2.0_seed1,0.000e+00,0.000e+00,0,0,fast,767.784,0.000278331,70.42,40,2,0,1,1,ln32_s2.0_seed1_L3_mant_lo_b15_S20_t1,colored,1,2.0,14372.729,14382.627,14321.612,0.0170,0.0573,ok,20,e,0,1.000e-13
1.032877e-10,0.000000e+00,1.032877e-10,0.000000e+00,0.000000e+00,32,mant_lo,persistent,36,1.548e-16,1.601e-09,-1,9.918e-09,9.918e-09,-1,-1,1,D1,5.000e-04,15,3,0,36,474,ln32_s2.0_seed1,0.000e+00,0.000e+00,0,0,fast,767.784,0.000278331,70.42,40,2,0,1,1,ln32_s2.0_seed1_L3_mant_lo_b15_S36_t0,colored,1,2.0,14153.281,14112.360,14213.399,0.1154,0.1154,ok,39,e,0,1.000e-13
1.247744e-13,0.000000e+00,1.247744e-13,0.000000e+00,0.000000e+00,32,mant_lo,persistent,-1,1.548e-16,2.269e-12,-1,9.918e-09,9.918e-09,-1,-1,1,none,5.000e-04,15,3,0,36,69,ln32_s2.0_seed1,0.000e+00,0.000e+00,0,0,fast,767.784,0.000278331,70.42,40,2,0,1,1,ln32_s2.0_seed1_L3_mant_lo_b15_S36_t1,colored,1,2.0,14279.040,14214.865,14161.137,0.0360,0.0360,ok,39,e,0,1.000e-13
1.633978e+02,4.442512e+00,4.708470e+02,0.000000e+00,0.000000e+00,32,mant_hi,persistent,4,1.548e-16,6.533e-03,4,9.918e-09,2.510e+01,4,-1,1,D1+D2+D3,5.000e-04,40,3,0,4,474,ln32_s2.0_seed1,0.000e+00,0.000e+00,0,426,fast,767.784,0.000278331,70.42,40,2,0,1,1,ln32_s2.0_seed1_L3_mant_hi_b40_S4_t0,colored,1,2.0,14217.874,14213.336,15201.630,0.0261,0.1389,ok,5,e,0,1.000e-13
2.081317e-11,7.211540e-13,9.585039e-11,0.000000e+00,0.000000e+00,32,mant_hi,persistent,4,1.548e-16,6.832e-08,-1,9.918e-09,9.918e-09,-1,-1,1,D1,5.000e-04,40,3,0,4,69,ln32_s2.0_seed1,0.000e+00,0.000e+00,0,0,fast,767.784,0.000278331,70.42,40,2,0,1,1,ln32_s2.0_seed1_L3_mant_hi_b40_S4_t1,colored,1,2.0,14235.024,14194.510,14225.064,0.0803,0.0616,ok,5,e,0,1.000e-13
5.016402e-01,5.452008e-03,6.198614e-01,0.000000e+00,0.000000e+00,32,mant_hi,persistent,20,1.548e-16,3.405e-03,20,9.918e-09,4.916e-03,20,-1,1,D1+D2+D3,5.000e-04,40,3,0,20,474,ln32_s2.0_seed1,0.000e+00,0.000e+00,0,430,fast,767.784,0.000278331,70.42,40,2,0,1,1,ln32_s2.0_seed1_L3_mant_hi_b40_S20_t0,colored,1,2.0,14150.438,14191.510,16321.917,0.0134,0.1051,ok,20,e,0,1.000e-13
3.722067e-09,4.259334e-11,5.202084e-09,0.000000e+00,0.000000e+00,32,mant_hi,persistent,20,1.548e-16,2.122e-05,-1,9.918e-09,9.918e-09,-1,-1,1,D1,5.000e-04,40,3,0,20,69,ln32_s2.0_seed1,0.000e+00,0.000e+00,0,0,fast,767.784,0.000278331,70.42,40,2,0,1,1,ln32_s2.0_seed1_L3_mant_hi_b40_S20_t1,colored,1,2.0,14242.708,14200.777,14233.161,0.2464,0.0590,ok,20,e,0,1.000e-13
5.522599e+00,0.000000e+00,5.522599e+00,0.000000e+00,0.000000e+00,32,mant_hi,persistent,36,1.548e-16,6.402e-03,36,9.918e-09,1.010e+00,36,-1,1,D1+D2+D3,5.000e-04,40,3,0,36,474,ln32_s2.0_seed1,0.000e+00,0.000e+00,0,433,fast,767.784,0.000278331,70.42,40,2,0,1,1,ln32_s2.0_seed1_L3_mant_hi_b40_S36_t0,colored,1,2.0,14193.979,14214.004,16453.023,0.0476,0.0476,ok,39,e,0,1.000e-13
1.379769e-08,0.000000e+00,1.379769e-08,0.000000e+00,0.000000e+00,32,mant_hi,persistent,36,1.548e-16,7.032e-05,-1,9.918e-09,9.918e-09,-1,-1,1,D1,5.000e-04,40,3,0,36,69,ln32_s2.0_seed1,0.000e+00,0.000e+00,0,0,fast,767.784,0.000278331,70.42,40,2,0,1,1,ln32_s2.0_seed1_L3_mant_hi_b40_S36_t1,colored,1,2.0,14206.322,14157.638,14200.608,0.0195,0.0195,ok,39,e,0,1.000e-13
2.236043e+13,6.079761e+11,6.443857e+13,0.000000e+00,0.000000e+00,32,mant_hi,persistent,4,1.548e-16,6.534e-03,4,9.918e-09,1.017e+13,4,-1,1,D1+D2+D3,5.000e-04,49,3,0,4,474,ln32_s2.0_seed1,0.000e+00,0.000e+00,0,426,fast,767.784,0.000278331,70.42,40,2,0,1,1,ln32_s2.0_seed1_L3_mant_hi_b49_S4_t0,colored,1,2.0,14189.181,14188.829,15157.058,0.0355,0.1388,ok,5,e,0,1.000e-13
3.891199e-09,1.074048e-10,1.162955e-08,0.000000e+00,0.000000e+00,32,mant_hi,persistent,4,1.548e-16,4.298e-05,-1,9.918e-09,9.918e-09,-1,-1,1,D1,5.000e-04,49,3,0,4,69,ln32_s2.0_seed1,0.000e+00,0.000e+00,0,1,fast,767.784,0.000278331,70.42,40,2,0,1,1,ln32_s2.0_seed1_L3_mant_hi_b49_S4_t1,colored,1,2.0,14179.894,14195.378,14238.281,0.0477,0.0093,ok,5,e,0,1.000e-13
3.250235e+12,3.532547e+10,4.016270e+12,0.000000e+00,0.000000e+00,32,mant_hi,persistent,20,1.548e-16,6.535e-03,20,9.918e-09,4.794e+11,20,-1,1,D1+D2+D3,5.000e-04,49,3,0,20,474,ln32_s2.0_seed1,0.000e+00,0.000e+00,0,430,fast,767.784,0.000278331,70.42,40,2,0,1,1,ln32_s2.0_seed1_L3_mant_hi_b49_S20_t0,colored,1,2.0,14190.653,14211.245,16186.210,0.0268,0.1067,ok,20,e,0,1.000e-13
9.551826e-01,1.060826e-02,1.251381e+00,0.000000e+00,0.000000e+00,32,mant_hi,persistent,20,1.548e-16,4.791e-03,20,9.918e-09,5.885e-04,20,-1,1,D1+D2+D3,5.000e-04,49,3,0,20,69,ln32_s2.0_seed1,0.000e+00,0.000e+00,0,430,fast,767.784,0.000278331,70.42,40,2,0,1,1,ln32_s2.0_seed1_L3_mant_hi_b49_S20_t1,colored,1,2.0,14146.760,14185.489,16305.701,0.0020,0.0049,ok,20,e,0,1.000e-13
3.041770e+02,0.000000e+00,3.041770e+02,0.000000e+00,0.000000e+00,32,mant_hi,persistent,36,1.548e-16,6.537e-03,36,9.918e-09,3.405e+01,36,-1,1,D1+D2+D3,5.000e-04,49,3,0,36,474,ln32_s2.0_seed1,0.000e+00,0.000e+00,0,433,fast,767.784,0.000278331,70.42,40,2,0,1,1,ln32_s2.0_seed1_L3_mant_hi_b49_S36_t0,colored,1,2.0,14231.762,14213.205,16503.683,0.0480,0.0480,ok,39,e,0,1.000e-13
7.035196e+00,0.000000e+00,7.035196e+00,0.000000e+00,0.000000e+00,32,mant_hi,persistent,36,1.548e-16,6.075e-03,36,9.918e-09,3.224e-03,36,-1,1,D1+D2+D3,5.000e-04,49,3,0,36,69,ln32_s2.0_seed1,0.000e+00,0.000e+00,0,433,fast,767.784,0.000278331,70.42,40,2,0,1,1,ln32_s2.0_seed1_L3_mant_hi_b49_S36_t1,colored,1,2.0,14270.554,14215.750,16395.961,0.0030,0.0030,ok,39,e,0,1.000e-13
1.500330e+06,4.075483e+04,4.313776e+06,0.000000e+00,0.000000e+00,32,exp,persistent,4,1.548e-16,6.546e-03,4,9.918e-09,1.063e+06,4,-1,1,D1+D2+D3,5.000e-04,58,3,0,4,474,ln32_s2.0_seed1,0.000e+00,0.000e+00,0,426,fast,767.784,0.000278331,70.42,40,2,0,1,1,ln32_s2.0_seed1_L3_exp_b58_S4_t0,colored,1,2.0,14236.495,14204.398,15420.510,0.0371,0.1376,ok,5,e,0,1.000e-13
4.324667e-08,1.192016e-09,1.287724e-07,0.000000e+00,0.000000e+00,32,exp,persistent,4,1.548e-16,4.392e-04,-1,9.918e-09,9.918e-09,-1,-1,1,D1,5.000e-04,58,3,0,4,69,ln32_s2.0_seed1,0.000e+00,0.000e+00,0,1,fast,767.784,0.000278331,70.42,40,2,0,1,1,ln32_s2.0_seed1_L3_exp_b58_S4_t1,colored,1,2.0,14250.010,14243.769,14229.144,0.0023,0.0054,ok,5,e,0,1.000e-13
8.695849e+02,9.450699e+00,1.074466e+03,0.000000e+00,0.000000e+00,32,exp,persistent,20,1.548e-16,6.535e-03,20,9.918e-09,3.626e+01,20,-1,1,D1+D2+D3,5.000e-04,58,3,0,20,474,ln32_s2.0_seed1,0.000e+00,0.000e+00,0,430,fast,767.784,0.000278331,70.42,40,2,0,1,1,ln32_s2.0_seed1_L3_exp_b58_S20_t0,colored,1,2.0,14345.159,14077.208,16268.058,0.0125,0.1052,ok,20,e,0,1.000e-13
1.117758e+01,1.241383e-01,1.464370e+01,0.000000e+00,0.000000e+00,32,exp,persistent,20,1.548e-16,6.119e-03,20,9.918e-09,7.281e-03,20,-1,1,D1+D2+D3,5.000e-04,58,3,0,20,69,ln32_s2.0_seed1,0.000e+00,0.000e+00,0,430,fast,767.784,0.000278331,70.42,40,2,0,1,1,ln32_s2.0_seed1_L3_exp_b58_S20_t1,colored,1,2.0,14106.423,14087.086,15841.193,0.0020,0.0049,ok,20,e,0,1.000e-13
6.235763e+02,0.000000e+00,6.235763e+02,0.000000e+00,0.000000e+00,32,exp,persistent,36,1.548e-16,6.536e-03,36,9.918e-09,1.250e+01,36,-1,1,D1+D2+D3,5.000e-04,58,3,0,36,474,ln32_s2.0_seed1,0.000e+00,0.000e+00,0,433,fast,767.784,0.000278331,70.42,40,2,0,1,1,ln32_s2.0_seed1_L3_exp_b58_S36_t0,colored,1,2.0,14053.156,14487.257,16718.699,0.0462,0.0462,ok,39,e,0,1.000e-13
3.783136e+01,0.000000e+00,3.783136e+01,0.000000e+00,0.000000e+00,32,exp,persistent,36,1.548e-16,6.131e-03,36,9.918e-09,2.466e-02,36,-1,1,D1+D2+D3,5.000e-04,58,3,0,36,69,ln32_s2.0_seed1,0.000e+00,0.000e+00,0,433,fast,767.784,0.000278331,70.42,40,2,0,1,1,ln32_s2.0_seed1_L3_exp_b58_S36_t1,colored,1,2.0,14403.008,14213.903,16402.790,0.0030,0.0030,ok,39,e,0,1.000e-13
1.500330e+06,4.075483e+04,4.313776e+06,0.000000e+00,0.000000e+00,32,exp,persistent,4,1.548e-16,6.546e-03,4,9.918e-09,1.063e+06,4,-1,1,D1+D2+D3,5.000e-04,60,3,0,4,474,ln32_s2.0_seed1,0.000e+00,0.000e+00,0,426,fast,767.784,0.000278331,70.42,40,2,0,1,1,ln32_s2.0_seed1_L3_exp_b60_S4_t0,colored,1,2.0,14367.659,14338.952,15462.740,0.0371,0.1376,ok,5,e,0,1.000e-13
4.324667e-08,1.192016e-09,1.287724e-07,0.000000e+00,0.000000e+00,32,exp,persistent,4,1.548e-16,4.392e-04,-1,9.918e-09,9.918e-09,-1,-1,1,D1,5.000e-04,60,3,0,4,69,ln32_s2.0_seed1,0.000e+00,0.000e+00,0,1,fast,767.784,0.000278331,70.42,40,2,0,1,1,ln32_s2.0_seed1_L3_exp_b60_S4_t1,colored,1,2.0,14353.656,14373.470,14387.090,0.0023,0.0054,ok,5,e,0,1.000e-13
8.695849e+02,9.450699e+00,1.074466e+03,0.000000e+00,0.000000e+00,32,exp,persistent,20,1.548e-16,6.535e-03,20,9.918e-09,3.626e+01,20,-1,1,D1+D2+D3,5.000e-04,60,3,0,20,474,ln32_s2.0_seed1,0.000e+00,0.000e+00,0,430,fast,767.784,0.000278331,70.42,40,2,0,1,1,ln32_s2.0_seed1_L3_exp_b60_S20_t0,colored,1,2.0,14324.973,14353.904,16346.097,0.0125,0.1052,ok,20,e,0,1.000e-13
1.117758e+01,1.241383e-01,1.464370e+01,0.000000e+00,0.000000e+00,32,exp,persistent,20,1.548e-16,6.119e-03,20,9.918e-09,7.281e-03,20,-1,1,D1+D2+D3,5.000e-04,60,3,0,20,69,ln32_s2.0_seed1,0.000e+00,0.000e+00,0,430,fast,767.784,0.000278331,70.42,40,2,0,1,1,ln32_s2.0_seed1_L3_exp_b60_S20_t1,colored,1,2.0,14365.500,14316.257,16178.741,0.0020,0.0049,ok,20,e,0,1.000e-13
6.235763e+02,0.000000e+00,6.235763e+02,0.000000e+00,0.000000e+00,32,exp,persistent,36,1.548e-16,6.536e-03,36,9.918e-09,1.250e+01,36,-1,1,D1+D2+D3,5.000e-04,60,3,0,36,474,ln32_s2.0_seed1,0.000e+00,0.000e+00,0,433,fast,767.784,0.000278331,70.42,40,2,0,1,1,ln32_s2.0_seed1_L3_exp_b60_S36_t0,colored,1,2.0,14381.010,14345.495,16630.794,0.0462,0.0462,ok,39,e,0,1.000e-13
3.783136e+01,0.000000e+00,3.783136e+01,0.000000e+00,0.000000e+00,32,exp,persistent,36,1.548e-16,6.131e-03,36,9.918e-09,2.466e-02,36,-1,1,D1+D2+D3,5.000e-04,60,3,0,36,69,ln32_s2.0_seed1,0.000e+00,0.000e+00,0,433,fast,767.784,0.000278331,70.42,40,2,0,1,1,ln32_s2.0_seed1_L3_exp_b60_S36_t1,colored,1,2.0,14294.568,14322.688,16372.879,0.0030,0.0030,ok,39,e,0,1.000e-13
4.005883e+03,1.087409e+02,1.149595e+04,0.000000e+00,0.000000e+00,32,sign,persistent,4,1.548e-16,6.558e-03,4,9.918e-09,4.155e+03,4,-1,1,D1+D2+D3,5.000e-04,63,3,0,4,474,ln32_s2.0_seed1,0.000e+00,0.000e+00,0,426,fast,767.784,0.000278331,70.42,40,2,0,1,1,ln32_s2.0_seed1_L3_sign_b63_S4_t0,colored,1,2.0,14284.390,14340.737,15476.363,0.0494,0.1364,ok,5,e,0,1.000e-13
1.635873e-01,4.508097e-03,4.867562e-01,0.000000e+00,0.000000e+00,32,sign,persistent,4,1.548e-16,2.988e-03,4,9.918e-09,1.939e-04,4,-1,1,D1+D2+D3,5.000e-04,63,3,0,4,69,ln32_s2.0_seed1,0.000e+00,0.000e+00,0,426,fast,767.784,0.000278331,70.42,40,2,0,1,1,ln32_s2.0_seed1_L3_sign_b63_S4_t1,colored,1,2.0,14431.562,14400.814,16557.796,0.0023,0.0054,ok,5,e,0,1.000e-13
6.703362e+02,7.285134e+00,8.282602e+02,0.000000e+00,0.000000e+00,32,sign,persistent,20,1.548e-16,6.535e-03,20,9.918e-09,2.311e+01,20,-1,1,D1+D2+D3,5.000e-04,63,3,0,20,474,ln32_s2.0_seed1,0.000e+00,0.000e+00,0,430,fast,767.784,0.000278331,70.42,40,2,0,1,1,ln32_s2.0_seed1_L3_sign_b63_S20_t0,colored,1,2.0,14352.488,14422.797,16422.458,0.0129,0.1050,ok,20,e,0,1.000e-13
3.778571e+01,4.196482e-01,4.950290e+01,0.000000e+00,0.000000e+00,32,sign,persistent,20,1.548e-16,6.132e-03,20,9.918e-09,1.827e-02,20,-1,1,D1+D2+D3,5.000e-04,63,3,0,20,69,ln32_s2.0_seed1,0.000e+00,0.000e+00,0,430,fast,767.784,0.000278331,70.42,40,2,0,1,1,ln32_s2.0_seed1_L3_sign_b63_S20_t1,colored,1,2.0,14281.387,14320.959,15801.265,0.0020,0.0049,ok,20,e,0,1.000e-13
2.305249e+03,0.000000e+00,2.305249e+03,0.000000e+00,0.000000e+00,32,sign,persistent,36,1.548e-16,6.535e-03,36,9.918e-09,1.788e+01,36,-1,1,D1+D2+D3,5.000e-04,63,3,0,36,474,ln32_s2.0_seed1,0.000e+00,0.000e+00,0,433,fast,767.784,0.000278331,70.42,40,2,0,1,1,ln32_s2.0_seed1_L3_sign_b63_S36_t0,colored,1,2.0,14296.451,14298.817,16536.635,0.0477,0.0477,ok,39,e,0,1.000e-13
6.683915e+01,0.000000e+00,6.683915e+01,0.000000e+00,0.000000e+00,32,sign,persistent,36,1.548e-16,6.133e-03,36,9.918e-09,4.077e-02,36,-1,1,D1+D2+D3,5.000e-04,63,3,0,36,69,ln32_s2.0_seed1,0.000e+00,0.000e+00,0,433,fast,767.784,0.000278331,70.42,40,2,0,1,1,ln32_s2.0_seed1_L3_sign_b63_S36_t1,colored,1,2.0,14301.974,14318.391,16400.345,0.0030,0.0030,ok,39,e,0,1.000e-13
4.005883e+03,1.087409e+02,1.149595e+04,0.000000e+00,0.000000e+00,32,sign,persistent,4,1.548e-16,6.558e-03,4,9.918e-09,4.155e+03,4,-1,1,D1+D2+D3,5.000e-04,63,3,0,4,474,ln32_s2.0_seed1,0.000e+00,0.000e+00,0,426,fast,767.784,0.000278331,70.42,40,2,0,1,1,ln32_s2.0_seed1_L3_sign_b63_S4_t0,colored,1,2.0,14282.499,14278.620,15431.302,0.0494,0.1364,ok,5,e,0,1.000e-13
1.635873e-01,4.508097e-03,4.867562e-01,0.000000e+00,0.000000e+00,32,sign,persistent,4,1.548e-16,2.988e-03,4,9.918e-09,1.939e-04,4,-1,1,D1+D2+D3,5.000e-04,63,3,0,4,69,ln32_s2.0_seed1,0.000e+00,0.000e+00,0,426,fast,767.784,0.000278331,70.42,40,2,0,1,1,ln32_s2.0_seed1_L3_sign_b63_S4_t1,colored,1,2.0,14284.286,14321.033,16472.691,0.0023,0.0054,ok,5,e,0,1.000e-13
6.703362e+02,7.285134e+00,8.282602e+02,0.000000e+00,0.000000e+00,32,sign,persistent,20,1.548e-16,6.535e-03,20,9.918e-09,2.311e+01,20,-1,1,D1+D2+D3,5.000e-04,63,3,0,20,474,ln32_s2.0_seed1,0.000e+00,0.000e+00,0,430,fast,767.784,0.000278331,70.42,40,2,0,1,1,ln32_s2.0_seed1_L3_sign_b63_S20_t0,colored,1,2.0,14293.313,14285.618,16309.110,0.0129,0.1050,ok,20,e,0,1.000e-13
3.778571e+01,4.196482e-01,4.950290e+01,0.000000e+00,0.000000e+00,32,sign,persistent,20,1.548e-16,6.132e-03,20,9.918e-09,1.827e-02,20,-1,1,D1+D2+D3,5.000e-04,63,3,0,20,69,ln32_s2.0_seed1,0.000e+00,0.000e+00,0,430,fast,767.784,0.000278331,70.42,40,2,0,1,1,ln32_s2.0_seed1_L3_sign_b63_S20_t1,colored,1,2.0,14251.057,14351.254,15871.967,0.0020,0.0049,ok,20,e,0,1.000e-13
2.305249e+03,0.000000e+00,2.305249e+03,0.000000e+00,0.000000e+00,32,sign,persistent,36,1.548e-16,6.535e-03,36,9.918e-09,1.788e+01,36,-1,1,D1+D2+D3,5.000e-04,63,3,0,36,474,ln32_s2.0_seed1,0.000e+00,0.000e+00,0,433,fast,767.784,0.000278331,70.42,40,2,0,1,1,ln32_s2.0_seed1_L3_sign_b63_S36_t0,colored,1,2.0,14273.048,14292.895,16558.189,0.0477,0.0477,ok,39,e,0,1.000e-13
6.683915e+01,0.000000e+00,6.683915e+01,0.000000e+00,0.000000e+00,32,sign,persistent,36,1.548e-16,6.133e-03,36,9.918e-09,4.077e-02,36,-1,1,D1+D2+D3,5.000e-04,63,3,0,36,69,ln32_s2.0_seed1,0.000e+00,0.000e+00,0,433,fast,767.784,0.000278331,70.42,40,2,0,1,1,ln32_s2.0_seed1_L3_sign_b63_S36_t1,colored,1,2.0,14287.989,14286.467,16375.798,0.0030,0.0030,ok,39,e,0,1.000e-13
